season,match_name,fullName,overs,conceded,wickets,economyRate
2011,CSK v KKR,Iqbal Abdulla,4,26,1,6.5
2011,CSK v KKR,Yusuf Pathan,3,19,1,6.33
2011,CSK v KKR,Lakshmipathy Balaji,4,25,0,6.25
2011,CSK v KKR,Jacques Kallis,3,34,2,11.33
2011,CSK v KKR,Sarabjit Ladda,3,29,0,9.66
2011,CSK v KKR,Rajat Bhatia,3,19,0,6.33
2011,CSK v KKR,Albie Morkel,3,32,0,10.66
2011,CSK v KKR,Tim Southee,4,30,1,7.5
2011,CSK v KKR,Ravichandran Ashwin,4,26,1,6.5
2011,CSK v KKR,Suraj Randiv,4,33,1,8.25
2011,CSK v KKR,Shadab Jakati,4,26,1,6.5
2011,CSK v KKR,Suresh Raina,1,3,1,3
2011,DC v RR,Jacob Oram,2,13,0,6.5
2011,DC v RR,Amit Singh,4,35,3,8.75
2011,DC v RR,Johan Botha,4,31,0,7.75
2011,DC v RR,Siddharth Trivedi,4,15,3,3.75
2011,DC v RR,Shane Warne,4,21,2,5.25
2011,DC v RR,Ashok Menaria,1,8,0,8
2011,DC v RR,Stuart Binny,1,14,0,14
2011,DC v RR,Pragyan Ojha,3.5,44,0,11.47
2011,DC v RR,Dale Steyn,4,18,2,4.5
2011,DC v RR,Ishant Sharma,4,24,0,6
2011,DC v RR,Daniel Christian,3,25,0,8.33
2011,DC v RR,Amit Mishra,4,28,0,7
2011,Kochi v RCB,Zaheer Khan,4,28,1,7
2011,Kochi v RCB,Dirk Nannes,3,31,1,10.33
2011,Kochi v RCB,Daniel Vettori,4,17,1,4.25
2011,Kochi v RCB,Tillakaratne Dilshan,4,30,1,7.5
2011,Kochi v RCB,Abhimanyu Mithun,1,19,0,19
2011,Kochi v RCB,Virat Kohli,2,14,1,7
2011,Kochi v RCB,Asad Pathan,2,19,0,9.5
2011,Kochi v RCB,RP Singh,3,29,0,9.66
2011,Kochi v RCB,Sreesanth,3,28,1,9.33
2011,Kochi v RCB,Ravindra Jadeja,4,28,1,7
2011,Kochi v RCB,Vinay Kumar,3.4,26,1,7.09
2011,Kochi v RCB,Muttiah Muralitharan,4,27,0,6.75
2011,Kochi v RCB,Raiphi Gomez,1,20,1,20
2011,DC v MI,Harbhajan Singh,3,14,2,4.66
2011,DC v MI,Lasith Malinga,3.4,13,5,3.54
2011,DC v MI,Ali Murtaza,4,21,1,5.25
2011,DC v MI,Munaf Patel,3,20,0,6.66
2011,DC v MI,Kieron Pollard,3,18,0,6
2011,DC v MI,James Franklin,1,9,0,9
2011,DC v MI,Ashok Dinda,2,7,0,3.5
2011,DC v MI,Morne Morkel,4,29,1,7.25
2011,DC v MI,Irfan Pathan,2.5,14,0,4.94
2011,DC v MI,Umesh Yadav,2,16,0,8
2011,DC v MI,Roelof van der Merwe,4,16,0,4
2011,DC v MI,Aaron Finch,2,13,0,6.5
2011,PWI v KXIP,Alfonso Thomas,4,27,2,6.75
2011,PWI v KXIP,Shrikant Wagh,3,16,3,5.33
2011,PWI v KXIP,Wayne Parnell,4,20,1,5
2011,PWI v KXIP,Murali Kartik,1,10,0,10
2011,PWI v KXIP,Jesse Ryder,3,9,1,3
2011,PWI v KXIP,Mithun Manhas,3,14,0,4.66
2011,PWI v KXIP,Rahul Sharma,2,12,0,6
2011,PWI v KXIP,Praveen Kumar,3,28,1,9.33
2011,PWI v KXIP,Nathan Rimmington,3,19,0,6.33
2011,PWI v KXIP,Ryan McLaren,3,26,1,8.66
2011,PWI v KXIP,Piyush Chawla,1,12,0,12
2011,PWI v KXIP,Abhishek Nayar,3.1,27,1,8.52
2011,KKR v DC,Dale Steyn,4,33,1,8.25
2011,KKR v DC,Ishant Sharma,3,27,0,9
2011,KKR v DC,Daniel Christian,2,19,0,9.5
2011,KKR v DC,Amit Mishra,4,19,2,4.75
2011,KKR v DC,Pragyan Ojha,4,26,0,6.5
2011,KKR v DC,Dwaraka Ravi Teja,1,9,0,9
2011,KKR v DC,Jean-Paul Duminy,2,23,1,11.5
2011,KKR v DC,Iqbal Abdulla,4,24,3,6
2011,KKR v DC,Lakshmipathy Balaji,4,31,0,7.75
2011,KKR v DC,Yusuf Pathan,3,22,0,7.33
2011,KKR v DC,Jaydev Unadkat,4,36,2,9
2011,KKR v DC,Rajat Bhatia,4,29,2,7.25
2011,KKR v DC,Ryan ten Doeschate,1,7,0,7
2011,RR v DC,Shaun Tait,4,40,2,10
2011,RR v DC,Amit Singh,4,18,1,4.5
2011,RR v DC,Johan Botha,4,36,0,9
2011,RR v DC,Siddharth Trivedi,4,36,1,9
2011,RR v DC,Shane Warne,4,17,2,4.25
2011,RR v DC,Ashok Dinda,3.3,34,1,9.71
2011,RR v DC,Morne Morkel,4,11,1,2.75
2011,RR v DC,Irfan Pathan,3,32,1,10.66
2011,RR v DC,Roelof van der Merwe,4,41,1,10.25
2011,RR v DC,Shahbaz Nadeem,4,25,0,6.25
2011,RCB v MI,Lasith Malinga,4,32,2,8
2011,RCB v MI,Munaf Patel,3,10,0,3.33
2011,RCB v MI,Kieron Pollard,4,25,2,6.25
2011,RCB v MI,Ali Murtaza,4,26,0,6.5
2011,RCB v MI,Harbhajan Singh,4,27,0,6.75
2011,RCB v MI,James Franklin,1,9,0,9
2011,RCB v MI,Zaheer Khan,4,36,0,9
2011,RCB v MI,Daniel Vettori,4,18,0,4.5
2011,RCB v MI,Dirk Nannes,1,0,1,0
2011,RCB v MI,Abhimanyu Mithun,3,31,0,10.33
2011,RCB v MI,Virat Kohli,2,15,0,7.5
2011,RCB v MI,Tillakaratne Dilshan,1,12,0,12
2011,RCB v MI,Asad Pathan,3.3,30,0,8.57
2011,KXIP v CSK,Praveen Kumar,4,37,2,9.25
2011,KXIP v CSK,Ryan Harris,4,25,1,6.25
2011,KXIP v CSK,Ryan McLaren,4,31,0,7.75
2011,KXIP v CSK,Piyush Chawla,3,33,1,11
2011,KXIP v CSK,Abhishek Nayar,2,24,0,12
2011,KXIP v CSK,Bhargav Bhatt,3,35,0,11.66
2011,KXIP v CSK,Ravichandran Ashwin,4,37,0,9.25
2011,KXIP v CSK,Tim Southee,4,33,1,8.25
2011,KXIP v CSK,Albie Morkel,3,38,1,12.66
2011,KXIP v CSK,Suraj Randiv,4,32,1,8
2011,KXIP v CSK,Scott Styris,1,13,0,13
2011,KXIP v CSK,Shadab Jakati,2.1,28,0,12.92
2011,KXIP v CSK,Suresh Raina,1,12,0,12
2011,PWI v Kochi,Alfonso Thomas,3,31,1,10.33
2011,PWI v Kochi,Shrikant Wagh,2,10,0,5
2011,PWI v Kochi,Wayne Parnell,4,35,3,8.75
2011,PWI v Kochi,Murali Kartik,4,30,0,7.5
2011,PWI v Kochi,Rahul Sharma,4,18,1,4.5
2011,PWI v Kochi,Yuvraj Singh,1,12,0,12
2011,PWI v Kochi,Jesse Ryder,2,8,1,4
2011,PWI v Kochi,RP Singh,3,30,0,10
2011,PWI v Kochi,Sreesanth,3,21,0,7
2011,PWI v Kochi,Muttiah Muralitharan,3.5,42,1,10.95
2011,PWI v Kochi,Vinay Kumar,3,15,1,5
2011,PWI v Kochi,Ravindra Jadeja,4,28,1,7
2011,PWI v Kochi,Brad Hodge,2,14,2,7
2011,DC v RCB,Zaheer Khan,4,32,3,8
2011,DC v RCB,Johan van der Wath,4,30,1,7.5
2011,DC v RCB,Sreenath Aravind,3,26,0,8.66
2011,DC v RCB,Daniel Vettori,4,29,0,7.25
2011,DC v RCB,Ryan Ninan,3,34,1,11.33
2011,DC v RCB,Tillakaratne Dilshan,2,22,0,11
2011,DC v RCB,Dale Steyn,4,24,3,6
2011,DC v RCB,Ishant Sharma,4,21,1,5.25
2011,DC v RCB,Manpreet Gony,4,31,3,7.75
2011,DC v RCB,Daniel Christian,4,22,1,5.5
2011,DC v RCB,Amit Mishra,4,41,1,10.25
2011,RR v KKR,Brett Lee,4,29,0,7.25
2011,RR v KKR,Lakshmipathy Balaji,4,31,0,7.75
2011,RR v KKR,Jacques Kallis,4,31,0,7.75
2011,RR v KKR,Shakib Al Hasan,4,31,2,7.75
2011,RR v KKR,Rajat Bhatia,1,12,0,12
2011,RR v KKR,Iqbal Abdulla,2,14,0,7
2011,RR v KKR,Yusuf Pathan,1,4,2,4
2011,RR v KKR,Ashok Menaria,2,18,0,9
2011,RR v KKR,Amit Singh,2.3,26,0,10.4
2011,RR v KKR,Shane Watson,2,18,0,9
2011,RR v KKR,Nayan Doshi,2,23,0,11.5
2011,RR v KKR,Johan Botha,2,13,0,6.5
2011,RR v KKR,Shane Warne,4,28,0,7
2011,RR v KKR,Siddharth Trivedi,4,34,0,8.5
2011,MI v Kochi,RP Singh,4,15,0,3.75
2011,MI v Kochi,Vinay Kumar,4,48,0,12
2011,MI v Kochi,Thisara Perera,4,38,0,9.5
2011,MI v Kochi,Raiphi Gomez,3,29,1,9.66
2011,MI v Kochi,Ravindra Jadeja,4,29,0,7.25
2011,MI v Kochi,Ramesh Powar,1,12,0,12
2011,MI v Kochi,Lasith Malinga,4,42,2,10.5
2011,MI v Kochi,Munaf Patel,3,15,0,5
2011,MI v Kochi,Ali Murtaza,4,37,0,9.25
2011,MI v Kochi,Kieron Pollard,3,43,0,14.33
2011,MI v Kochi,Harbhajan Singh,4,33,0,8.25
2011,MI v Kochi,Rajagopal Sathish,1,11,0,11
2011,CSK v RCB,Zaheer Khan,4,33,1,8.25
2011,CSK v RCB,Daniel Vettori,4,23,0,5.75
2011,CSK v RCB,Johan van der Wath,4,49,2,12.25
2011,CSK v RCB,Tillakaratne Dilshan,2,21,0,10.5
2011,CSK v RCB,Ryan Ninan,3,31,2,10.33
2011,CSK v RCB,Virat Kohli,3,23,0,7.66
2011,CSK v RCB,Albie Morkel,4,34,2,8.5
2011,CSK v RCB,Tim Southee,4,32,1,8
2011,CSK v RCB,Ravichandran Ashwin,4,23,1,5.75
2011,CSK v RCB,Suraj Randiv,4,24,2,6
2011,CSK v RCB,Shadab Jakati,3,36,1,12
2011,CSK v RCB,Suresh Raina,1,10,0,10
2011,DC v KXIP,Praveen Kumar,4,29,0,7.25
2011,DC v KXIP,Ryan Harris,4,31,1,7.75
2011,DC v KXIP,Ryan McLaren,3,33,2,11
2011,DC v KXIP,Vikramjeet Malik,2,13,0,6.5
2011,DC v KXIP,Abhishek Nayar,1,10,0,10
2011,DC v KXIP,Piyush Chawla,2,17,1,8.5
2011,DC v KXIP,Paul Valthaty,4,29,4,7.25
2011,DC v KXIP,Dale Steyn,3,24,0,8
2011,DC v KXIP,Ishant Sharma,4,23,0,5.75
2011,DC v KXIP,Manpreet Gony,2,35,0,17.5
2011,DC v KXIP,Amit Mishra,4,28,2,7
2011,DC v KXIP,Daniel Christian,2.4,28,0,10.5
2011,DC v KXIP,Jean-Paul Duminy,2,21,0,10.5
2011,PWI v DC,Venugopal Rao,1,14,0,14
2011,PWI v DC,Ashok Dinda,4,42,2,10.5
2011,PWI v DC,Irfan Pathan,3,28,0,9.33
2011,PWI v DC,Umesh Yadav,4,36,0,9
2011,PWI v DC,James Hopes,4,26,1,6.5
2011,PWI v DC,Shahbaz Nadeem,4,39,2,9.75
2011,PWI v DC,Alfonso Thomas,2,22,0,11
2011,PWI v DC,Shrikant Wagh,3,38,0,12.66
2011,PWI v DC,Wayne Parnell,2,26,0,13
2011,PWI v DC,Rahul Sharma,4,29,1,7.25
2011,PWI v DC,Jesse Ryder,3.2,34,1,10.2
2011,PWI v DC,Abhishek Jhunjhunwala,1,11,0,11
2011,PWI v DC,Yuvraj Singh,4,29,4,7.25
2011,KKR v RR,Brett Lee,2.2,12,1,5.14
2011,KKR v RR,Shakib Al Hasan,4,21,2,5.25
2011,KKR v RR,Lakshmipathy Balaji,3,15,3,5
2011,KKR v RR,Iqbal Abdulla,3,18,1,6
2011,KKR v RR,Rajat Bhatia,1,4,0,4
2011,KKR v RR,Yusuf Pathan,2,10,1,5
2011,KKR v RR,Shaun Tait,3.5,29,1,7.56
2011,KKR v RR,Shane Watson,4,20,0,5
2011,KKR v RR,Shane Warne,4,17,1,4.25
2011,KKR v RR,Siddharth Trivedi,1,8,0,8
2011,KKR v RR,Amit Singh,1,7,0,7
2011,Kochi v CSK,RP Singh,4,24,1,6
2011,Kochi v CSK,Vinay Kumar,3,16,0,5.33
2011,Kochi v CSK,Thisara Perera,4,32,1,8
2011,Kochi v CSK,Ramesh Powar,3,24,0,8
2011,Kochi v CSK,Raiphi Gomez,2,20,1,10
2011,Kochi v CSK,Ravindra Jadeja,1,14,0,14
2011,Kochi v CSK,Albie Morkel,2,17,0,8.5
2011,Kochi v CSK,Doug Bollinger,3,18,1,6
2011,Kochi v CSK,Ravichandran Ashwin,4,31,2,7.75
2011,Kochi v CSK,Tim Southee,3,38,0,12.66
2011,Kochi v CSK,Shadab Jakati,3,30,0,10
2011,DC v SRH,Ashok Dinda,4,33,1,8.25
2011,DC v SRH,Irfan Pathan,4,28,1,7
2011,DC v SRH,Morne Morkel,4,31,0,7.75
2011,DC v SRH,James Hopes,4,36,1,9
2011,DC v SRH,Shahbaz Nadeem,3,24,1,8
2011,DC v SRH,Yogesh Nagar,1,13,0,13
2011,DC v SRH,Dale Steyn,4,24,0,6
2011,DC v SRH,Daniel Christian,4,38,2,9.5
2011,DC v SRH,Harmeet Singh,4,27,2,6.75
2011,DC v SRH,Pragyan Ojha,3,21,1,7
2011,DC v SRH,Amit Mishra,4,28,1,7
2011,DC v SRH,Shikhar Dhawan,1,7,1,7
2011,MI v PWI,Ali Murtaza,4,18,2,4.5
2011,MI v PWI,Lasith Malinga,4,28,2,7
2011,MI v PWI,Abu Nechim,3,13,2,4.33
2011,MI v PWI,Munaf Patel,2.2,8,3,3.42
2011,MI v PWI,Kieron Pollard,1,13,0,13
2011,MI v PWI,James Franklin,3,32,1,10.66
2011,MI v PWI,Alfonso Thomas,4,16,1,4
2011,MI v PWI,Shrikant Wagh,2,9,1,4.5
2011,MI v PWI,Murali Kartik,4,29,0,7.25
2011,MI v PWI,Wayne Parnell,4,28,0,7
2011,MI v PWI,Rahul Sharma,3,14,1,4.66
2011,MI v PWI,Jesse Ryder,2,15,0,7.5
2011,MI v PWI,Yuvraj Singh,1,5,0,5
2011,KKR v Kochi,Brett Lee,4,33,1,8.25
2011,KKR v Kochi,Lakshmipathy Balaji,4,23,0,5.75
2011,KKR v Kochi,Iqbal Abdulla,4,23,0,5.75
2011,KKR v Kochi,Shakib Al Hasan,4,28,3,7
2011,KKR v Kochi,Yusuf Pathan,4,20,3,5
2011,KKR v Kochi,RP Singh,4,25,2,6.25
2011,KKR v Kochi,Vinay Kumar,4,21,1,5.25
2011,KKR v Kochi,Ravindra Jadeja,4,25,2,6.25
2011,KKR v Kochi,Ramesh Powar,4,29,1,7.25
2011,KKR v Kochi,Muttiah Muralitharan,4,18,1,4.5
2011,KXIP v RR,Siddharth Trivedi,4,59,0,14.75
2011,KXIP v RR,Shaun Tait,4,22,3,5.5
2011,KXIP v RR,Shane Warne,4,50,1,12.5
2011,KXIP v RR,Shane Watson,4,24,2,6
2011,KXIP v RR,Stuart Binny,2,18,0,9
2011,KXIP v RR,Ashok Menaria,1,7,0,7
2011,KXIP v RR,Abhishek Raut,1,8,0,8
2011,KXIP v RR,Praveen Kumar,4,22,2,5.5
2011,KXIP v RR,Ryan Harris,4,34,1,8.5
2011,KXIP v RR,Bhargav Bhatt,3,20,2,6.66
2011,KXIP v RR,Piyush Chawla,4,24,1,6
2011,KXIP v RR,Paul Valthaty,2,19,0,9.5
2011,KXIP v RR,Ryan McLaren,2,24,1,12
2011,KXIP v RR,Abhishek Nayar,1,3,0,3
2011,KKR v RCB,Zaheer Khan,4,53,0,13.25
2011,KKR v RCB,Sreenath Aravind,3,37,2,12.33
2011,KKR v RCB,Jamaluddin Syed Mohammad,4,20,1,5
2011,KKR v RCB,Tillakaratne Dilshan,2,15,0,7.5
2011,KKR v RCB,Virat Kohli,1,9,0,9
2011,KKR v RCB,Daniel Vettori,4,28,1,7
2011,KKR v RCB,Chris Gayle,2,9,0,4.5
2011,KKR v RCB,Yusuf Pathan,3,25,0,8.33
2011,KKR v RCB,Lakshmipathy Balaji,4,43,1,10.75
2011,KKR v RCB,Jaydev Unadkat,3,24,0,8
2011,KKR v RCB,Shakib Al Hasan,2.1,29,0,13.38
2011,KKR v RCB,Rajat Bhatia,3,28,0,9.33
2011,KKR v RCB,Manoj Tiwary,1,14,0,14
2011,KKR v RCB,Iqbal Abdulla,2,12,0,6
2011,MI v CSK,Albie Morkel,4,19,1,4.75
2011,MI v CSK,Doug Bollinger,4,30,2,7.5
2011,MI v CSK,Joginder Sharma,3,34,0,11.33
2011,MI v CSK,Ravichandran Ashwin,4,26,0,6.5
2011,MI v CSK,Suraj Randiv,3,31,1,10.33
2011,MI v CSK,Suresh Raina,2,22,0,11
2011,MI v CSK,Munaf Patel,4,40,1,10
2011,MI v CSK,Lasith Malinga,4,20,2,5
2011,MI v CSK,Abu Nechim,2,19,0,9.5
2011,MI v CSK,Harbhajan Singh,4,18,5,4.5
2011,MI v CSK,Rohit Sharma,1,15,0,15
2011,MI v CSK,Kieron Pollard,4,30,1,7.5
2011,MI v CSK,Rajagopal Sathish,1,13,0,13
2011,DC v KXIP,Praveen Kumar,4,45,1,11.25
2011,DC v KXIP,Ryan Harris,4,48,0,12
2011,DC v KXIP,Shalabh Srivastava,4,46,0,11.5
2011,DC v KXIP,Abhishek Nayar,2,22,1,11
2011,DC v KXIP,Piyush Chawla,4,36,1,9
2011,DC v KXIP,Paul Valthaty,1,13,0,13
2011,DC v KXIP,David Hussey,1,19,1,19
2011,DC v KXIP,Morne Morkel,4,32,1,8
2011,DC v KXIP,Irfan Pathan,3,26,1,8.66
2011,DC v KXIP,Varun Aaron,4,36,1,9
2011,DC v KXIP,Yogesh Nagar,1,16,0,16
2011,DC v KXIP,Ajit Agarkar,4,47,2,11.75
2011,DC v KXIP,James Hopes,4,43,1,10.75
2011,DC v MI,Amit Mishra,4,14,2,3.5
2011,DC v MI,Dale Steyn,4,39,0,9.75
2011,DC v MI,Pragyan Ojha,4,29,1,7.25
2011,DC v MI,Ishant Sharma,4,39,1,9.75
2011,DC v MI,Daniel Christian,4,48,0,12
2011,DC v MI,Munaf Patel,4,35,1,8.75
2011,DC v MI,Harbhajan Singh,4,27,0,6.75
2011,DC v MI,Abu Nechim,4,27,0,6.75
2011,DC v MI,Lasith Malinga,4,9,3,2.25
2011,DC v MI,Kieron Pollard,2,20,1,10
2011,DC v MI,Rajagopal Sathish,2,12,0,6
2011,RR v Kochi,Amit Singh,4,26,1,6.5
2011,RR v Kochi,Shane Watson,4,23,0,5.75
2011,RR v Kochi,Johan Botha,4,19,1,4.75
2011,RR v Kochi,Shane Warne,4,16,3,4
2011,RR v Kochi,Siddharth Trivedi,4,19,3,4.75
2011,RR v Kochi,RP Singh,2,11,0,5.5
2011,RR v Kochi,Vinay Kumar,3,27,0,9
2011,RR v Kochi,Muttiah Muralitharan,3.1,28,0,8.84
2011,RR v Kochi,Thisara Perera,2,11,0,5.5
2011,RR v Kochi,Ravindra Jadeja,3,24,1,8
2011,RR v Kochi,Raiphi Gomez,1,9,0,9
2011,CSK v PWI,Nathan McCullum,2,12,0,6
2011,CSK v PWI,Jerome Taylor,4,30,3,7.5
2011,CSK v PWI,Alfonso Thomas,4,29,2,7.25
2011,CSK v PWI,Murali Kartik,4,29,0,7.25
2011,CSK v PWI,Rahul Sharma,4,27,1,6.75
2011,CSK v PWI,Yuvraj Singh,2,14,0,7
2011,CSK v PWI,Albie Morkel,4,29,3,7.25
2011,CSK v PWI,Doug Bollinger,4,20,2,5
2011,CSK v PWI,Ravichandran Ashwin,4,19,2,4.75
2011,CSK v PWI,Suraj Randiv,4,23,0,5.75
2011,CSK v PWI,Suresh Raina,2,11,0,5.5
2011,CSK v PWI,Shadab Jakati,2,12,0,6
2011,DC v RCB,Zaheer Khan,4,27,1,6.75
2011,DC v RCB,Sreenath Aravind,4,30,1,7.5
2011,DC v RCB,Daniel Vettori,4,25,1,6.25
2011,DC v RCB,Chris Gayle,2,20,0,10
2011,DC v RCB,Abhimanyu Mithun,4,37,2,9.25
2011,DC v RCB,Jamaluddin Syed Mohammad,2,17,0,8.5
2011,DC v RCB,Ashok Dinda,3.3,36,1,10.28
2011,DC v RCB,Irfan Pathan,3,26,0,8.66
2011,DC v RCB,Morne Morkel,4,25,3,6.25
2011,DC v RCB,Umesh Yadav,4,37,0,9.25
2011,DC v RCB,James Hopes,4,25,1,6.25
2011,DC v RCB,Yogesh Nagar,1,3,1,3
2011,PWI v CSK,Nuwan Kulasekara,3,26,1,8.66
2011,PWI v CSK,Doug Bollinger,4,21,3,5.25
2011,PWI v CSK,Tim Southee,4,33,1,8.25
2011,PWI v CSK,Ravichandran Ashwin,4,29,1,7.25
2011,PWI v CSK,Shadab Jakati,2,15,0,7.5
2011,PWI v CSK,Suresh Raina,3,16,0,5.33
2011,PWI v CSK,Alfonso Thomas,3.3,24,0,6.85
2011,PWI v CSK,Jerome Taylor,4,27,0,6.75
2011,PWI v CSK,Murali Kartik,4,27,1,6.75
2011,PWI v CSK,Mitchell Marsh,1,7,0,7
2011,PWI v CSK,Rahul Sharma,4,27,0,6.75
2011,PWI v CSK,Yuvraj Singh,1,10,0,10
2011,PWI v CSK,Jesse Ryder,2,21,1,10.5
2011,Kochi v DC,RP Singh,4,21,2,5.25
2011,Kochi v DC,Sreesanth,4,22,0,5.5
2011,Kochi v DC,Vinay Kumar,4,25,3,6.25
2011,Kochi v DC,Thisara Perera,4,30,1,7.5
2011,Kochi v DC,Raiphi Gomez,1,4,0,4
2011,Kochi v DC,Ravindra Jadeja,3,25,0,8.33
2011,Kochi v DC,Dale Steyn,3.3,16,3,4.57
2011,Kochi v DC,Ishant Sharma,3,12,5,4
2011,Kochi v DC,Daniel Christian,3,12,0,4
2011,Kochi v DC,Manpreet Gony,3,19,1,6.33
2011,Kochi v DC,Amit Mishra,4,12,1,3
2011,DC v KKR,Irfan Pathan,4,16,1,4
2011,DC v KKR,Morne Morkel,4,42,1,10.5
2011,DC v KKR,Umesh Yadav,4,29,2,7.25
2011,DC v KKR,Ajit Agarkar,4,34,1,8.5
2011,DC v KKR,James Hopes,4,25,1,6.25
2011,DC v KKR,Brett Lee,4,24,0,6
2011,DC v KKR,Lakshmipathy Balaji,4,38,2,9.5
2011,DC v KKR,Jaydev Unadkat,4,24,1,6
2011,DC v KKR,Iqbal Abdulla,4,25,3,6.25
2011,DC v KKR,Jacques Kallis,2,11,0,5.5
2011,DC v KKR,Yusuf Pathan,2,6,1,3
2011,RR v MI,Ashok Menaria,4,20,2,5
2011,RR v MI,Amit Singh,4,14,2,3.5
2011,RR v MI,Shane Watson,4,25,0,6.25
2011,RR v MI,Shane Warne,4,13,1,3.25
2011,RR v MI,Siddharth Trivedi,2,13,0,6.5
2011,RR v MI,Johan Botha,2,6,3,3
2011,RR v MI,Lasith Malinga,4,20,1,5
2011,RR v MI,Munaf Patel,4,18,2,4.5
2011,RR v MI,Ali Murtaza,4,15,0,3.75
2011,RR v MI,Harbhajan Singh,3,20,0,6.66
2011,RR v MI,Rajagopal Sathish,1.1,5,0,4.28
2011,RR v MI,Kieron Pollard,2,16,0,8
2011,RCB v PWI,Alfonso Thomas,4,23,2,5.75
2011,RCB v PWI,Jerome Taylor,4,44,1,11
2011,RCB v PWI,Kamran Khan,3,47,0,15.66
2011,RCB v PWI,Rahul Sharma,4,27,2,6.75
2011,RCB v PWI,Mithun Manhas,1,9,0,9
2011,RCB v PWI,Yuvraj Singh,2,10,0,5
2011,RCB v PWI,Jesse Ryder,2,20,0,10
2011,RCB v PWI,Zaheer Khan,4,33,1,8.25
2011,RCB v PWI,Sreenath Aravind,4,35,1,8.75
2011,RCB v PWI,Abhimanyu Mithun,4,26,0,6.5
2011,RCB v PWI,Daniel Vettori,4,23,1,5.75
2011,RCB v PWI,Chris Gayle,2,8,1,4
2011,RCB v PWI,Jamaluddin Syed Mohammad,2,26,1,13
2011,Kochi v DC,RP Singh,4,29,0,7.25
2011,Kochi v DC,Sreesanth,4,10,2,2.5
2011,Kochi v DC,Ravindra Jadeja,4,27,1,6.75
2011,Kochi v DC,Vinay Kumar,4,41,1,10.25
2011,Kochi v DC,Balachandra Akhil,2,22,0,11
2011,Kochi v DC,Ramesh Powar,2,20,1,10
2011,Kochi v DC,Irfan Pathan,4,27,2,6.75
2011,Kochi v DC,Morne Morkel,4,18,3,4.5
2011,Kochi v DC,Umesh Yadav,3,28,0,9.33
2011,Kochi v DC,Ajit Agarkar,4,23,2,5.75
2011,Kochi v DC,Roelof van der Merwe,3.5,20,3,5.21
2011,KKR v KXIP,Brett Lee,4,27,0,6.75
2011,KKR v KXIP,Lakshmipathy Balaji,3,21,0,7
2011,KKR v KXIP,Iqbal Abdulla,4,19,2,4.75
2011,KKR v KXIP,Yusuf Pathan,4,24,1,6
2011,KKR v KXIP,Rajat Bhatia,4,18,0,4.5
2011,KKR v KXIP,Manoj Tiwary,1,9,0,9
2011,KKR v KXIP,Praveen Kumar,2,14,0,7
2011,KKR v KXIP,Bhargav Bhatt,4,22,2,5.5
2011,KKR v KXIP,David Hussey,2,19,0,9.5
2011,KKR v KXIP,Ryan Harris,2,13,0,6.5
2011,KKR v KXIP,Piyush Chawla,3.2,29,0,8.7
2011,KKR v KXIP,Bipul Sharma,2,9,0,4.5
2011,KKR v KXIP,Paul Valthaty,2,13,0,6.5
2011,RR v PWI,Johan Botha,4,23,1,5.75
2011,RR v PWI,Ashok Menaria,1,10,0,10
2011,RR v PWI,Shane Watson,4,19,1,4.75
2011,RR v PWI,Amit Singh,3,29,0,9.66
2011,RR v PWI,Shane Warne,4,31,1,7.75
2011,RR v PWI,Siddharth Trivedi,4,28,2,7
2011,RR v PWI,Murali Kartik,4,41,0,10.25
2011,RR v PWI,Alfonso Thomas,4,28,1,7
2011,RR v PWI,Rahul Sharma,4,13,3,3.25
2011,RR v PWI,Jerome Taylor,3.3,22,0,6.28
2011,RR v PWI,Yuvraj Singh,1,9,0,9
2011,RR v PWI,Nathan McCullum,3,22,0,7.33
2011,CSK v DC,Jean-Paul Duminy,3,21,0,7
2011,CSK v DC,Daniel Christian,3,12,0,4
2011,CSK v DC,Ishant Sharma,4,41,0,10.25
2011,CSK v DC,Pragyan Ojha,4,26,3,6.5
2011,CSK v DC,Amit Mishra,3,34,0,11.33
2011,CSK v DC,Harmeet Singh,3,26,1,8.66
2011,CSK v DC,Albie Morkel,4,38,3,9.5
2011,CSK v DC,Doug Bollinger,4,26,2,6.5
2011,CSK v DC,Ravichandran Ashwin,4,23,0,5.75
2011,CSK v DC,Suraj Randiv,4,34,0,8.5
2011,CSK v DC,Shadab Jakati,4,23,2,5.75
2011,MI v KXIP,Bhargav Bhatt,4,26,0,6.5
2011,MI v KXIP,Praveen Kumar,3,28,0,9.33
2011,MI v KXIP,Bipul Sharma,4,22,1,5.5
2011,MI v KXIP,Ryan Harris,4,33,2,8.25
2011,MI v KXIP,Piyush Chawla,4,37,2,9.25
2011,MI v KXIP,Paul Valthaty,1,10,0,10
2011,MI v KXIP,Harbhajan Singh,4,25,2,6.25
2011,MI v KXIP,Lasith Malinga,4,19,2,4.75
2011,MI v KXIP,Abu Nechim,3,22,0,7.33
2011,MI v KXIP,Munaf Patel,4,18,2,4.5
2011,MI v KXIP,Tirumalasetti Suman,1,12,0,12
2011,MI v KXIP,Kieron Pollard,3,18,1,6
2011,MI v KXIP,Andrew Symonds,1,11,1,11
2011,DC v Kochi,RP Singh,4,28,1,7
2011,DC v Kochi,Sreesanth,4,24,1,6
2011,DC v Kochi,Prasanth Parameswaran,4,29,2,7.25
2011,DC v Kochi,Vinay Kumar,4,25,2,6.25
2011,DC v Kochi,Raiphi Gomez,2,16,0,8
2011,DC v Kochi,Ravindra Jadeja,2,16,0,8
2011,DC v Kochi,Irfan Pathan,4,38,0,9.5
2011,DC v Kochi,Morne Morkel,3,29,1,9.66
2011,DC v Kochi,Umesh Yadav,1,23,0,23
2011,DC v Kochi,Ajit Agarkar,3,18,0,6
2011,DC v Kochi,Roelof van der Merwe,3,15,1,5
2011,DC v Kochi,Yogesh Nagar,1,15,0,15
2011,DC v KKR,Daniel Christian,4,39,1,9.75
2011,DC v KKR,Dale Steyn,4,31,1,7.75
2011,DC v KKR,Ishant Sharma,4,37,0,9.25
2011,DC v KKR,Shikhar Dhawan,1,4,0,4
2011,DC v KKR,Pragyan Ojha,4,32,1,8
2011,DC v KKR,Amit Mishra,3,22,1,7.33
2011,DC v KKR,Brett Lee,4,30,1,7.5
2011,DC v KKR,Lakshmipathy Balaji,3,27,0,9
2011,DC v KKR,Iqbal Abdulla,4,34,2,8.5
2011,DC v KKR,Rajat Bhatia,4,26,2,6.5
2011,DC v KKR,Yusuf Pathan,3,19,0,6.33
2011,DC v KKR,Jacques Kallis,2,12,1,6
2011,CSK v RR,Albie Morkel,4,24,2,6
2011,CSK v RR,Doug Bollinger,4,28,0,7
2011,CSK v RR,Ravichandran Ashwin,4,36,1,9
2011,CSK v RR,Shadab Jakati,4,22,2,5.5
2011,CSK v RR,Suraj Randiv,4,32,1,8
2011,CSK v RR,Nayan Doshi,2,24,0,12
2011,CSK v RR,Johan Botha,4,22,1,5.5
2011,CSK v RR,Shane Watson,4,27,0,6.75
2011,CSK v RR,Siddharth Trivedi,3.4,37,1,10.09
2011,CSK v RR,Shane Warne,3,14,0,4.66
2011,CSK v RR,Stuart Binny,1,12,0,12
2011,CSK v RR,Ashok Menaria,1,13,0,13
2011,PWI v MI,Alfonso Thomas,4,53,1,13.25
2011,PWI v MI,Shrikant Wagh,3,22,0,7.33
2011,PWI v MI,Jerome Taylor,4,34,2,8.5
2011,PWI v MI,Yuvraj Singh,4,22,2,5.5
2011,PWI v MI,Rahul Sharma,4,7,2,1.75
2011,PWI v MI,Jesse Ryder,1,11,0,11
2011,PWI v MI,Harbhajan Singh,3,17,1,5.66
2011,PWI v MI,Munaf Patel,4,30,1,7.5
2011,PWI v MI,Dhawal Kulkarni,4,20,0,5
2011,PWI v MI,Lasith Malinga,4,25,3,6.25
2011,PWI v MI,Andrew Symonds,1,7,0,7
2011,PWI v MI,Kieron Pollard,4,36,1,9
2011,Kochi v KKR,Brett Lee,4,42,0,10.5
2011,Kochi v KKR,Jaydev Unadkat,4,25,2,6.25
2011,Kochi v KKR,Iqbal Abdulla,2,16,0,8
2011,Kochi v KKR,Jacques Kallis,3,21,0,7
2011,Kochi v KKR,Sarabjit Ladda,1,13,0,13
2011,Kochi v KKR,Rajat Bhatia,3,22,1,7.33
2011,Kochi v KKR,Yusuf Pathan,3,16,1,5.33
2011,Kochi v KKR,RP Singh,4,44,1,11
2011,Kochi v KKR,Sreesanth,3,24,0,8
2011,Kochi v KKR,Vinay Kumar,4,28,2,7
2011,Kochi v KKR,Prasanth Parameswaran,4,21,0,5.25
2011,Kochi v KKR,Raiphi Gomez,4,14,2,3.5
2011,Kochi v KKR,Ravindra Jadeja,1,7,0,7
2011,SRH v DC,Morne Morkel,4,37,0,9.25
2011,SRH v DC,Irfan Pathan,3,18,0,6
2011,SRH v DC,Aavishkar Salvi,4,26,1,6.5
2011,SRH v DC,Ajit Agarkar,4,29,2,7.25
2011,SRH v DC,James Hopes,3,29,1,9.66
2011,SRH v DC,Venugopal Rao,1,12,0,12
2011,SRH v DC,Yogesh Nagar,1,20,0,20
2011,SRH v DC,Dale Steyn,4,24,2,6
2011,SRH v DC,Ishant Sharma,4,16,2,4
2011,SRH v DC,Daniel Christian,4,31,1,7.75
2011,SRH v DC,Ishan Malhotra,1,23,0,23
2011,SRH v DC,Amit Mishra,4,53,1,13.25
2011,SRH v DC,Bharat Chipli,1,20,0,20
2011,SRH v DC,Jean-Paul Duminy,1,11,0,11
2011,RCB v KXIP,Praveen Kumar,4,37,0,9.25
2011,RCB v KXIP,Ryan Harris,4,38,3,9.5
2011,RCB v KXIP,Ryan McLaren,4,40,1,10
2011,RCB v KXIP,Love Ablish,3,39,0,13
2011,RCB v KXIP,Piyush Chawla,4,37,2,9.25
2011,RCB v KXIP,Abhishek Nayar,1,9,0,9
2011,RCB v KXIP,Zaheer Khan,4,35,0,8.75
2011,RCB v KXIP,Sreenath Aravind,4,14,4,3.5
2011,RCB v KXIP,Chris Gayle,4,21,3,5.25
2011,RCB v KXIP,Abhimanyu Mithun,3,29,0,9.66
2011,RCB v KXIP,Daniel Vettori,4,14,1,3.5
2011,RCB v KXIP,Virat Kohli,1,7,0,7
2011,KKR v CSK,Brett Lee,4,8,0,2
2011,KKR v CSK,Iqbal Abdulla,4,15,1,3.75
2011,KKR v CSK,Yusuf Pathan,4,25,1,6.25
2011,KKR v CSK,Rajat Bhatia,2,10,0,5
2011,KKR v CSK,Lakshmipathy Balaji,4,33,1,8.25
2011,KKR v CSK,Jaydev Unadkat,1,11,0,11
2011,KKR v CSK,Jacques Kallis,1,9,0,9
2011,KKR v CSK,Albie Morkel,2,14,0,7
2011,KKR v CSK,Ravichandran Ashwin,3,12,2,4
2011,KKR v CSK,Doug Bollinger,1,6,0,6
2011,KKR v CSK,Shadab Jakati,2,14,0,7
2011,KKR v CSK,Suraj Randiv,2,14,0,7
2011,MI v DC,Morne Morkel,4,49,1,12.25
2011,MI v DC,Irfan Pathan,4,23,1,5.75
2011,MI v DC,Ajit Agarkar,4,31,0,7.75
2011,MI v DC,Shahbaz Nadeem,4,28,1,7
2011,MI v DC,James Hopes,4,45,1,11.25
2011,MI v DC,Harbhajan Singh,4,24,2,6
2011,MI v DC,Lasith Malinga,3.2,18,2,5.4
2011,MI v DC,Munaf Patel,4,29,2,7.25
2011,MI v DC,Dhawal Kulkarni,4,27,1,6.75
2011,MI v DC,Kieron Pollard,2.3,24,2,9.6
2011,MI v DC,Andrew Symonds,2,23,0,11.5
2011,RCB v Kochi,Zaheer Khan,4,26,1,6.5
2011,RCB v Kochi,Sreenath Aravind,4,20,2,5
2011,RCB v Kochi,Chris Gayle,4,26,1,6.5
2011,RCB v Kochi,Daniel Vettori,4,24,2,6
2011,RCB v Kochi,Abhimanyu Mithun,3,21,1,7
2011,RCB v Kochi,Tillakaratne Dilshan,1,8,0,8
2011,RCB v Kochi,RP Singh,2,13,0,6.5
2011,RCB v Kochi,Ramesh Powar,2,27,0,13.5
2011,RCB v Kochi,Prasanth Parameswaran,2.1,44,0,20.3
2011,RCB v Kochi,Vinay Kumar,3,18,1,6
2011,RCB v Kochi,Ravindra Jadeja,4,24,0,6
2011,KXIP v PWI,Bhuvneshwar Kumar,3,14,2,4.66
2011,KXIP v PWI,Shrikant Wagh,2,18,0,9
2011,KXIP v PWI,Wayne Parnell,4,12,2,3
2011,KXIP v PWI,Rahul Sharma,4,17,2,4.25
2011,KXIP v PWI,Yuvraj Singh,2,17,0,8.5
2011,KXIP v PWI,Mitchell Marsh,4,26,2,6.5
2011,KXIP v PWI,Abhishek Jhunjhunwala,1,11,0,11
2011,KXIP v PWI,Praveen Kumar,4,17,1,4.25
2011,KXIP v PWI,Ryan Harris,4,26,1,6.5
2011,KXIP v PWI,Shalabh Srivastava,3,20,2,6.66
2011,KXIP v PWI,Bhargav Bhatt,4,35,1,8.75
2011,KXIP v PWI,Paul Valthaty,2.1,17,0,7.84
2011,RR v CSK,Ashok Menaria,2,17,0,8.5
2011,RR v CSK,Amit Singh,4,40,1,10
2011,RR v CSK,Shane Watson,4,47,0,11.75
2011,RR v CSK,Johan Botha,4,23,1,5.75
2011,RR v CSK,Shane Warne,4,34,0,8.5
2011,RR v CSK,Siddharth Trivedi,2,33,0,16.5
2011,RR v CSK,Albie Morkel,3,21,1,7
2011,RR v CSK,Doug Bollinger,4,22,3,5.5
2011,RR v CSK,Dwayne Bravo,4,36,1,9
2011,RR v CSK,Ravichandran Ashwin,4,24,2,6
2011,RR v CSK,Shadab Jakati,4,30,0,7.5
2011,RR v CSK,Suresh Raina,0.3,0,2,0
2011,DC v PWI,Bhuvneshwar Kumar,3,24,0,8
2011,DC v PWI,Shrikant Wagh,1,8,0,8
2011,DC v PWI,Wayne Parnell,4,38,1,9.5
2011,DC v PWI,Rahul Sharma,4,24,1,6
2011,DC v PWI,Yuvraj Singh,4,17,2,4.25
2011,DC v PWI,Mitchell Marsh,4,25,4,6.25
2011,DC v PWI,Dale Steyn,4,30,0,7.5
2011,DC v PWI,Ishant Sharma,3,25,0,8.33
2011,DC v PWI,Pragyan Ojha,3,13,1,4.33
2011,DC v PWI,Jean-Paul Duminy,2,22,0,11
2011,DC v PWI,Daniel Christian,3,21,2,7
2011,DC v PWI,Amit Mishra,3.2,26,1,7.8
2011,KXIP v MI,Harbhajan Singh,3,20,0,6.66
2011,KXIP v MI,Lasith Malinga,4,24,2,6
2011,KXIP v MI,Munaf Patel,4,21,5,5.25
2011,KXIP v MI,Dhawal Kulkarni,2,25,0,12.5
2011,KXIP v MI,Rohit Sharma,2,24,0,12
2011,KXIP v MI,Tirumalasetti Suman,3,23,0,7.66
2011,KXIP v MI,Kieron Pollard,2,11,0,5.5
2011,KXIP v MI,Praveen Kumar,4,19,2,4.75
2011,KXIP v MI,Bhargav Bhatt,2.5,22,4,7.76
2011,KXIP v MI,Bipul Sharma,2,15,1,7.5
2011,KXIP v MI,Ryan Harris,2,13,1,6.5
2011,KXIP v MI,Shalabh Srivastava,2,17,1,8.5
2011,RR v RCB,Zaheer Khan,4,23,0,5.75
2011,RR v RCB,Sreenath Aravind,4,34,3,8.5
2011,RR v RCB,Charl Langeveldt,4,26,1,6.5
2011,RR v RCB,Chris Gayle,3,23,1,7.66
2011,RR v RCB,Virat Kohli,3,17,0,5.66
2011,RR v RCB,Abrar Kazi,2,21,0,10.5
2011,RR v RCB,Shane Watson,2,19,0,9.5
2011,RR v RCB,Johan Botha,4,42,0,10.5
2011,RR v RCB,Pankaj Singh,2,23,0,11.5
2011,RR v RCB,Siddharth Trivedi,2,12,0,6
2011,RR v RCB,Shane Warne,4,26,1,6.5
2011,RR v RCB,Ross Taylor,1,11,0,11
2011,RR v RCB,Ashok Menaria,2,16,0,8
2011,CSK v DC,Irfan Pathan,4,40,1,10
2011,CSK v DC,Andrew McDonald,2,23,0,11.5
2011,CSK v DC,Varun Aaron,4,20,1,5
2011,CSK v DC,Ajit Agarkar,4,49,1,12.25
2011,CSK v DC,Shahbaz Nadeem,4,26,0,6.5
2011,CSK v DC,James Hopes,2,16,0,8
2011,CSK v DC,Albie Morkel,3,36,1,12
2011,CSK v DC,Doug Bollinger,4,38,1,9.5
2011,CSK v DC,Ravichandran Ashwin,4,19,2,4.75
2011,CSK v DC,Suresh Raina,4,16,0,4
2011,CSK v DC,Dwayne Bravo,3,21,2,7
2011,CSK v DC,Shadab Jakati,2,19,0,9.5
2011,Kochi v KXIP,Ryan Harris,4,42,1,10.5
2011,Kochi v KXIP,Bhargav Bhatt,4,36,0,9
2011,Kochi v KXIP,Bipul Sharma,4,32,2,8
2011,Kochi v KXIP,Shalabh Srivastava,4,34,1,8.5
2011,Kochi v KXIP,Piyush Chawla,4,30,1,7.5
2011,Kochi v KXIP,RP Singh,4,25,4,6.25
2011,Kochi v KXIP,Sreesanth,3.5,38,0,9.91
2011,Kochi v KXIP,Vinay Kumar,3,28,0,9.33
2011,Kochi v KXIP,Brad Hodge,2,26,0,13
2011,Kochi v KXIP,Prasanth Parameswaran,2,23,0,11.5
2011,Kochi v KXIP,Raiphi Gomez,1,12,0,12
2011,Kochi v KXIP,Ravindra Jadeja,3,27,0,9
2011,RCB v KKR,Zaheer Khan,3,17,1,5.66
2011,RCB v KKR,Charl Langeveldt,3,10,2,3.33
2011,RCB v KKR,Sreenath Aravind,3,18,1,6
2011,RCB v KKR,Abhimanyu Mithun,2,14,0,7
2011,RCB v KKR,Chris Gayle,1,11,0,11
2011,RCB v KKR,Virat Kohli,1,14,0,14
2011,RCB v KKR,Brett Lee,3,31,1,10.33
2011,RCB v KKR,Jaydev Unadkat,2,30,1,15
2011,RCB v KKR,Jacques Kallis,3,16,2,5.33
2011,RCB v KKR,Iqbal Abdulla,3,18,1,6
2011,RCB v KKR,Lakshmipathy Balaji,1.3,10,0,6.66
2011,MI v DC,Lasith Malinga,4,17,1,4.25
2011,MI v DC,Munaf Patel,4,37,0,9.25
2011,MI v DC,Harbhajan Singh,4,26,1,6.5
2011,MI v DC,Dhawal Kulkarni,4,26,3,6.5
2011,MI v DC,Tirumalasetti Suman,2,15,0,7.5
2011,MI v DC,Kieron Pollard,2,10,1,5
2011,MI v DC,Jean-Paul Duminy,2,3,1,1.5
2011,MI v DC,Ishant Sharma,4,30,2,7.5
2011,MI v DC,Pragyan Ojha,4,16,0,4
2011,MI v DC,Anand Rajan,3,27,3,9
2011,MI v DC,Daniel Christian,3,21,0,7
2011,MI v DC,Amit Mishra,4,18,1,4.5
2011,KXIP v DC,Irfan Pathan,4,28,3,7
2011,KXIP v DC,Morne Morkel,4,22,1,5.5
2011,KXIP v DC,Varun Aaron,4,26,0,6.5
2011,KXIP v DC,Aavishkar Salvi,4,40,2,10
2011,KXIP v DC,James Hopes,3,27,0,9
2011,KXIP v DC,Sridharan Sriram,1,25,0,25
2011,KXIP v DC,Praveen Kumar,4,32,1,8
2011,KXIP v DC,Ryan Harris,4,16,1,4
2011,KXIP v DC,Shalabh Srivastava,4,39,2,9.75
2011,KXIP v DC,Piyush Chawla,4,16,3,4
2011,KXIP v DC,Paul Valthaty,4,34,1,8.5
2011,Kochi v RR,RP Singh,4,17,1,4.25
2011,Kochi v RR,Sreesanth,4,16,2,4
2011,Kochi v RR,Prasanth Parameswaran,3.3,20,2,5.71
2011,Kochi v RR,Padmanabhan Prasanth,1,18,0,18
2011,Kochi v RR,Brad Hodge,4,13,4,3.25
2011,Kochi v RR,Gnaneswara Rao,1,7,0,7
2011,Kochi v RR,Ravindra Jadeja,1,5,0,5
2011,Kochi v RR,Shaun Tait,3,36,0,12
2011,Kochi v RR,Jacob Oram,2,32,1,16
2011,Kochi v RR,Nayan Doshi,1.2,15,1,11.25
2011,Kochi v RR,Ankeet Chavan,1,10,0,10
2011,PWI v DC,Jean-Paul Duminy,2,19,1,9.5
2011,PWI v DC,Dale Steyn,4,23,1,5.75
2011,PWI v DC,Ishant Sharma,3,19,0,6.33
2011,PWI v DC,Daniel Christian,3,13,2,4.33
2011,PWI v DC,Pragyan Ojha,4,35,2,8.75
2011,PWI v DC,Amit Mishra,4,26,2,6.5
2011,PWI v DC,Bhuvneshwar Kumar,2,10,0,5
2011,PWI v DC,Wayne Parnell,3.2,27,1,8.1
2011,PWI v DC,Rahul Sharma,4,25,2,6.25
2011,PWI v DC,Mitchell Marsh,3,30,0,10
2011,PWI v DC,Yuvraj Singh,4,27,1,6.75
2011,PWI v DC,Mithun Manhas,3,19,0,6.33
2011,KXIP v RCB,Johan van der Wath,4,50,0,12.5
2011,KXIP v RCB,Charl Langeveldt,4,48,2,12
2011,KXIP v RCB,Chris Gayle,4,35,0,8.75
2011,KXIP v RCB,Sreenath Aravind,4,36,0,9
2011,KXIP v RCB,Abhimanyu Mithun,3,29,0,9.66
2011,KXIP v RCB,Virat Kohli,1,13,0,13
2011,KXIP v RCB,Praveen Kumar,3,11,0,3.66
2011,KXIP v RCB,Ryan Harris,3,28,3,9.33
2011,KXIP v RCB,Shalabh Srivastava,3,30,2,10
2011,KXIP v RCB,Paul Valthaty,4,30,1,7.5
2011,KXIP v RCB,Piyush Chawla,4,17,4,4.25
2011,CSK v Kochi,RP Singh,4,34,1,8.5
2011,CSK v Kochi,Sreesanth,3,23,1,7.66
2011,CSK v Kochi,Muttiah Muralitharan,4,26,0,6.5
2011,CSK v Kochi,Brad Hodge,3,24,1,8
2011,CSK v Kochi,Vinay Kumar,2,17,0,8.5
2011,CSK v Kochi,Ravindra Jadeja,4,26,2,6.5
2011,CSK v Kochi,Ravichandran Ashwin,4,16,1,4
2011,CSK v Kochi,Doug Bollinger,4,38,1,9.5
2011,CSK v Kochi,Shadab Jakati,4,23,1,5.75
2011,CSK v Kochi,Dwayne Bravo,4,36,1,9
2011,CSK v Kochi,Suresh Raina,4,26,0,6.5
2011,PWI v KKR,Brett Lee,4,28,0,7
2011,PWI v KKR,Yusuf Pathan,4,23,2,5.75
2011,PWI v KKR,Iqbal Abdulla,3,12,1,4
2011,PWI v KKR,Jacques Kallis,2,18,0,9
2011,PWI v KKR,Shakib Al Hasan,4,16,2,4
2011,PWI v KKR,Rajat Bhatia,2,11,0,5.5
2011,PWI v KKR,Lakshmipathy Balaji,1,7,2,7
2011,PWI v KKR,Alfonso Thomas,3,29,1,9.66
2011,PWI v KKR,Wayne Parnell,4,27,1,6.75
2011,PWI v KKR,Rahul Sharma,4,29,0,7.25
2011,PWI v KKR,Bhuvneshwar Kumar,3,19,1,6.33
2011,PWI v KKR,Yuvraj Singh,2,12,0,6
2011,PWI v KKR,Sachin Rana,0.4,2,0,3
2011,MI v RR,Ankeet Chavan,4,17,0,4.25
2011,MI v RR,Shane Watson,4,19,3,4.75
2011,MI v RR,Siddharth Trivedi,1,9,0,9
2011,MI v RR,Shane Warne,4,30,1,7.5
2011,MI v RR,Johan Botha,4,24,0,6
2011,MI v RR,Amit Singh,2,20,1,10
2011,MI v RR,Ashok Menaria,1,12,0,12
2011,MI v RR,Munaf Patel,3,23,0,7.66
2011,MI v RR,Harbhajan Singh,2,27,0,13.5
2011,MI v RR,Lasith Malinga,4,42,0,10.5
2011,MI v RR,Dhawal Kulkarni,2,19,0,9.5
2011,MI v RR,Kieron Pollard,2,19,0,9.5
2011,MI v RR,James Franklin,0.1,4,0,24
2011,KXIP v DC,Praveen Kumar,3,26,0,8.66
2011,KXIP v DC,Ryan Harris,4,35,1,8.75
2011,KXIP v DC,Bhargav Bhatt,3,33,0,11
2011,KXIP v DC,Piyush Chawla,4,48,0,12
2011,KXIP v DC,Paul Valthaty,4,24,1,6
2011,KXIP v DC,Ryan McLaren,2,24,0,12
2011,KXIP v DC,Jean-Paul Duminy,4,23,1,5.75
2011,KXIP v DC,Dale Steyn,3,13,1,4.33
2011,KXIP v DC,Anand Rajan,2,23,0,11.5
2011,KXIP v DC,Pragyan Ojha,3,25,1,8.33
2011,KXIP v DC,Daniel Christian,3,21,2,7
2011,KXIP v DC,Amit Mishra,4,9,4,2.25
2011,DC v PWI,Alfonso Thomas,3,15,0,5
2011,DC v PWI,James Faulkner,2,9,1,4.5
2011,DC v PWI,Shrikant Mundhe,1,6,1,6
2011,DC v PWI,Mitchell Marsh,2.1,11,1,5.07
2011,DC v PWI,Rahul Sharma,1,4,0,4
2011,DC v PWI,Yuvraj Singh,1,8,0,8
2011,RCB v CSK,Zaheer Khan,4,19,2,4.75
2011,RCB v CSK,Sreenath Aravind,4,20,2,5
2011,RCB v CSK,Daniel Vettori,4,15,2,3.75
2011,RCB v CSK,Abhimanyu Mithun,4,35,1,8.75
2011,RCB v CSK,Chris Gayle,3,27,0,9
2011,RCB v CSK,Virat Kohli,1,8,1,8
2011,RCB v CSK,Ravichandran Ashwin,4,18,1,4.5
2011,RCB v CSK,Doug Bollinger,4,34,0,8.5
2011,RCB v CSK,Dwayne Bravo,4,21,0,5.25
2011,RCB v CSK,Suresh Raina,4,38,0,9.5
2011,RCB v CSK,Albie Morkel,2,16,1,8
2011,KKR v MI,Abu Nechim,4,32,2,8
2011,KKR v MI,Lasith Malinga,4,23,0,5.75
2011,KKR v MI,Harbhajan Singh,3,26,0,8.66
2011,KKR v MI,Ray Price,3,33,0,11
2011,KKR v MI,Kieron Pollard,2,23,0,11.5
2011,KKR v MI,James Franklin,4,35,2,8.75
2011,KKR v MI,Brett Lee,4,37,0,9.25
2011,KKR v MI,Iqbal Abdulla,4,26,1,6.5
2011,KKR v MI,Shakib Al Hasan,4,26,0,6.5
2011,KKR v MI,Lakshmipathy Balaji,3,51,1,17
2011,KKR v MI,Yusuf Pathan,1,7,0,7
2011,KKR v MI,Rajat Bhatia,4,22,3,5.5
2011,CSK v RCB,Albie Morkel,4,40,0,10
2011,CSK v RCB,Doug Bollinger,4,20,1,5
2011,CSK v RCB,Ravichandran Ashwin,4,33,1,8.25
2011,CSK v RCB,Dwayne Bravo,3,28,1,9.33
2011,CSK v RCB,Shadab Jakati,4,37,1,9.25
2011,CSK v RCB,Suresh Raina,1,8,0,8
2011,CSK v RCB,Zaheer Khan,4,31,2,7.75
2011,CSK v RCB,Sreenath Aravind,3,32,1,10.66
2011,CSK v RCB,Abhimanyu Mithun,3,32,1,10.66
2011,CSK v RCB,Virat Kohli,2,19,0,9.5
2011,CSK v RCB,Daniel Vettori,3.4,42,0,11.45
2011,CSK v RCB,Chris Gayle,4,19,0,4.75
2011,MI v KKR,Dhawal Kulkarni,4,32,1,8
2011,MI v KKR,Munaf Patel,4,27,3,6.75
2011,MI v KKR,Harbhajan Singh,4,26,1,6.5
2011,MI v KKR,Lasith Malinga,4,19,1,4.75
2011,MI v KKR,James Franklin,1,10,0,10
2011,MI v KKR,Kieron Pollard,3,31,0,10.33
2011,MI v KKR,Brett Lee,4,37,1,9.25
2011,MI v KKR,Iqbal Abdulla,3,23,0,7.66
2011,MI v KKR,Yusuf Pathan,2,18,0,9
2011,MI v KKR,Shakib Al Hasan,3.2,24,2,7.2
2011,MI v KKR,Rajat Bhatia,1,9,0,9
2011,MI v KKR,Jacques Kallis,4,18,2,4.5
2011,MI v KKR,Lakshmipathy Balaji,2,16,0,8
2011,MI v RCB,Abu Nechim,4,56,1,14
2011,MI v RCB,Harbhajan Singh,4,40,0,10
2011,MI v RCB,Lasith Malinga,4,24,0,6
2011,MI v RCB,Munaf Patel,4,27,2,6.75
2011,MI v RCB,Rohit Sharma,1,14,0,14
2011,MI v RCB,Kieron Pollard,3,24,1,8
2011,MI v RCB,Zaheer Khan,4,32,1,8
2011,MI v RCB,Sreenath Aravind,3,27,2,9
2011,MI v RCB,Chris Gayle,3,11,0,3.66
2011,MI v RCB,Abhimanyu Mithun,2,26,0,13
2011,MI v RCB,Daniel Vettori,4,19,3,4.75
2011,MI v RCB,Jamaluddin Syed Mohammad,4,25,2,6.25
2011,CSK v RCB,Zaheer Khan,4,30,0,7.5
2011,CSK v RCB,Sreenath Aravind,3,39,2,13
2011,CSK v RCB,Chris Gayle,4,34,2,8.5
2011,CSK v RCB,Jamaluddin Syed Mohammad,3,39,1,13
2011,CSK v RCB,Daniel Vettori,4,34,0,8.5
2011,CSK v RCB,Abhimanyu Mithun,2,22,0,11
2011,CSK v RCB,Ravichandran Ashwin,4,16,3,4
2011,CSK v RCB,Albie Morkel,3,24,0,8
2011,CSK v RCB,Doug Bollinger,3,28,1,9.33
2011,CSK v RCB,Shadab Jakati,4,21,2,5.25
2011,CSK v RCB,Suresh Raina,4,39,1,9.75
2011,CSK v RCB,Dwayne Bravo,2,15,1,7.5
