season,match_name,fullName,runs,ballsFaced,strikeRate
2011,CSK v KKR,Srikkanth Anirudha,64,55,116.36
2011,CSK v KKR,Murali Vijay,4,4,100
2011,CSK v KKR,Suresh Raina,33,29,113.79
2011,CSK v KKR,MS Dhoni,29,21,138.09
2011,CSK v KKR,Albie Morkel,15,9,166.66
2011,CSK v KKR,Scott Styris,5,2,250
2011,CSK v KKR,Manvinder  Bisla,27,29,93.1
2011,CSK v KKR,Jacques Kallis,54,42,128.57
2011,CSK v KKR,Yusuf Pathan,11,12,91.66
2011,CSK v KKR,Manoj Tiwary,27,15,180
2011,CSK v KKR,Eoin Morgan,6,6,100
2011,CSK v KKR,Gautam Gambhir,1,2,50
2011,CSK v KKR,Laxmi Shukla,14,10,140
2011,CSK v KKR,Rajat Bhatia,0,1,0
2011,CSK v KKR,Iqbal Abdulla,3,3,100
2011,DC v RR,Shikhar Dhawan,24,15,160
2011,DC v RR,Ishank Jaggi,25,28,89.28
2011,DC v RR,Kumar Sangakkara,0,3,0
2011,DC v RR,Bharat Chipli,6,9,66.66
2011,DC v RR,Jean0Paul Duminy,14,17,82.35
2011,DC v RR,Daniel Christian,26,19,136.84
2011,DC v RR,Dwaraka Ravi Teja,28,20,140
2011,DC v RR,Dale Steyn,7,6,116.66
2011,DC v RR,Amit Mishra,2,2,100
2011,DC v RR,Ishant Sharma,1,1,100
2011,DC v RR,Amit Paunikar,20,19,105.26
2011,DC v RR,Rahul Dravid,28,35,80
2011,DC v RR,Johan Botha,67,47,142.55
2011,DC v RR,Ross Taylor,21,14,150
2011,Kochi v RCB,Brendon McCullum,45,32,140.62
2011,Kochi v RCB,VVS Laxman,36,29,124.13
2011,Kochi v RCB,Mahela Jayawardene,18,18,100
2011,Kochi v RCB,Brad Hodge,27,21,128.57
2011,Kochi v RCB,Ravindra Jadeja,23,16,143.75
2011,Kochi v RCB,Raiphi Gomez,0,1,0
2011,Kochi v RCB,Parthiv Patel,1,4,25
2011,Kochi v RCB,Mayank Agarwal,33,24,137.5
2011,Kochi v RCB,Tillakaratne Dilshan,1,4,25
2011,Kochi v RCB,Virat Kohli,23,18,127.77
2011,Kochi v RCB,AB de Villiers,54,40,135
2011,Kochi v RCB,Saurabh Tiwary,26,24,108.33
2011,Kochi v RCB,Asad Pathan,12,4,300
2011,DC v MI,David Warner,1,3,33.33
2011,DC v MI,Virender Sehwag,19,16,118.75
2011,DC v MI,Unmukt Chand,0,2,0
2011,DC v MI,Aaron Finch,8,12,66.66
2011,DC v MI,Naman Ojha,29,30,96.66
2011,DC v MI,Venugopal Rao,26,25,104
2011,DC v MI,Irfan Pathan,0,1,0
2011,DC v MI,Roelof van der Merwe,8,6,133.33
2011,DC v MI,Morne Morkel,0,2,0
2011,DC v MI,Umesh Yadav,0,4,0
2011,DC v MI,Ashok Dinda,0,5,0
2011,DC v MI,Davy Jacobs,1,6,16.66
2011,DC v MI,Sachin Tendulkar,46,50,92
2011,DC v MI,Ambati Rayudu,14,15,93.33
2011,DC v MI,Rohit Sharma,27,30,90
2011,PWI v KXIP,Adam Gilchrist,1,3,33.33
2011,PWI v KXIP,Shaun Marsh,1,3,33.33
2011,PWI v KXIP,Paul Valthaty,6,6,100
2011,PWI v KXIP,Dinesh Karthik,0,7,0
2011,PWI v KXIP,Abhishek Nayar,12,18,66.66
2011,PWI v KXIP,Sunny Singh,12,6,200
2011,PWI v KXIP,Ryan McLaren,51,43,118.6
2011,PWI v KXIP,Piyush Chawla,15,28,53.57
2011,PWI v KXIP,Praveen Kumar,3,5,60
2011,PWI v KXIP,Nathan Rimmington,1,1,100
2011,PWI v KXIP,Graeme Smith,0,1,0
2011,PWI v KXIP,Jesse Ryder,31,17,182.35
2011,PWI v KXIP,Mithun Manhas,35,32,109.37
2011,PWI v KXIP,Robin Uthappa,22,14,157.14
2011,PWI v KXIP,Yuvraj Singh,21,15,140
2011,KKR v DC,Jacques Kallis,53,45,117.77
2011,KKR v DC,Manvinder  Bisla,19,21,90.47
2011,KKR v DC,Gautam Gambhir,29,18,161.11
2011,KKR v DC,Manoj Tiwary,30,21,142.85
2011,KKR v DC,Yusuf Pathan,22,15,146.66
2011,KKR v DC,Shikhar Dhawan,7,7,100
2011,KKR v DC,Ishank Jaggi,3,9,33.33
2011,KKR v DC,Bharat Chipli,48,40,120
2011,KKR v DC,Kumar Sangakkara,16,15,106.66
2011,KKR v DC,Jean0Paul Duminy,6,8,75
2011,KKR v DC,Daniel Christian,25,13,192.3
2011,KKR v DC,Dwaraka Ravi Teja,14,10,140
2011,KKR v DC,Dale Steyn,13,12,108.33
2011,KKR v DC,Amit Mishra,12,5,240
2011,KKR v DC,Ishant Sharma,1,1,100
2011,RR v DC,David Warner,54,44,122.72
2011,RR v DC,Virender Sehwag,4,2,200
2011,RR v DC,Aaron Finch,11,14,78.57
2011,RR v DC,Unmukt Chand,2,10,20
2011,RR v DC,Naman Ojha,0,2,0
2011,RR v DC,Venugopal Rao,60,40,150
2011,RR v DC,Irfan Pathan,9,6,150
2011,RR v DC,Roelof van der Merwe,2,3,66.66
2011,RR v DC,Amit Paunikar,5,8,62.5
2011,RR v DC,Rahul Dravid,38,31,122.58
2011,RR v DC,Johan Botha,39,32,121.87
2011,RR v DC,Ashok Menaria,22,15,146.66
2011,RR v DC,Ajinkya Rahane,18,17,105.88
2011,RR v DC,Ross Taylor,18,10,180
2011,RCB v MI,Mayank Agarwal,0,1,0
2011,RCB v MI,Tillakaratne Dilshan,59,52,113.46
2011,RCB v MI,Virat Kohli,12,19,63.15
2011,RCB v MI,AB de Villiers,38,36,105.55
2011,RCB v MI,Asad Pathan,0,2,0
2011,RCB v MI,Saurabh Tiwary,16,10,160
2011,RCB v MI,Davy Jacobs,22,16,137.5
2011,RCB v MI,Sachin Tendulkar,55,46,119.56
2011,RCB v MI,Ambati Rayudu,63,50,126
2011,KXIP v CSK,Srikkanth Anirudha,0,1,0
2011,KXIP v CSK,Murali Vijay,74,43,172.09
2011,KXIP v CSK,Suresh Raina,0,1,0
2011,KXIP v CSK,S Badrinath,66,56,117.85
2011,KXIP v CSK,MS Dhoni,43,20,215
2011,KXIP v CSK,Paul Valthaty,120,63,190.47
2011,KXIP v CSK,Adam Gilchrist,19,15,126.66
2011,KXIP v CSK,Shaun Marsh,12,14,85.71
2011,KXIP v CSK,Sunny Singh,20,11,181.81
2011,KXIP v CSK,Abhishek Nayar,0,1,0
2011,KXIP v CSK,Dinesh Karthik,21,11,190.9
2011,PWI v Kochi,Brendon McCullum,0,1,0
2011,PWI v Kochi,VVS Laxman,0,3,0
2011,PWI v Kochi,Parthiv Patel,21,19,110.52
2011,PWI v Kochi,Mahela Jayawardene,2,3,66.66
2011,PWI v Kochi,Brad Hodge,39,36,108.33
2011,PWI v Kochi,Ravindra Jadeja,47,33,142.42
2011,PWI v Kochi,Raiphi Gomez,26,18,144.44
2011,PWI v Kochi,Vinay Kumar,1,1,100
2011,PWI v Kochi,Sreesanth,1,6,16.66
2011,PWI v Kochi,RP Singh,0,1,0
2011,PWI v Kochi,Jesse Ryder,17,10,170
2011,PWI v Kochi,Graeme Smith,24,24,100
2011,PWI v Kochi,Mithun Manhas,12,19,63.15
2011,PWI v Kochi,Yuvraj Singh,8,12,66.66
2011,PWI v Kochi,Robin Uthappa,31,13,238.46
2011,PWI v Kochi,Mohnish  Mishra,37,21,176.19
2011,PWI v Kochi,Wayne Parnell,1,5,20
2011,PWI v Kochi,Rahul Sharma,10,9,111.11
2011,DC v RCB,Sunny Sohal,38,37,102.7
2011,DC v RCB,Shikhar Dhawan,11,9,122.22
2011,DC v RCB,Kumar Sangakkara,36,25,144
2011,DC v RCB,Bharat Chipli,61,35,174.28
2011,DC v RCB,Jean0Paul Duminy,22,15,146.66
2011,DC v RCB,Daniel Christian,0,1,0
2011,DC v RCB,Mayank Agarwal,16,13,123.07
2011,DC v RCB,Tillakaratne Dilshan,7,8,87.5
2011,DC v RCB,Zaheer Khan,0,3,0
2011,DC v RCB,Virat Kohli,71,51,139.21
2011,DC v RCB,AB de Villiers,0,7,0
2011,DC v RCB,Saurabh Tiwary,7,10,70
2011,DC v RCB,Cheteshwar Pujara,25,15,166.66
2011,DC v RCB,Johan van der Wath,0,1,0
2011,DC v RCB,Daniel Vettori,3,6,50
2011,DC v RCB,Ryan Ninan,3,6,50
2011,DC v RCB,Sreenath Aravind,2,3,66.66
2011,RR v KKR,Amit Paunikar,9,15,60
2011,RR v KKR,Rahul Dravid,35,34,102.94
2011,RR v KKR,Ashok Menaria,27,21,128.57
2011,RR v KKR,Shane Watson,22,13,169.23
2011,RR v KKR,Ross Taylor,35,25,140
2011,RR v KKR,Johan Botha,12,12,100
2011,RR v KKR,Manvinder  Bisla,1,3,33.33
2011,RR v KKR,Jacques Kallis,80,65,123.07
2011,RR v KKR,Gautam Gambhir,75,44,170.45
2011,MI v Kochi,Davy Jacobs,12,21,57.14
2011,MI v Kochi,Sachin Tendulkar,100,66,151.51
2011,MI v Kochi,Ambati Rayudu,53,33,160.6
2011,MI v Kochi,Kieron Pollard,0,0,0
2011,MI v Kochi,Brendon McCullum,81,60,135
2011,MI v Kochi,Mahela Jayawardene,56,36,155.55
2011,MI v Kochi,Ravindra Jadeja,25,11,227.27
2011,MI v Kochi,Brad Hodge,11,7,157.14
2011,CSK v RCB,Michael Hussey,83,56,148.21
2011,CSK v RCB,Murali Vijay,31,21,147.61
2011,CSK v RCB,Suresh Raina,29,16,181.25
2011,CSK v RCB,MS Dhoni,22,16,137.5
2011,CSK v RCB,Albie Morkel,9,8,112.5
2011,CSK v RCB,S Badrinath,5,3,166.66
2011,CSK v RCB,Mayank Agarwal,7,13,53.84
2011,CSK v RCB,Tillakaratne Dilshan,0,1,0
2011,CSK v RCB,Asad Pathan,14,5,280
2011,CSK v RCB,Virat Kohli,35,28,125
2011,CSK v RCB,AB de Villiers,65,44,147.72
2011,CSK v RCB,Saurabh Tiwary,14,13,107.69
2011,CSK v RCB,Cheteshwar Pujara,2,4,50
2011,CSK v RCB,Johan van der Wath,14,10,140
2011,CSK v RCB,Daniel Vettori,2,2,100
2011,DC v KXIP,Sunny Sohal,7,5,140
2011,DC v KXIP,Shikhar Dhawan,45,36,125
2011,DC v KXIP,Kumar Sangakkara,35,28,125
2011,DC v KXIP,Jean0Paul Duminy,18,16,112.5
2011,DC v KXIP,Bharat Chipli,14,12,116.66
2011,DC v KXIP,Daniel Christian,30,14,214.28
2011,DC v KXIP,Manpreet Gony,0,1,0
2011,DC v KXIP,Dwaraka Ravi Teja,10,6,166.66
2011,DC v KXIP,Amit Mishra,0,1,0
2011,DC v KXIP,Dale Steyn,1,2,50
2011,DC v KXIP,Adam Gilchrist,61,46,132.6
2011,DC v KXIP,Paul Valthaty,75,47,159.57
2011,DC v KXIP,Abhishek Nayar,13,10,130
2011,DC v KXIP,Dinesh Karthik,3,5,60
2011,PWI v DC,Jesse Ryder,60,27,222.22
2011,PWI v DC,Graeme Smith,12,14,85.71
2011,PWI v DC,Mithun Manhas,20,18,111.11
2011,PWI v DC,Yuvraj Singh,66,32,206.25
2011,PWI v DC,Robin Uthappa,4,10,40
2011,PWI v DC,Mohnish  Mishra,7,11,63.63
2011,PWI v DC,Wayne Parnell,10,9,111.11
2011,PWI v DC,David Warner,46,28,164.28
2011,PWI v DC,Virender Sehwag,37,23,160.86
2011,PWI v DC,Irfan Pathan,14,16,87.5
2011,PWI v DC,Naman Ojha,11,9,122.22
2011,PWI v DC,Matthew Wade,3,4,75
2011,PWI v DC,Venugopal Rao,31,20,155
2011,PWI v DC,Aaron Finch,25,12,208.33
2011,PWI v DC,James Hopes,13,4,325
2011,PWI v DC,Shahbaz Nadeem,0,0,0
2011,KKR v RR,Shane Watson,11,13,84.61
2011,KKR v RR,Amit Paunikar,15,15,100
2011,KKR v RR,Faiz Fazal,3,4,75
2011,KKR v RR,Abhishek Raut,11,15,73.33
2011,KKR v RR,Ashok Menaria,21,17,123.52
2011,KKR v RR,Ross Taylor,6,9,66.66
2011,KKR v RR,Ajinkya Rahane,6,9,66.66
2011,KKR v RR,Shane Warne,3,6,50
2011,KKR v RR,Amit Singh,0,2,0
2011,KKR v RR,Shaun Tait,0,1,0
2011,KKR v RR,Siddharth Trivedi,0,2,0
2011,KKR v RR,Jacques Kallis,0,2,0
2011,KKR v RR,Manvinder  Bisla,9,22,40.9
2011,KKR v RR,Gautam Gambhir,35,35,100
2011,KKR v RR,Manoj Tiwary,30,26,115.38
2011,Kochi v CSK,Michael Hussey,8,10,80
2011,Kochi v CSK,Murali Vijay,28,18,155.55
2011,Kochi v CSK,Suresh Raina,50,40,125
2011,Kochi v CSK,S Badrinath,19,17,111.76
2011,Kochi v CSK,MS Dhoni,14,13,107.69
2011,Kochi v CSK,Albie Morkel,9,4,225
2011,Kochi v CSK,Brendon McCullum,47,33,142.42
2011,Kochi v CSK,Mahela Jayawardene,16,11,145.45
2011,Kochi v CSK,Parthiv Patel,34,26,130.76
2011,Kochi v CSK,Brad Hodge,19,14,135.71
2011,Kochi v CSK,Ravindra Jadeja,16,6,266.66
2011,DC v SRH,Sunny Sohal,62,41,151.21
2011,DC v SRH,Shikhar Dhawan,8,5,160
2011,DC v SRH,Kumar Sangakkara,49,35,140
2011,DC v SRH,Cameron White,31,25,124
2011,DC v SRH,Daniel Christian,8,11,72.72
2011,DC v SRH,Bharat Chipli,5,3,166.66
2011,DC v SRH,David Warner,51,48,106.25
2011,DC v SRH,Virender Sehwag,12,7,171.42
2011,DC v SRH,Naman Ojha,2,4,50
2011,DC v SRH,Aaron Finch,0,1,0
2011,DC v SRH,Venugopal Rao,21,23,91.3
2011,DC v SRH,Irfan Pathan,5,9,55.55
2011,DC v SRH,James Hopes,17,14,121.42
2011,DC v SRH,Yogesh Nagar,23,11,209.09
2011,DC v SRH,Morne Morkel,8,3,266.66
2011,MI v PWI,Jesse Ryder,12,15,80
2011,MI v PWI,Tim Paine,2,9,22.22
2011,MI v PWI,Mithun Manhas,0,1,0
2011,MI v PWI,Robin Uthappa,45,37,121.62
2011,MI v PWI,Yuvraj Singh,0,2,0
2011,MI v PWI,Mohnish  Mishra,12,10,120
2011,MI v PWI,Murali Kartik,11,13,84.61
2011,MI v PWI,Wayne Parnell,9,8,112.5
2011,MI v PWI,Rahul Sharma,13,9,144.44
2011,MI v PWI,Shrikant Wagh,2,2,100
2011,MI v PWI,Alfonso Thomas,0,2,0
2011,MI v PWI,James Franklin,6,8,75
2011,MI v PWI,Sachin Tendulkar,35,39,89.74
2011,MI v PWI,Ambati Rayudu,37,40,92.5
2011,MI v PWI,Rohit Sharma,20,18,111.11
2011,MI v PWI,Andrew Symonds,16,15,106.66
2011,KKR v Kochi,Brendon McCullum,23,19,121.05
2011,KKR v Kochi,Mahela Jayawardene,25,27,92.59
2011,KKR v Kochi,Parthiv Patel,9,11,81.81
2011,KKR v Kochi,Brad Hodge,2,8,25
2011,KKR v Kochi,Ravindra Jadeja,29,18,161.11
2011,KKR v Kochi,Kedar Jadhav,12,11,109.09
2011,KKR v Kochi,Raiphi Gomez,10,10,100
2011,KKR v Kochi,Vinay Kumar,11,10,110
2011,KKR v Kochi,Ramesh Powar,3,6,50
2011,KKR v Kochi,Manvinder  Bisla,16,14,114.28
2011,KKR v Kochi,Jacques Kallis,6,9,66.66
2011,KKR v Kochi,Gautam Gambhir,3,5,60
2011,KKR v Kochi,Manoj Tiwary,46,51,90.19
2011,KKR v Kochi,Eoin Morgan,10,12,83.33
2011,KKR v Kochi,Shakib Al Hasan,2,5,40
2011,KKR v Kochi,Yusuf Pathan,8,3,266.66
2011,KKR v Kochi,Rajat Bhatia,10,8,125
2011,KKR v Kochi,Brett Lee,1,3,33.33
2011,KKR v Kochi,Iqbal Abdulla,12,9,133.33
2011,KKR v Kochi,Lakshmipathy Balaji,1,1,100
2011,KXIP v RR,Adam Gilchrist,28,16,175
2011,KXIP v RR,Paul Valthaty,46,31,148.38
2011,KXIP v RR,Shaun Marsh,71,42,169.04
2011,KXIP v RR,Dinesh Karthik,21,16,131.25
2011,KXIP v RR,Abhishek Nayar,1,3,33.33
2011,KXIP v RR,Ryan McLaren,2,7,28.57
2011,KXIP v RR,Sunny Singh,5,5,100
2011,KXIP v RR,Piyush Chawla,4,3,133.33
2011,KXIP v RR,Swapnil Asnodkar,9,9,100
2011,KXIP v RR,Rahul Dravid,8,7,114.28
2011,KXIP v RR,Shane Watson,24,16,150
2011,KXIP v RR,Stuart Binny,30,24,125
2011,KXIP v RR,Ross Taylor,0,5,0
2011,KXIP v RR,Ashok Menaria,34,26,130.76
2011,KXIP v RR,Abhishek Raut,25,21,119.04
2011,KXIP v RR,Dishant Yagnik,10,9,111.11
2011,KXIP v RR,Shane Warne,5,3,166.66
2011,KKR v RCB,Jacques Kallis,40,42,95.23
2011,KKR v RCB,Brad Haddin,18,11,163.63
2011,KKR v RCB,Gautam Gambhir,48,38,126.31
2011,KKR v RCB,Yusuf Pathan,46,24,191.66
2011,KKR v RCB,Eoin Morgan,6,6,100
2011,KKR v RCB,Manoj Tiwary,0,0,0
2011,KKR v RCB,Tillakaratne Dilshan,38,31,122.58
2011,KKR v RCB,Chris Gayle,102,55,185.45
2011,KKR v RCB,Virat Kohli,30,23,130.43
2011,MI v CSK,Rajagopal Sathish,0,7,0
2011,MI v CSK,Sachin Tendulkar,5,8,62.5
2011,MI v CSK,Ambati Rayudu,27,29,93.1
2011,MI v CSK,Rohit Sharma,87,48,181.25
2011,MI v CSK,Andrew Symonds,31,26,119.23
2011,MI v CSK,Kieron Pollard,0,2,0
2011,MI v CSK,Michael Hussey,41,33,124.24
2011,MI v CSK,Murali Vijay,12,9,133.33
2011,MI v CSK,Suresh Raina,5,4,125
2011,MI v CSK,S Badrinath,71,48,147.91
2011,MI v CSK,MS Dhoni,3,6,50
2011,MI v CSK,Srikkanth Anirudha,9,9,100
2011,MI v CSK,Albie Morkel,3,4,75
2011,MI v CSK,Ravichandran Ashwin,0,2,0
2011,MI v CSK,Joginder Sharma,0,1,0
2011,MI v CSK,Suraj Randiv,2,4,50
2011,MI v CSK,Doug Bollinger,0,1,0
2011,DC v KXIP,David Warner,77,48,160.41
2011,DC v KXIP,Virender Sehwag,77,35,220
2011,DC v KXIP,Yogesh Nagar,11,9,122.22
2011,DC v KXIP,Venugopal Rao,28,15,186.66
2011,DC v KXIP,Aaron Finch,3,5,60
2011,DC v KXIP,Naman Ojha,19,8,237.5
2011,DC v KXIP,Adam Gilchrist,42,33,127.27
2011,DC v KXIP,Paul Valthaty,14,10,140
2011,DC v KXIP,Shaun Marsh,95,46,206.52
2011,DC v KXIP,Dinesh Karthik,6,5,120
2011,DC v KXIP,David Hussey,20,10,200
2011,DC v KXIP,Abhishek Nayar,17,13,130.76
2011,DC v KXIP,Sunny Singh,2,4,50
2011,DC v KXIP,Ryan Harris,1,1,100
2011,DC v MI,Davy Jacobs,32,20,160
2011,DC v MI,Sachin Tendulkar,28,24,116.66
2011,DC v MI,Ambati Rayudu,7,8,87.5
2011,DC v MI,Kieron Pollard,0,1,0
2011,DC v MI,Rohit Sharma,56,34,164.7
2011,DC v MI,Andrew Symonds,44,33,133.33
2011,DC v MI,Sunny Sohal,5,3,166.66
2011,DC v MI,Shikhar Dhawan,25,22,113.63
2011,DC v MI,Kumar Sangakkara,34,28,121.42
2011,DC v MI,Cameron White,1,7,14.28
2011,DC v MI,Bharat Chipli,6,8,75
2011,DC v MI,Daniel Christian,21,18,116.66
2011,DC v MI,Dwaraka Ravi Teja,1,4,25
2011,DC v MI,Amit Mishra,25,19,131.57
2011,DC v MI,Dale Steyn,4,9,44.44
2011,DC v MI,Ishant Sharma,1,2,50
2011,RR v Kochi,Mahela Jayawardene,13,13,100
2011,RR v Kochi,VVS Laxman,8,10,80
2011,RR v Kochi,Parthiv Patel,32,34,94.11
2011,RR v Kochi,Brad Hodge,8,14,57.14
2011,RR v Kochi,Ravindra Jadeja,22,23,95.65
2011,RR v Kochi,Raiphi Gomez,0,1,0
2011,RR v Kochi,Thisara Perera,1,4,25
2011,RR v Kochi,Kedar Jadhav,5,9,55.55
2011,RR v Kochi,Vinay Kumar,5,4,125
2011,RR v Kochi,Muttiah Muralitharan,5,8,62.5
2011,RR v Kochi,RP Singh,1,1,100
2011,RR v Kochi,Shane Watson,49,40,122.5
2011,RR v Kochi,Rahul Dravid,44,37,118.91
2011,RR v Kochi,Johan Botha,14,7,200
2011,RR v Kochi,Ross Taylor,2,1,200
2011,CSK v PWI,Murali Vijay,31,29,106.89
2011,CSK v PWI,Michael Hussey,61,48,127.08
2011,CSK v PWI,Suresh Raina,2,4,50
2011,CSK v PWI,MS Dhoni,26,21,123.8
2011,CSK v PWI,Albie Morkel,0,4,0
2011,CSK v PWI,S Badrinath,11,7,157.14
2011,CSK v PWI,Srikkanth Anirudha,7,7,100
2011,CSK v PWI,Jesse Ryder,15,11,136.36
2011,CSK v PWI,Mohnish  Mishra,9,9,100
2011,CSK v PWI,Manish Pandey,12,9,133.33
2011,CSK v PWI,Robin Uthappa,0,4,0
2011,CSK v PWI,Yuvraj Singh,34,43,79.06
2011,CSK v PWI,Mithun Manhas,20,23,86.95
2011,CSK v PWI,Nathan McCullum,15,16,93.75
2011,CSK v PWI,Rahul Sharma,1,1,100
2011,CSK v PWI,Jerome Taylor,2,1,200
2011,CSK v PWI,Murali Kartik,1,2,50
2011,CSK v PWI,Alfonso Thomas,1,2,50
2011,DC v RCB,David Warner,7,11,63.63
2011,DC v RCB,Virender Sehwag,25,18,138.88
2011,DC v RCB,James Hopes,54,43,125.58
2011,DC v RCB,Matthew Wade,8,9,88.88
2011,DC v RCB,Venugopal Rao,24,21,114.28
2011,DC v RCB,Naman Ojha,16,11,145.45
2011,DC v RCB,Irfan Pathan,13,7,185.71
2011,DC v RCB,Yogesh Nagar,0,2,0
2011,DC v RCB,Chris Gayle,26,14,185.71
2011,DC v RCB,Tillakaratne Dilshan,0,1,0
2011,DC v RCB,Virat Kohli,56,38,147.36
2011,DC v RCB,AB de Villiers,5,2,250
2011,DC v RCB,Saurabh Tiwary,18,20,90
2011,DC v RCB,Cheteshwar Pujara,7,12,58.33
2011,DC v RCB,Daniel Vettori,18,19,94.73
2011,DC v RCB,Abhimanyu Mithun,0,2,0
2011,DC v RCB,Jamaluddin Syed Mohammad,13,10,130
2011,PWI v CSK,Jesse Ryder,19,12,158.33
2011,PWI v CSK,Mohnish  Mishra,2,9,22.22
2011,PWI v CSK,Manish Pandey,10,13,76.92
2011,PWI v CSK,Mithun Manhas,0,4,0
2011,PWI v CSK,Yuvraj Singh,62,43,144.18
2011,PWI v CSK,Robin Uthappa,31,22,140.9
2011,PWI v CSK,Mitchell Marsh,11,15,73.33
2011,PWI v CSK,Jerome Taylor,1,2,50
2011,PWI v CSK,Michael Hussey,9,18,50
2011,PWI v CSK,Murali Vijay,31,31,100
2011,PWI v CSK,S Badrinath,63,44,143.18
2011,PWI v CSK,Suresh Raina,34,25,136
2011,Kochi v DC,Sunny Sohal,1,4,25
2011,Kochi v DC,Shikhar Dhawan,4,9,44.44
2011,Kochi v DC,Bharat Chipli,4,10,40
2011,Kochi v DC,Kumar Sangakkara,65,47,138.29
2011,Kochi v DC,Cameron White,31,34,91.17
2011,Kochi v DC,Daniel Christian,9,11,81.81
2011,Kochi v DC,Dwaraka Ravi Teja,8,5,160
2011,Kochi v DC,Amit Mishra,0,1,0
2011,Kochi v DC,Manpreet Gony,0,1,0
2011,Kochi v DC,Brendon McCullum,0,4,0
2011,Kochi v DC,Mahela Jayawardene,4,8,50
2011,Kochi v DC,Parthiv Patel,0,3,0
2011,Kochi v DC,Raiphi Gomez,0,1,0
2011,Kochi v DC,Brad Hodge,0,2,0
2011,Kochi v DC,Kedar Jadhav,0,2,0
2011,Kochi v DC,Ravindra Jadeja,23,35,65.71
2011,Kochi v DC,Thisara Perera,22,23,95.65
2011,Kochi v DC,Vinay Kumar,18,19,94.73
2011,Kochi v DC,Sreesanth,0,1,0
2011,Kochi v DC,RP Singh,0,1,0
2011,DC v KKR,Jacques Kallis,11,11,100
2011,DC v KKR,Shreevats Goswami,22,20,110
2011,DC v KKR,Gautam Gambhir,18,19,94.73
2011,DC v KKR,Manoj Tiwary,61,47,129.78
2011,DC v KKR,Yusuf Pathan,5,8,62.5
2011,DC v KKR,Eoin Morgan,0,1,0
2011,DC v KKR,Ryan ten Doeschate,19,12,158.33
2011,DC v KKR,Brett Lee,1,1,100
2011,DC v KKR,Lakshmipathy Balaji,3,1,300
2011,DC v KKR,David Warner,2,6,33.33
2011,DC v KKR,Virender Sehwag,34,23,147.82
2011,DC v KKR,James Hopes,25,30,83.33
2011,DC v KKR,Irfan Pathan,9,12,75
2011,DC v KKR,Travis Birt,8,11,72.72
2011,DC v KKR,Venugopal Rao,19,18,105.55
2011,DC v KKR,Naman Ojha,1,2,50
2011,DC v KKR,Yogesh Nagar,19,12,158.33
2011,DC v KKR,Ajit Agarkar,0,0,0
2011,DC v KKR,Morne Morkel,6,5,120
2011,DC v KKR,Umesh Yadav,1,1,100
2011,RR v MI,Davy Jacobs,15,15,100
2011,RR v MI,Sachin Tendulkar,7,7,100
2011,RR v MI,Ambati Rayudu,11,13,84.61
2011,RR v MI,Rohit Sharma,13,22,59.09
2011,RR v MI,Andrew Symonds,17,26,65.38
2011,RR v MI,Kieron Pollard,4,15,26.66
2011,RR v MI,Rajagopal Sathish,7,6,116.66
2011,RR v MI,Harbhajan Singh,10,7,142.85
2011,RR v MI,Lasith Malinga,1,4,25
2011,RR v MI,Ali Murtaza,2,5,40
2011,RR v MI,Shane Watson,26,32,81.25
2011,RR v MI,Rahul Dravid,5,16,31.25
2011,RR v MI,Johan Botha,45,39,115.38
2011,RR v MI,Ross Taylor,13,18,72.22
2011,RR v MI,Ashok Menaria,4,4,100
2011,RCB v PWI,Chris Gayle,49,26,188.46
2011,RCB v PWI,Tillakaratne Dilshan,15,19,78.94
2011,RCB v PWI,Virat Kohli,67,42,159.52
2011,RCB v PWI,AB de Villiers,26,20,130
2011,RCB v PWI,Saurabh Tiwary,14,8,175
2011,RCB v PWI,Mohammad Kaif,8,5,160
2011,RCB v PWI,Abhimanyu Mithun,0,0,0
2011,RCB v PWI,Jesse Ryder,51,34,150
2011,RCB v PWI,Tim Paine,8,17,47.05
2011,RCB v PWI,Manish Pandey,19,23,82.6
2011,RCB v PWI,Yuvraj Singh,41,23,178.26
2011,RCB v PWI,Robin Uthappa,23,17,135.29
2011,RCB v PWI,Mithun Manhas,3,5,60
2011,RCB v PWI,Harpreet Singh,1,1,100
2011,Kochi v DC,David Warner,3,7,42.85
2011,Kochi v DC,Virender Sehwag,80,47,170.21
2011,Kochi v DC,Naman Ojha,0,3,0
2011,Kochi v DC,Venugopal Rao,1,10,10
2011,Kochi v DC,Yogesh Nagar,22,30,73.33
2011,Kochi v DC,Travis Birt,20,13,153.84
2011,Kochi v DC,Irfan Pathan,13,7,185.71
2011,Kochi v DC,Roelof van der Merwe,2,4,50
2011,Kochi v DC,Brendon McCullum,7,7,100
2011,Kochi v DC,Michael Klinger,2,6,33.33
2011,Kochi v DC,Parthiv Patel,1,3,33.33
2011,Kochi v DC,Mahela Jayawardene,18,28,64.28
2011,Kochi v DC,Brad Hodge,27,25,108
2011,Kochi v DC,Ravindra Jadeja,31,22,140.9
2011,Kochi v DC,Balachandra Akhil,13,9,144.44
2011,Kochi v DC,Vinay Kumar,11,9,122.22
2011,Kochi v DC,Ramesh Powar,0,1,0
2011,Kochi v DC,Sreesanth,0,2,0
2011,Kochi v DC,RP Singh,1,1,100
2011,KKR v KXIP,Adam Gilchrist,26,27,96.29
2011,KKR v KXIP,Paul Valthaty,7,8,87.5
2011,KKR v KXIP,Shaun Marsh,5,7,71.42
2011,KKR v KXIP,Dinesh Karthik,42,42,100
2011,KKR v KXIP,Abhishek Nayar,0,2,0
2011,KKR v KXIP,David Hussey,15,20,75
2011,KKR v KXIP,Bipul Sharma,16,12,133.33
2011,KKR v KXIP,Praveen Kumar,2,2,100
2011,KKR v KXIP,Jacques Kallis,1,4,25
2011,KKR v KXIP,Eoin Morgan,28,15,186.66
2011,KKR v KXIP,Gautam Gambhir,45,44,102.27
2011,KKR v KXIP,Manoj Tiwary,34,41,82.92
2011,RR v PWI,Jesse Ryder,18,12,150
2011,RR v PWI,Manish Pandey,30,31,96.77
2011,RR v PWI,Robin Uthappa,35,21,166.66
2011,RR v PWI,Yuvraj Singh,7,11,63.63
2011,RR v PWI,Harpreet Singh,13,19,68.42
2011,RR v PWI,Mithun Manhas,24,19,126.31
2011,RR v PWI,Nathan McCullum,11,6,183.33
2011,RR v PWI,Rahul Sharma,0,1,0
2011,RR v PWI,Murali Kartik,0,0,0
2011,RR v PWI,Shane Watson,12,14,85.71
2011,RR v PWI,Rahul Dravid,18,20,90
2011,RR v PWI,Johan Botha,12,18,66.66
2011,RR v PWI,Ashok Menaria,29,22,131.81
2011,RR v PWI,Ross Taylor,47,35,134.28
2011,RR v PWI,Ajinkya Rahane,15,9,166.66
2011,CSK v DC,Murali Vijay,3,14,21.42
2011,CSK v DC,Michael Hussey,46,41,112.19
2011,CSK v DC,Suresh Raina,59,35,168.57
2011,CSK v DC,MS Dhoni,21,22,95.45
2011,CSK v DC,Albie Morkel,19,6,316.66
2011,CSK v DC,S Badrinath,5,2,250
2011,CSK v DC,Srikkanth Anirudha,3,2,150
2011,CSK v DC,Sunny Sohal,56,30,186.66
2011,CSK v DC,Shikhar Dhawan,19,27,70.37
2011,CSK v DC,Bharat Chipli,17,15,113.33
2011,CSK v DC,Kumar Sangakkara,15,12,125
2011,CSK v DC,Cameron White,13,18,72.22
2011,CSK v DC,Jean0Paul Duminy,17,11,154.54
2011,CSK v DC,Daniel Christian,1,1,100
2011,CSK v DC,Amit Mishra,2,5,40
2011,CSK v DC,Ishant Sharma,1,1,100
2011,MI v KXIP,Davy Jacobs,10,10,100
2011,MI v KXIP,Sachin Tendulkar,51,45,113.33
2011,MI v KXIP,Ambati Rayudu,51,37,137.83
2011,MI v KXIP,Kieron Pollard,20,11,181.81
2011,MI v KXIP,Rohit Sharma,18,11,163.63
2011,MI v KXIP,Andrew Symonds,4,6,66.66
2011,MI v KXIP,Tirumalasetti Suman,0,0,0
2011,MI v KXIP,Paul Valthaty,33,38,86.84
2011,MI v KXIP,Adam Gilchrist,0,2,0
2011,MI v KXIP,Shaun Marsh,61,47,129.78
2011,MI v KXIP,David Hussey,1,5,20
2011,MI v KXIP,Dinesh Karthik,1,2,50
2011,MI v KXIP,Abhishek Nayar,14,9,155.55
2011,MI v KXIP,Bipul Sharma,1,2,50
2011,MI v KXIP,Piyush Chawla,10,10,100
2011,MI v KXIP,Ryan Harris,1,2,50
2011,MI v KXIP,Praveen Kumar,2,3,66.66
2011,DC v Kochi,David Warner,13,15,86.66
2011,DC v Kochi,Virender Sehwag,15,9,166.66
2011,DC v Kochi,Naman Ojha,13,14,92.85
2011,DC v Kochi,Yogesh Nagar,18,23,78.26
2011,DC v Kochi,Venugopal Rao,40,36,111.11
2011,DC v Kochi,Travis Birt,27,15,180
2011,DC v Kochi,Irfan Pathan,5,6,83.33
2011,DC v Kochi,Roelof van der Merwe,2,3,66.66
2011,DC v Kochi,Michael Klinger,18,20,90
2011,DC v Kochi,Brendon McCullum,37,19,194.73
2011,DC v Kochi,Parthiv Patel,37,31,119.35
2011,DC v Kochi,Mahela Jayawardene,7,10,70
2011,DC v Kochi,Brad Hodge,24,13,184.61
2011,DC v KKR,Eoin Morgan,14,15,93.33
2011,DC v KKR,Jacques Kallis,30,31,96.77
2011,DC v KKR,Gautam Gambhir,35,22,159.09
2011,DC v KKR,Yusuf Pathan,47,26,180.76
2011,DC v KKR,Manoj Tiwary,33,28,117.85
2011,DC v KKR,Mark Boucher,0,0,0
2011,DC v KKR,Sunny Sohal,26,20,130
2011,DC v KKR,Shikhar Dhawan,54,45,120
2011,DC v KKR,Kumar Sangakkara,0,2,0
2011,DC v KKR,Cameron White,13,13,100
2011,DC v KKR,Daniel Christian,1,3,33.33
2011,DC v KKR,Dwaraka Ravi Teja,30,22,136.36
2011,DC v KKR,Bharat Chipli,12,7,171.42
2011,DC v KKR,Amit Mishra,9,9,100
2011,CSK v RR,Shane Watson,32,26,123.07
2011,CSK v RR,Rahul Dravid,66,51,129.41
2011,CSK v RR,Ashok Menaria,2,8,25
2011,CSK v RR,Johan Botha,8,6,133.33
2011,CSK v RR,Ross Taylor,20,14,142.85
2011,CSK v RR,Ajinkya Rahane,4,8,50
2011,CSK v RR,Stuart Binny,7,7,100
2011,CSK v RR,Dishant Yagnik,1,1,100
2011,CSK v RR,Michael Hussey,79,55,143.63
2011,CSK v RR,Murali Vijay,5,6,83.33
2011,CSK v RR,Suresh Raina,61,51,119.6
2011,CSK v RR,Albie Morkel,0,0,0
2011,PWI v MI,Aiden Blizzard,6,6,100
2011,PWI v MI,Sachin Tendulkar,24,24,100
2011,PWI v MI,Ambati Rayudu,27,28,96.42
2011,PWI v MI,Rohit Sharma,12,20,60
2011,PWI v MI,Tirumalasetti Suman,36,16,225
2011,PWI v MI,Kieron Pollard,28,21,133.33
2011,PWI v MI,Andrew Symonds,3,3,100
2011,PWI v MI,Harbhajan Singh,9,3,300
2011,PWI v MI,Jesse Ryder,0,1,0
2011,PWI v MI,Manish Pandey,59,47,125.53
2011,PWI v MI,Graeme Smith,6,12,50
2011,PWI v MI,Abhishek Jhunjhunwala,10,15,66.66
2011,PWI v MI,Yuvraj Singh,20,16,125
2011,PWI v MI,Robin Uthappa,34,26,130.76
2011,PWI v MI,Mithun Manhas,0,1,0
2011,PWI v MI,Shrikant Wagh,0,1,0
2011,PWI v MI,Rahul Sharma,0,1,0
2011,Kochi v KKR,Brendon McCullum,1,8,12.5
2011,Kochi v KKR,Michael Klinger,29,26,111.53
2011,Kochi v KKR,Parthiv Patel,21,16,131.25
2011,Kochi v KKR,Mahela Jayawardene,55,41,134.14
2011,Kochi v KKR,Ravindra Jadeja,8,11,72.72
2011,Kochi v KKR,Brad Hodge,35,19,184.21
2011,Kochi v KKR,Raiphi Gomez,1,1,100
2011,Kochi v KKR,Jacques Kallis,45,41,109.75
2011,Kochi v KKR,Eoin Morgan,66,51,129.41
2011,Kochi v KKR,Gautam Gambhir,0,1,0
2011,Kochi v KKR,Manoj Tiwary,1,7,14.28
2011,Kochi v KKR,Yusuf Pathan,17,13,130.76
2011,Kochi v KKR,Mark Boucher,5,4,125
2011,Kochi v KKR,Brett Lee,1,2,50
2011,Kochi v KKR,Rajat Bhatia,1,1,100
2011,SRH v DC,Shikhar Dhawan,29,18,161.11
2011,SRH v DC,Dwaraka Ravi Teja,2,9,22.22
2011,SRH v DC,Kumar Sangakkara,44,36,122.22
2011,SRH v DC,Jean0Paul Duminy,55,31,177.41
2011,SRH v DC,Daniel Christian,27,22,122.72
2011,SRH v DC,Bharat Chipli,1,2,50
2011,SRH v DC,Ishan Malhotra,7,4,175
2011,SRH v DC,Aaron Finch,0,2,0
2011,SRH v DC,Virender Sehwag,119,56,212.5
2011,SRH v DC,Naman Ojha,7,10,70
2011,SRH v DC,Venugopal Rao,3,11,27.27
2011,SRH v DC,Travis Birt,4,8,50
2011,SRH v DC,Irfan Pathan,12,15,80
2011,SRH v DC,James Hopes,17,10,170
2011,SRH v DC,Yogesh Nagar,7,3,233.33
2011,RCB v KXIP,Chris Gayle,107,49,218.36
2011,RCB v KXIP,Tillakaratne Dilshan,16,9,177.77
2011,RCB v KXIP,Virat Kohli,27,31,87.09
2011,RCB v KXIP,AB de Villiers,27,14,192.85
2011,RCB v KXIP,Saurabh Tiwary,13,9,144.44
2011,RCB v KXIP,Asad Pathan,0,1,0
2011,RCB v KXIP,Mohammad Kaif,3,4,75
2011,RCB v KXIP,Abhimanyu Mithun,6,3,200
2011,RCB v KXIP,Adam Gilchrist,0,1,0
2011,RCB v KXIP,Paul Valthaty,21,16,131.25
2011,RCB v KXIP,Abhishek Nayar,1,4,25
2011,RCB v KXIP,Shaun Marsh,4,8,50
2011,RCB v KXIP,Dinesh Karthik,20,15,133.33
2011,RCB v KXIP,Sunny Singh,4,5,80
2011,RCB v KXIP,Ryan McLaren,28,32,87.5
2011,RCB v KXIP,Piyush Chawla,5,6,83.33
2011,RCB v KXIP,Ryan Harris,17,25,68
2011,RCB v KXIP,Praveen Kumar,15,7,214.28
2011,RCB v KXIP,Love Ablish,0,2,0
2011,KKR v CSK,Michael Hussey,15,26,57.69
2011,KKR v CSK,Murali Vijay,5,14,35.71
2011,KKR v CSK,Suresh Raina,4,9,44.44
2011,KKR v CSK,S Badrinath,54,41,131.7
2011,KKR v CSK,Albie Morkel,30,30,100
2011,KKR v CSK,Eoin Morgan,5,6,83.33
2011,KKR v CSK,Jacques Kallis,21,23,91.3
2011,KKR v CSK,Gautam Gambhir,16,19,84.21
2011,KKR v CSK,Manoj Tiwary,15,12,125
2011,MI v DC,Aiden Blizzard,37,23,160.86
2011,MI v DC,Sachin Tendulkar,14,14,100
2011,MI v DC,Ambati Rayudu,59,39,151.28
2011,MI v DC,Rohit Sharma,49,32,153.12
2011,MI v DC,Kieron Pollard,9,8,112.5
2011,MI v DC,Andrew Symonds,4,4,100
2011,MI v DC,Virender Sehwag,2,4,50
2011,MI v DC,David Warner,1,2,50
2011,MI v DC,Colin Ingram,1,2,50
2011,MI v DC,Naman Ojha,1,7,14.28
2011,MI v DC,Venugopal Rao,37,27,137.03
2011,MI v DC,James Hopes,55,44,125
2011,MI v DC,Irfan Pathan,23,18,127.77
2011,MI v DC,Yogesh Nagar,0,1,0
2011,MI v DC,Ajit Agarkar,7,6,116.66
2011,MI v DC,Morne Morkel,10,9,111.11
2011,MI v DC,Shahbaz Nadeem,0,1,0
2011,RCB v Kochi,Michael Klinger,24,25,96
2011,RCB v Kochi,Brendon McCullum,22,16,137.5
2011,RCB v Kochi,Parthiv Patel,19,14,135.71
2011,RCB v Kochi,Mahela Jayawardene,3,7,42.85
2011,RCB v Kochi,Brad Hodge,5,12,41.66
2011,RCB v Kochi,Ravindra Jadeja,23,22,104.54
2011,RCB v Kochi,Raiphi Gomez,7,15,46.66
2011,RCB v Kochi,Vinay Kumar,3,3,100
2011,RCB v Kochi,Ramesh Powar,8,6,133.33
2011,RCB v Kochi,RP Singh,0,0,0
2011,RCB v Kochi,Prasanth Parameswaran,1,1,100
2011,RCB v Kochi,Chris Gayle,44,16,275
2011,RCB v Kochi,Tillakaratne Dilshan,52,31,167.74
2011,RCB v Kochi,Virat Kohli,27,33,81.81
2011,KXIP v PWI,Adam Gilchrist,3,8,37.5
2011,KXIP v PWI,Paul Valthaty,23,22,104.54
2011,KXIP v PWI,Shaun Marsh,32,28,114.28
2011,KXIP v PWI,Dinesh Karthik,30,27,111.11
2011,KXIP v PWI,David Hussey,4,5,80
2011,KXIP v PWI,Mandeep Singh,6,11,54.54
2011,KXIP v PWI,Siddharth Chitnis,9,9,100
2011,KXIP v PWI,Ryan Harris,4,4,100
2011,KXIP v PWI,Praveen Kumar,3,5,60
2011,KXIP v PWI,Shalabh Srivastava,1,1,100
2011,KXIP v PWI,Jesse Ryder,15,18,83.33
2011,KXIP v PWI,Manish Pandey,28,30,93.33
2011,KXIP v PWI,Robin Uthappa,22,18,122.22
2011,KXIP v PWI,Yuvraj Singh,35,15,233.33
2011,KXIP v PWI,Callum Ferguson,6,14,42.85
2011,KXIP v PWI,Abhishek Jhunjhunwala,0,3,0
2011,KXIP v PWI,Mitchell Marsh,2,6,33.33
2011,RR v CSK,Michael Hussey,46,30,153.33
2011,RR v CSK,Murali Vijay,53,40,132.5
2011,RR v CSK,Suresh Raina,43,27,159.25
2011,RR v CSK,MS Dhoni,41,19,215.78
2011,RR v CSK,Albie Morkel,5,4,125
2011,RR v CSK,Shane Watson,11,10,110
2011,RR v CSK,Rahul Dravid,20,16,125
2011,RR v CSK,Ajinkya Rahane,52,36,144.44
2011,RR v CSK,Ross Taylor,6,8,75
2011,RR v CSK,Ashok Menaria,2,5,40
2011,RR v CSK,Johan Botha,14,17,82.35
2011,RR v CSK,Abhishek Raut,19,14,135.71
2011,RR v CSK,Dishant Yagnik,3,7,42.85
2011,RR v CSK,Amit Singh,1,2,50
2011,RR v CSK,Siddharth Trivedi,0,0,0
2011,RR v CSK,Shane Warne,0,2,0
2011,DC v PWI,Shikhar Dhawan,24,17,141.17
2011,DC v PWI,Dwaraka Ravi Teja,30,27,111.11
2011,DC v PWI,Kumar Sangakkara,12,13,92.3
2011,DC v PWI,Jean0Paul Duminy,30,30,100
2011,DC v PWI,Daniel Christian,10,11,90.9
2011,DC v PWI,Bharat Chipli,18,14,128.57
2011,DC v PWI,Sunny Sohal,0,1,0
2011,DC v PWI,Amit Mishra,0,1,0
2011,DC v PWI,Dale Steyn,11,6,183.33
2011,DC v PWI,Ishant Sharma,0,0,0
2011,DC v PWI,Jesse Ryder,35,20,175
2011,DC v PWI,Manish Pandey,49,42,116.66
2011,DC v PWI,Sourav Ganguly,32,32,100
2011,DC v PWI,Robin Uthappa,1,3,33.33
2011,DC v PWI,Yuvraj Singh,2,6,33.33
2011,DC v PWI,Callum Ferguson,15,8,187.5
2011,KXIP v MI,Paul Valthaty,14,14,100
2011,KXIP v MI,Adam Gilchrist,28,28,100
2011,KXIP v MI,Shaun Marsh,43,34,126.47
2011,KXIP v MI,Dinesh Karthik,31,24,129.16
2011,KXIP v MI,David Hussey,0,3,0
2011,KXIP v MI,Mandeep Singh,8,5,160
2011,KXIP v MI,Bipul Sharma,6,4,150
2011,KXIP v MI,Ryan Harris,6,4,150
2011,KXIP v MI,Praveen Kumar,2,2,100
2011,KXIP v MI,Shalabh Srivastava,3,2,150
2011,KXIP v MI,Aiden Blizzard,15,10,150
2011,KXIP v MI,Sachin Tendulkar,6,9,66.66
2011,KXIP v MI,Rohit Sharma,5,5,100
2011,KXIP v MI,Andrew Symonds,8,6,133.33
2011,KXIP v MI,Ambati Rayudu,13,19,68.42
2011,KXIP v MI,Tirumalasetti Suman,4,5,80
2011,KXIP v MI,Kieron Pollard,17,11,154.54
2011,KXIP v MI,Harbhajan Singh,12,7,171.42
2011,KXIP v MI,Dhawal Kulkarni,2,4,50
2011,KXIP v MI,Lasith Malinga,0,0,0
2011,KXIP v MI,Munaf Patel,0,1,0
2011,RR v RCB,Shane Watson,34,29,117.24
2011,RR v RCB,Rahul Dravid,37,31,119.35
2011,RR v RCB,Ajinkya Rahane,17,10,170
2011,RR v RCB,Johan Botha,19,20,95
2011,RR v RCB,Ross Taylor,13,13,100
2011,RR v RCB,Ashok Menaria,8,6,133.33
2011,RR v RCB,Abhishek Raut,5,8,62.5
2011,RR v RCB,Dishant Yagnik,2,5,40
2011,RR v RCB,Chris Gayle,70,44,159.09
2011,RR v RCB,Tillakaratne Dilshan,38,24,158.33
2011,RR v RCB,Virat Kohli,39,34,114.7
2011,CSK v DC,Michael Hussey,5,4,125
2011,CSK v DC,Murali Vijay,35,33,106.06
2011,CSK v DC,Suresh Raina,14,10,140
2011,CSK v DC,S Badrinath,55,43,127.9
2011,CSK v DC,MS Dhoni,63,31,203.22
2011,CSK v DC,Wriddhiman Saha,0,0,0
2011,CSK v DC,Naman Ojha,25,14,178.57
2011,CSK v DC,David Warner,21,25,84
2011,CSK v DC,Colin Ingram,7,12,58.33
2011,CSK v DC,Irfan Pathan,44,34,129.41
2011,CSK v DC,Venugopal Rao,30,20,150
2011,CSK v DC,James Hopes,8,6,133.33
2011,CSK v DC,Andrew McDonald,8,7,114.28
2011,CSK v DC,Yogesh Nagar,1,2,50
2011,Kochi v KXIP,Brendon McCullum,32,27,118.51
2011,Kochi v KXIP,Mahela Jayawardene,76,52,146.15
2011,Kochi v KXIP,Ravindra Jadeja,17,18,94.44
2011,Kochi v KXIP,Brad Hodge,4,6,66.66
2011,Kochi v KXIP,Owais Shah,23,12,191.66
2011,Kochi v KXIP,Parthiv Patel,0,1,0
2011,Kochi v KXIP,Raiphi Gomez,2,3,66.66
2011,Kochi v KXIP,Vinay Kumar,1,1,100
2011,Kochi v KXIP,Adam Gilchrist,9,15,60
2011,Kochi v KXIP,Paul Valthaty,17,10,170
2011,Kochi v KXIP,Shaun Marsh,42,30,140
2011,Kochi v KXIP,Dinesh Karthik,69,33,209.09
2011,Kochi v KXIP,David Hussey,21,15,140
2011,Kochi v KXIP,Mandeep Singh,15,10,150
2011,RCB v KKR,Jacques Kallis,17,14,121.42
2011,RCB v KKR,Eoin Morgan,2,5,40
2011,RCB v KKR,Gautam Gambhir,7,9,77.77
2011,RCB v KKR,Manoj Tiwary,19,24,79.16
2011,RCB v KKR,Yusuf Pathan,36,24,150
2011,RCB v KKR,Mark Boucher,1,2,50
2011,RCB v KKR,Chris Gayle,38,12,316.66
2011,RCB v KKR,Luke Pomersbach,16,14,114.28
2011,RCB v KKR,Virat Kohli,15,15,100
2011,RCB v KKR,AB de Villiers,13,13,100
2011,RCB v KKR,Mohammad Kaif,15,13,115.38
2011,RCB v KKR,Arun Karthik,1,2,50
2011,RCB v KKR,Saurabh Tiwary,1,5,20
2011,RCB v KKR,Abhimanyu Mithun,0,0,0
2011,MI v DC,Michael Lumb,0,2,0
2011,MI v DC,Sunny Sohal,20,22,90.9
2011,MI v DC,Kumar Sangakkara,27,28,96.42
2011,MI v DC,Jean0Paul Duminy,8,10,80
2011,MI v DC,Bharat Chipli,10,11,90.9
2011,MI v DC,Daniel Christian,18,23,78.26
2011,MI v DC,Shikhar Dhawan,27,18,150
2011,MI v DC,Amit Mishra,18,6,300
2011,MI v DC,Sachin Tendulkar,37,42,88.09
2011,MI v DC,Aiden Blizzard,1,7,14.28
2011,MI v DC,Ambati Rayudu,2,8,25
2011,MI v DC,Rohit Sharma,4,6,66.66
2011,MI v DC,Andrew Symonds,8,19,42.1
2011,MI v DC,Tirumalasetti Suman,14,13,107.69
2011,MI v DC,Kieron Pollard,24,13,184.61
2011,MI v DC,Harbhajan Singh,17,12,141.66
2011,MI v DC,Lasith Malinga,0,0,0
2011,MI v DC,Dhawal Kulkarni,0,0,0
2011,KXIP v DC,Paul Valthaty,62,50,124
2011,KXIP v DC,Adam Gilchrist,9,9,100
2011,KXIP v DC,Shaun Marsh,46,28,164.28
2011,KXIP v DC,Dinesh Karthik,27,19,142.1
2011,KXIP v DC,David Hussey,3,4,75
2011,KXIP v DC,Mandeep Singh,11,7,157.14
2011,KXIP v DC,Ryan Harris,2,2,100
2011,KXIP v DC,Piyush Chawla,1,1,100
2011,KXIP v DC,Naman Ojha,28,28,100
2011,KXIP v DC,David Warner,29,29,100
2011,KXIP v DC,Venugopal Rao,16,13,123.07
2011,KXIP v DC,Sridharan Sriram,4,7,57.14
2011,KXIP v DC,Irfan Pathan,3,7,42.85
2011,KXIP v DC,James Hopes,7,7,100
2011,KXIP v DC,Travis Birt,16,11,145.45
2011,KXIP v DC,Yogesh Nagar,10,7,142.85
2011,KXIP v DC,Morne Morkel,16,6,266.66
2011,KXIP v DC,Varun Aaron,0,5,0
2011,Kochi v RR,Faiz Fazal,16,15,106.66
2011,Kochi v RR,Rahul Dravid,1,4,25
2011,Kochi v RR,Shane Watson,20,13,153.84
2011,Kochi v RR,Ajinkya Rahane,8,9,88.88
2011,Kochi v RR,Ashok Menaria,31,28,110.71
2011,Kochi v RR,Pinal Shah,5,5,100
2011,Kochi v RR,Jacob Oram,0,3,0
2011,Kochi v RR,Shane Warne,2,9,22.22
2011,Kochi v RR,Ankeet Chavan,1,3,33.33
2011,Kochi v RR,Shaun Tait,10,9,111.11
2011,Kochi v RR,Nayan Doshi,0,13,0
2011,Kochi v RR,Brendon McCullum,29,12,241.66
2011,Kochi v RR,Mahela Jayawardene,6,3,200
2011,Kochi v RR,Parthiv Patel,21,14,150
2011,Kochi v RR,Brad Hodge,33,17,194.11
2011,PWI v DC,Jesse Ryder,18,14,128.57
2011,PWI v DC,Manish Pandey,23,20,115
2011,PWI v DC,Sourav Ganguly,0,5,0
2011,PWI v DC,Robin Uthappa,4,5,80
2011,PWI v DC,Yuvraj Singh,23,17,135.29
2011,PWI v DC,Mithun Manhas,0,1,0
2011,PWI v DC,Callum Ferguson,11,13,84.61
2011,PWI v DC,Mitchell Marsh,37,28,132.14
2011,PWI v DC,Wayne Parnell,16,16,100
2011,PWI v DC,Bhuvneshwar Kumar,1,1,100
2011,PWI v DC,Sunny Sohal,34,28,121.42
2011,PWI v DC,Shikhar Dhawan,28,25,112
2011,PWI v DC,Kumar Sangakkara,25,21,119.04
2011,PWI v DC,Jean0Paul Duminy,23,26,88.46
2011,PWI v DC,Daniel Christian,14,12,116.66
2011,PWI v DC,Bharat Chipli,5,4,125
2011,KXIP v RCB,Paul Valthaty,20,17,117.64
2011,KXIP v RCB,Adam Gilchrist,106,55,192.72
2011,KXIP v RCB,Shaun Marsh,79,49,161.22
2011,KXIP v RCB,David Hussey,0,1,0
2011,KXIP v RCB,Chris Gayle,0,7,0
2011,KXIP v RCB,Saurabh Tiwary,6,11,54.54
2011,KXIP v RCB,Virat Kohli,11,11,100
2011,KXIP v RCB,AB de Villiers,34,27,125.92
2011,KXIP v RCB,Asad Pathan,7,4,175
2011,KXIP v RCB,Mohammad Kaif,15,11,136.36
2011,KXIP v RCB,Arun Karthik,6,6,100
2011,KXIP v RCB,Johan van der Wath,4,5,80
2011,KXIP v RCB,Abhimanyu Mithun,10,7,142.85
2011,KXIP v RCB,Charl Langeveldt,8,8,100
2011,KXIP v RCB,Sreenath Aravind,11,5,220
2011,CSK v Kochi,Michael Hussey,32,37,86.48
2011,CSK v Kochi,Murali Vijay,16,11,145.45
2011,CSK v Kochi,Suresh Raina,19,13,146.15
2011,CSK v Kochi,S Badrinath,13,10,130
2011,CSK v Kochi,Wriddhiman Saha,46,33,139.39
2011,CSK v Kochi,MS Dhoni,9,6,150
2011,CSK v Kochi,Albie Morkel,13,10,130
2011,CSK v Kochi,Parthiv Patel,6,7,85.71
2011,CSK v Kochi,Brendon McCullum,33,37,89.18
2011,CSK v Kochi,Gnaneswara Rao,19,17,111.76
2011,CSK v Kochi,Brad Hodge,51,42,121.42
2011,CSK v Kochi,Ravindra Jadeja,19,13,146.15
2011,CSK v Kochi,Owais Shah,3,3,100
2011,CSK v Kochi,Kedar Jadhav,1,1,100
2011,PWI v KKR,Jesse Ryder,1,6,16.66
2011,PWI v KKR,Manish Pandey,16,12,133.33
2011,PWI v KKR,Callum Ferguson,16,19,84.21
2011,PWI v KKR,Sourav Ganguly,18,22,81.81
2011,PWI v KKR,Robin Uthappa,12,19,63.15
2011,PWI v KKR,Yuvraj Singh,24,26,92.3
2011,PWI v KKR,Sachin Rana,18,16,112.5
2011,PWI v KKR,Wayne Parnell,1,1,100
2011,PWI v KKR,Gautam Gambhir,54,46,117.39
2011,PWI v KKR,Shreevats Goswami,6,3,200
2011,PWI v KKR,Manoj Tiwary,24,24,100
2011,PWI v KKR,Yusuf Pathan,29,25,116
2011,PWI v KKR,Rajat Bhatia,1,3,33.33
2011,MI v RR,Tirumalasetti Suman,5,6,83.33
2011,MI v RR,Sachin Tendulkar,31,35,88.57
2011,MI v RR,Ambati Rayudu,2,8,25
2011,MI v RR,Rohit Sharma,58,47,123.4
2011,MI v RR,Kieron Pollard,20,18,111.11
2011,MI v RR,James Franklin,11,5,220
2011,MI v RR,Harbhajan Singh,1,1,100
2011,MI v RR,Shane Watson,89,47,189.36
2011,MI v RR,Rahul Dravid,43,32,134.37
2011,KXIP v DC,Shikhar Dhawan,95,57,166.66
2011,KXIP v DC,Dwaraka Ravi Teja,60,41,146.34
2011,KXIP v DC,Jean0Paul Duminy,12,10,120
2011,KXIP v DC,Cameron White,15,12,125
2011,KXIP v DC,Paul Valthaty,5,6,83.33
2011,KXIP v DC,Adam Gilchrist,51,37,137.83
2011,KXIP v DC,Shaun Marsh,13,8,162.5
2011,KXIP v DC,Dinesh Karthik,11,14,78.57
2011,KXIP v DC,Ryan McLaren,9,14,64.28
2011,KXIP v DC,Abhishek Nayar,3,7,42.85
2011,KXIP v DC,Mandeep Singh,7,8,87.5
2011,KXIP v DC,Piyush Chawla,13,7,185.71
2011,KXIP v DC,Ryan Harris,0,1,0
2011,KXIP v DC,Praveen Kumar,0,7,0
2011,KXIP v DC,Bhargav Bhatt,0,5,0
2011,DC v PWI,Naman Ojha,8,19,42.1
2011,DC v PWI,David Warner,19,10,190
2011,DC v PWI,Matthew Wade,11,20,55
2011,DC v PWI,Colin Ingram,13,12,108.33
2011,DC v PWI,Venugopal Rao,0,1,0
2011,RCB v CSK,Michael Hussey,4,7,57.14
2011,RCB v CSK,Murali Vijay,6,9,66.66
2011,RCB v CSK,Suresh Raina,4,6,66.66
2011,RCB v CSK,S Badrinath,0,10,0
2011,RCB v CSK,Wriddhiman Saha,22,30,73.33
2011,RCB v CSK,MS Dhoni,70,40,175
2011,RCB v CSK,Dwayne Bravo,5,5,100
2011,RCB v CSK,Albie Morkel,5,9,55.55
2011,RCB v CSK,Ravichandran Ashwin,2,4,50
2011,RCB v CSK,Shadab Jakati,0,0,0
2011,RCB v CSK,AB de Villiers,0,3,0
2011,RCB v CSK,Chris Gayle,75,50,150
2011,RCB v CSK,Virat Kohli,31,29,106.89
2011,RCB v CSK,Saurabh Tiwary,13,26,50
2011,KKR v MI,Jacques Kallis,59,42,140.47
2011,KKR v MI,Shreevats Goswami,1,3,33.33
2011,KKR v MI,Gautam Gambhir,8,7,114.28
2011,KKR v MI,Manoj Tiwary,35,22,159.09
2011,KKR v MI,Yusuf Pathan,36,27,133.33
2011,KKR v MI,Ryan ten Doeschate,18,12,150
2011,KKR v MI,Rajat Bhatia,11,6,183.33
2011,KKR v MI,Shakib Al Hasan,1,1,100
2011,KKR v MI,Tirumalasetti Suman,4,4,100
2011,KKR v MI,Sachin Tendulkar,38,27,140.74
2011,KKR v MI,Harbhajan Singh,30,29,103.44
2011,KKR v MI,Rohit Sharma,10,9,111.11
2011,KKR v MI,Kieron Pollard,18,22,81.81
2011,KKR v MI,James Franklin,45,23,195.65
2011,KKR v MI,Ambati Rayudu,17,6,283.33
2011,CSK v RCB,Mayank Agarwal,34,33,103.03
2011,CSK v RCB,Chris Gayle,8,9,88.88
2011,CSK v RCB,Virat Kohli,70,44,159.09
2011,CSK v RCB,AB de Villiers,11,10,110
2011,CSK v RCB,Luke Pomersbach,29,18,161.11
2011,CSK v RCB,Saurabh Tiwary,9,6,150
2011,CSK v RCB,Michael Hussey,0,4,0
2011,CSK v RCB,Murali Vijay,5,5,100
2011,CSK v RCB,Suresh Raina,73,50,146
2011,CSK v RCB,S Badrinath,34,32,106.25
2011,CSK v RCB,MS Dhoni,29,19,152.63
2011,CSK v RCB,Albie Morkel,28,10,280
2011,MI v KKR,Gautam Gambhir,4,8,50
2011,MI v KKR,Jacques Kallis,7,7,100
2011,MI v KKR,Shreevats Goswami,0,3,0
2011,MI v KKR,Manoj Tiwary,4,7,57.14
2011,MI v KKR,Yusuf Pathan,26,24,108.33
2011,MI v KKR,Ryan ten Doeschate,70,49,142.85
2011,MI v KKR,Shakib Al Hasan,26,16,162.5
2011,MI v KKR,Rajat Bhatia,2,3,66.66
2011,MI v KKR,Brett Lee,2,3,66.66
2011,MI v KKR,Aiden Blizzard,51,30,170
2011,MI v KKR,Sachin Tendulkar,36,28,128.57
2011,MI v KKR,Rohit Sharma,0,0,0
2011,MI v KKR,Ambati Rayudu,12,16,75
2011,MI v KKR,James Franklin,29,25,116
2011,MI v KKR,Kieron Pollard,3,5,60
2011,MI v KKR,Tirumalasetti Suman,2,7,28.57
2011,MI v KKR,Harbhajan Singh,11,5,220
2011,MI v RCB,Mayank Agarwal,41,31,132.25
2011,MI v RCB,Chris Gayle,89,47,189.36
2011,MI v RCB,Virat Kohli,8,12,66.66
2011,MI v RCB,AB de Villiers,21,15,140
2011,MI v RCB,Luke Pomersbach,4,4,100
2011,MI v RCB,Saurabh Tiwary,8,12,66.66
2011,MI v RCB,Aiden Blizzard,10,11,90.9
2011,MI v RCB,Sachin Tendulkar,40,24,166.66
2011,MI v RCB,Harbhajan Singh,13,7,185.71
2011,MI v RCB,Rohit Sharma,13,15,86.66
2011,MI v RCB,James Franklin,16,17,94.11
2011,MI v RCB,Ambati Rayudu,0,1,0
2011,MI v RCB,Kieron Pollard,3,6,50
2011,MI v RCB,Rajagopal Sathish,18,21,85.71
2011,MI v RCB,Lasith Malinga,7,5,140
2011,MI v RCB,Abu Nechim,18,13,138.46
2011,CSK v RCB,Michael Hussey,63,45,140
2011,CSK v RCB,Murali Vijay,95,52,182.69
2011,CSK v RCB,MS Dhoni,22,13,169.23
2011,CSK v RCB,Suresh Raina,8,5,160
2011,CSK v RCB,Albie Morkel,2,4,50
2011,CSK v RCB,S Badrinath,0,0,0
2011,CSK v RCB,Dwayne Bravo,6,1,600
2011,CSK v RCB,Mayank Agarwal,10,5,200
2011,CSK v RCB,Chris Gayle,0,3,0
2011,CSK v RCB,Virat Kohli,35,32,109.37
2011,CSK v RCB,AB de Villiers,18,12,150
2011,CSK v RCB,Luke Pomersbach,2,3,66.66
2011,CSK v RCB,Saurabh Tiwary,42,34,123.52
2011,CSK v RCB,Daniel Vettori,0,1,0
2011,CSK v RCB,Abhimanyu Mithun,11,8,137.5
2011,CSK v RCB,Zaheer Khan,21,21,100
2011,CSK v RCB,Jamaluddin Syed Mohammad,2,2,100
