season,match_name,fullName,overs,conceded,wickets,economyRate
2012,CSK v MI,Lasith Malinga,3.5,16,2,4.17
2012,CSK v MI,Abu Nechim,2,17,0,8.5
2012,CSK v MI,Harbhajan Singh,4,24,0,6
2012,CSK v MI,James Franklin,2,18,1,9
2012,CSK v MI,Pragyan Ojha,4,17,2,4.25
2012,CSK v MI,Kieron Pollard,4,15,2,3.75
2012,CSK v MI,Albie Morkel,4,20,0,5
2012,CSK v MI,Doug Bollinger,3.5,34,1,8.86
2012,CSK v MI,Ravichandran Ashwin,4,20,0,5
2012,CSK v MI,Ravindra Jadeja,1,16,0,16
2012,CSK v MI,Dwayne Bravo,3,14,1,4.66
2012,CSK v MI,Shadab Jakati,1,8,0,8
2012,KKR v DC,Irfan Pathan,1,9,0,9
2012,KKR v DC,Roelof van der Merwe,3,28,2,9.33
2012,KKR v DC,Morne Morkel,3,18,3,6
2012,KKR v DC,Umesh Yadav,2,9,2,4.5
2012,KKR v DC,Glenn Maxwell,1,12,0,12
2012,KKR v DC,Shahbaz Nadeem,2,16,0,8
2012,KKR v DC,Brett Lee,2,15,0,7.5
2012,KKR v DC,Marchant de Lange,3,36,0,12
2012,KKR v DC,Iqbal Abdulla,1,8,0,8
2012,KKR v DC,Jacques Kallis,3,23,1,7.66
2012,KKR v DC,Rajat Bhatia,1.1,7,1,6
2012,KKR v DC,Yusuf Pathan,1,7,0,7
2012,MI v PWI,Lasith Malinga,4,16,2,4
2012,MI v PWI,Harbhajan Singh,3,16,1,5.33
2012,MI v PWI,Munaf Patel,4,26,2,6.5
2012,MI v PWI,Pragyan Ojha,4,23,1,5.75
2012,MI v PWI,Kieron Pollard,4,31,1,7.75
2012,MI v PWI,James Franklin,1,12,0,12
2012,MI v PWI,Murali Kartik,3,14,2,4.66
2012,MI v PWI,Ashok Dinda,4,18,4,4.5
2012,MI v PWI,Marlon Samuels,4,21,1,5.25
2012,MI v PWI,Wayne Parnell,3,18,1,6
2012,MI v PWI,Rahul Sharma,4,16,1,4
2012,MI v PWI,Bhuvneshwar Kumar,2,13,0,6.5
2012,RR v KXIP,Praveen Kumar,4,42,0,10.5
2012,RR v KXIP,James Faulkner,4,41,2,10.25
2012,RR v KXIP,Piyush Chawla,4,33,1,8.25
2012,RR v KXIP,Bipul Sharma,4,28,0,7
2012,RR v KXIP,Harmeet Singh,3,23,1,7.66
2012,RR v KXIP,Paul Valthaty,1,16,0,16
2012,RR v KXIP,Siddharth Trivedi,4,32,1,8
2012,RR v KXIP,Johan Botha,4,36,0,9
2012,RR v KXIP,Amit Singh,4,26,1,6.5
2012,RR v KXIP,Kevon Cooper,4,26,4,6.5
2012,RR v KXIP,Brad Hodge,1,8,0,8
2012,RR v KXIP,Ankeet Chavan,3,28,2,9.33
2012,RCB v DC,Irfan Pathan,4,47,0,11.75
2012,RCB v DC,Doug Bracewell,4,32,3,8
2012,RCB v DC,Morne Morkel,4,30,2,7.5
2012,RCB v DC,Umesh Yadav,2,8,0,4
2012,RCB v DC,Shahbaz Nadeem,4,26,1,6.5
2012,RCB v DC,Glenn Maxwell,2,10,1,5
2012,RCB v DC,Zaheer Khan,4,36,1,9
2012,RCB v DC,Vinay Kumar,4,25,0,6.25
2012,RCB v DC,Andrew McDonald,2,11,1,5.5
2012,RCB v DC,Daniel Vettori,4,28,1,7
2012,RCB v DC,Muttiah Muralitharan,4,25,3,6.25
2012,RCB v DC,Harshal Patel,2,10,0,5
2012,DC v CSK,Ankit Sharma,3,28,1,9.33
2012,DC v CSK,Dale Steyn,4,25,2,6.25
2012,DC v CSK,Manpreet Gony,4,54,0,13.5
2012,DC v CSK,Daniel Christian,4,26,2,6.5
2012,DC v CSK,Daniel Harris,1,11,0,11
2012,DC v CSK,TP Sudhindra,4,46,1,11.5
2012,DC v CSK,Ravichandran Ashwin,3,12,0,4
2012,DC v CSK,Albie Morkel,2,20,0,10
2012,DC v CSK,Doug Bollinger,2.1,20,2,9.23
2012,DC v CSK,Suresh Raina,2,10,1,5
2012,DC v CSK,Dwayne Bravo,1,10,0,10
2012,DC v CSK,Ravindra Jadeja,4,16,5,4
2012,DC v CSK,Shadab Jakati,2,14,2,7
2012,DC v CSK,Faf du Plessis,1,16,0,16
2012,RR v KKR,Brett Lee,4,29,2,7.25
2012,RR v KKR,Jacques Kallis,4,35,0,8.75
2012,RR v KKR,Sunil Narine,4,29,0,7.25
2012,RR v KKR,Iqbal Abdulla,2,16,0,8
2012,RR v KKR,Rajat Bhatia,4,27,1,6.75
2012,RR v KKR,Yusuf Pathan,2,28,0,14
2012,RR v KKR,Ankeet Chavan,4,23,2,5.75
2012,RR v KKR,Amit Singh,4,30,2,7.5
2012,RR v KKR,Kevon Cooper,4,28,3,7
2012,RR v KKR,Siddharth Trivedi,4,25,2,6.25
2012,RR v KKR,Johan Botha,4,34,1,8.5
2012,PWI v KXIP,Praveen Kumar,4,27,0,6.75
2012,PWI v KXIP,James Faulkner,4,31,1,7.75
2012,PWI v KXIP,Dimitri Mascarenhas,4,23,1,5.75
2012,PWI v KXIP,Bipul Sharma,2.4,40,0,15
2012,PWI v KXIP,Piyush Chawla,2,14,0,7
2012,PWI v KXIP,Harmeet Singh,3.2,24,3,7.2
2012,PWI v KXIP,Ashok Dinda,3,13,1,4.33
2012,PWI v KXIP,Marlon Samuels,4,23,1,5.75
2012,PWI v KXIP,Ashish Nehra,3,20,1,6.66
2012,PWI v KXIP,Rahul Sharma,4,34,2,8.5
2012,PWI v KXIP,Murali Kartik,3,23,0,7.66
2012,PWI v KXIP,Jesse Ryder,3,25,1,8.33
2012,DC v MI,Harbhajan Singh,4,18,0,4.5
2012,DC v MI,Munaf Patel,4,20,4,5
2012,DC v MI,Lasith Malinga,4,27,3,6.75
2012,DC v MI,Pragyan Ojha,4,39,0,9.75
2012,DC v MI,Kieron Pollard,4,33,2,8.25
2012,DC v MI,Ankit Sharma,4,18,0,4.5
2012,DC v MI,Dale Steyn,4,12,3,3
2012,DC v MI,Daniel Christian,4,49,1,12.25
2012,DC v MI,Anand Rajan,2,9,0,4.5
2012,DC v MI,Amit Mishra,4,31,1,7.75
2012,DC v MI,Cameron White,2,19,0,9.5
2012,RCB v KKR,Zaheer Khan,4,31,2,7.75
2012,RCB v KKR,Vinay Kumar,4,18,2,4.5
2012,RCB v KKR,Harshal Patel,4,46,1,11.5
2012,RCB v KKR,Muttiah Muralitharan,4,31,2,7.75
2012,RCB v KKR,Daniel Vettori,3,22,1,7.33
2012,RCB v KKR,Virat Kohli,1,13,0,13
2012,RCB v KKR,Brett Lee,4,21,0,5.25
2012,RCB v KKR,Jacques Kallis,2,7,2,3.5
2012,RCB v KKR,Lakshmipathy Balaji,4,18,4,4.5
2012,RCB v KKR,Rajat Bhatia,4,30,0,7.5
2012,RCB v KKR,Ryan ten Doeschate,3,24,1,8
2012,RCB v KKR,Shakib Al Hasan,3,21,2,7
2012,DC v CSK,Irfan Pathan,4,25,1,6.25
2012,DC v CSK,Umesh Yadav,3,24,1,8
2012,DC v CSK,Morne Morkel,4,19,2,4.75
2012,DC v CSK,Kevin Pietersen,2,16,0,8
2012,DC v CSK,Roelof van der Merwe,4,15,0,3.75
2012,DC v CSK,Shahbaz Nadeem,3,9,0,3
2012,DC v CSK,Albie Morkel,2,24,0,12
2012,DC v CSK,Doug Bollinger,2,18,0,9
2012,DC v CSK,Ravichandran Ashwin,3.2,21,1,6.3
2012,DC v CSK,Shadab Jakati,3,23,0,7.66
2012,DC v CSK,Ravindra Jadeja,2,19,0,9.5
2012,DC v CSK,Dwayne Bravo,1,5,0,5
2012,MI v RR,Ankeet Chavan,4,41,1,10.25
2012,MI v RR,Amit Singh,4,29,2,7.25
2012,MI v RR,Kevon Cooper,4,43,1,10.75
2012,MI v RR,Brad Hogg,4,31,2,7.75
2012,MI v RR,Siddharth Trivedi,3,25,0,8.33
2012,MI v RR,Johan Botha,1,22,0,22
2012,MI v RR,Lasith Malinga,4,13,2,3.25
2012,MI v RR,Munaf Patel,3.4,28,4,7.63
2012,MI v RR,James Franklin,2,22,0,11
2012,MI v RR,Pragyan Ojha,2,19,0,9.5
2012,MI v RR,Harbhajan Singh,4,43,0,10.75
2012,MI v RR,Kieron Pollard,4,44,4,11
2012,CSK v RCB,Ravichandran Ashwin,4,46,0,11.5
2012,CSK v RCB,Doug Bollinger,3,24,3,8
2012,CSK v RCB,Albie Morkel,4,37,2,9.25
2012,CSK v RCB,Dwayne Bravo,4,30,0,7.5
2012,CSK v RCB,Suresh Raina,1,21,0,21
2012,CSK v RCB,Shadab Jakati,2,27,0,13.5
2012,CSK v RCB,Ravindra Jadeja,2,18,2,9
2012,CSK v RCB,Daniel Vettori,4,30,0,7.5
2012,CSK v RCB,Zaheer Khan,4,32,1,8
2012,CSK v RCB,Vinay Kumar,4,53,1,13.25
2012,CSK v RCB,Raju Bhatkal,2,35,0,17.5
2012,CSK v RCB,Muttiah Muralitharan,4,21,3,5.25
2012,CSK v RCB,Virat Kohli,2,36,0,18
2012,KXIP v PWI,Praveen Kumar,4,19,0,4.75
2012,KXIP v PWI,Parvinder Awana,4,18,0,4.5
2012,KXIP v PWI,Dimitri Mascarenhas,4,25,5,6.25
2012,KXIP v PWI,Harmeet Singh,3,23,2,7.66
2012,KXIP v PWI,Piyush Chawla,4,23,1,5.75
2012,KXIP v PWI,Ashok Dinda,3,18,1,6
2012,KXIP v PWI,Ashish Nehra,3,22,0,7.33
2012,KXIP v PWI,Marlon Samuels,3.4,27,0,7.36
2012,KXIP v PWI,Angelo Mathews,3,20,1,6.66
2012,KXIP v PWI,Jesse Ryder,2,12,0,6
2012,KXIP v PWI,Rahul Sharma,3,17,1,5.66
2012,KKR v RR,Lakshmipathy Balaji,4,27,0,6.75
2012,KKR v RR,Jacques Kallis,3,26,0,8.66
2012,KKR v RR,Sunil Narine,4,22,1,5.5
2012,KKR v RR,Shakib Al Hasan,4,17,3,4.25
2012,KKR v RR,Yusuf Pathan,3,19,0,6.33
2012,KKR v RR,Rajat Bhatia,2,19,0,9.5
2012,KKR v RR,Johan Botha,4,22,1,5.5
2012,KKR v RR,Amit Singh,4,29,1,7.25
2012,KKR v RR,Ankeet Chavan,3.2,32,0,9.6
2012,KKR v RR,Brad Hogg,4,20,1,5
2012,KKR v RR,Siddharth Trivedi,3,25,0,8.33
2012,KKR v RR,Ashok Menaria,1,3,1,3
2012,PWI v CSK,Murali Kartik,3,18,0,6
2012,PWI v CSK,Ashok Dinda,4,30,1,7.5
2012,PWI v CSK,Ashish Nehra,4,43,1,10.75
2012,PWI v CSK,Rahul Sharma,3,16,2,5.33
2012,PWI v CSK,Marlon Samuels,4,29,0,7.25
2012,PWI v CSK,Angelo Mathews,2,18,1,9
2012,PWI v CSK,Nuwan Kulasekara,4,38,0,9.5
2012,PWI v CSK,Albie Morkel,2,22,0,11
2012,PWI v CSK,Ravichandran Ashwin,4,19,0,4.75
2012,PWI v CSK,Dwayne Bravo,3,31,0,10.33
2012,PWI v CSK,Suresh Raina,4,22,0,5.5
2012,PWI v CSK,Yo Mahesh,2.2,22,1,9.42
2012,KKR v KXIP,Yusuf Pathan,1,7,0,7
2012,KKR v KXIP,Jacques Kallis,4,30,0,7.5
2012,KKR v KXIP,Sunil Narine,4,19,5,4.75
2012,KKR v KXIP,Shakib Al Hasan,4,26,1,6.5
2012,KKR v KXIP,Jaydev Unadkat,3,32,0,10.66
2012,KKR v KXIP,Rajat Bhatia,4,14,2,3.5
2012,KKR v KXIP,Praveen Kumar,4,22,0,5.5
2012,KKR v KXIP,Bhargav Bhatt,4,24,2,6
2012,KKR v KXIP,Dimitri Mascarenhas,4,34,1,8.5
2012,KKR v KXIP,Harmeet Singh,4,27,1,6.75
2012,KKR v KXIP,Piyush Chawla,4,18,3,4.5
2012,RCB v RR,Zaheer Khan,4,15,1,3.75
2012,RCB v RR,Sreenath Aravind,3,48,0,16
2012,RCB v RR,Vinay Kumar,4,51,0,12.75
2012,RCB v RR,Daniel Vettori,4,20,1,5
2012,RCB v RR,Muttiah Muralitharan,4,35,0,8.75
2012,RCB v RR,Chris Gayle,1,21,0,21
2012,RCB v RR,Johan Botha,4,30,1,7.5
2012,RCB v RR,Pankaj Singh,4,18,2,4.5
2012,RCB v RR,Amit Singh,3.5,43,2,11.21
2012,RCB v RR,Brad Hogg,4,19,1,4.75
2012,RCB v RR,Siddharth Trivedi,4,25,4,6.25
2012,MI v DC,Irfan Pathan,4,12,1,3
2012,MI v DC,Shahbaz Nadeem,4,16,2,4
2012,MI v DC,Morne Morkel,4,22,2,5.5
2012,MI v DC,Ajit Agarkar,3.2,27,2,8.1
2012,MI v DC,Umesh Yadav,4,11,2,2.75
2012,MI v DC,Munaf Patel,3,15,0,5
2012,MI v DC,RP Singh,4,24,2,6
2012,MI v DC,Clint McKay,3,24,0,8
2012,MI v DC,Pragyan Ojha,4,19,1,4.75
2012,MI v DC,Kieron Pollard,0.5,6,0,7.2
2012,RR v DC,Pankaj Singh,3,37,0,12.33
2012,RR v DC,Amit Singh,4,55,0,13.75
2012,RR v DC,Johan Botha,4,29,0,7.25
2012,RR v DC,Siddharth Trivedi,4,27,1,6.75
2012,RR v DC,Brad Hogg,4,33,0,8.25
2012,RR v DC,Brad Hodge,1,13,1,13
2012,RR v DC,Ankit Sharma,4,33,0,8.25
2012,RR v DC,Dale Steyn,3.4,44,0,12
2012,RR v DC,Daniel Christian,4,43,1,10.75
2012,RR v DC,Anand Rajan,4,45,1,11.25
2012,RR v DC,Amit Mishra,4,32,3,8
2012,RCB v PWI,Zaheer Khan,4,34,0,8.5
2012,RCB v PWI,Tillakaratne Dilshan,2,24,0,12
2012,RCB v PWI,Vinay Kumar,4,34,2,8.5
2012,RCB v PWI,Harshal Patel,4,29,1,7.25
2012,RCB v PWI,Daniel Vettori,4,34,1,8.5
2012,RCB v PWI,KP Appanna,2,23,0,11.5
2012,RCB v PWI,Ashok Dinda,4,28,1,7
2012,RCB v PWI,Ashish Nehra,4,54,1,13.5
2012,RCB v PWI,Bhuvneshwar Kumar,4,27,0,6.75
2012,RCB v PWI,Marlon Samuels,2,5,1,2.5
2012,RCB v PWI,Angelo Mathews,4,35,1,8.75
2012,RCB v PWI,Rahul Sharma,2,35,0,17.5
2012,KXIP v KKR,Brett Lee,4,26,2,6.5
2012,KXIP v KKR,Jacques Kallis,3,23,0,7.66
2012,KXIP v KKR,Sunil Narine,4,24,2,6
2012,KXIP v KKR,Lakshmipathy Balaji,4,20,1,5
2012,KXIP v KKR,Yusuf Pathan,1,7,0,7
2012,KXIP v KKR,Rajat Bhatia,4,23,1,5.75
2012,KXIP v KKR,Praveen Kumar,3,23,0,7.66
2012,KXIP v KKR,Dimitri Mascarenhas,4,23,0,5.75
2012,KXIP v KKR,Harmeet Singh,2,26,0,13
2012,KXIP v KKR,Piyush Chawla,4,19,2,4.75
2012,KXIP v KKR,Bhargav Bhatt,3.3,32,0,9.14
2012,DC v SRH,Irfan Pathan,4,27,0,6.75
2012,DC v SRH,Kevin Pietersen,2,16,0,8
2012,DC v SRH,Morne Morkel,4,23,3,5.75
2012,DC v SRH,Ajit Agarkar,3,42,0,14
2012,DC v SRH,Umesh Yadav,3,33,1,11
2012,DC v SRH,Shahbaz Nadeem,4,16,3,4
2012,DC v SRH,Veer Pratap Singh,4,31,1,7.75
2012,DC v SRH,Dale Steyn,4,19,2,4.75
2012,DC v SRH,Daniel Christian,4,35,1,8.75
2012,DC v SRH,Jean0Paul Duminy,3,33,0,11
2012,DC v SRH,Amit Mishra,2,26,0,13
2012,DC v SRH,Ankit Sharma,2.1,18,0,8.3
2012,CSK v PWI,Murali Kartik,4,24,0,6
2012,CSK v PWI,Ashish Nehra,4,23,2,5.75
2012,CSK v PWI,Bhuvneshwar Kumar,3,37,0,12.33
2012,CSK v PWI,Marlon Samuels,4,39,3,9.75
2012,CSK v PWI,Rahul Sharma,4,28,0,7
2012,CSK v PWI,Angelo Mathews,1,12,0,12
2012,CSK v PWI,Doug Bollinger,3,30,1,10
2012,CSK v PWI,Nuwan Kulasekara,2,10,2,5
2012,CSK v PWI,Ravichandran Ashwin,4,35,1,8.75
2012,CSK v PWI,Dwayne Bravo,4,28,2,7
2012,CSK v PWI,Shadab Jakati,3,20,1,6.66
2012,CSK v PWI,Ravindra Jadeja,4,21,0,5.25
2012,KXIP v RCB,Zaheer Khan,4,25,2,6.25
2012,KXIP v RCB,Vinay Kumar,4,40,1,10
2012,KXIP v RCB,Harshal Patel,4,44,1,11
2012,KXIP v RCB,Andrew McDonald,4,25,2,6.25
2012,KXIP v RCB,Daniel Vettori,4,24,0,6
2012,KXIP v RCB,Praveen Kumar,4,35,0,8.75
2012,KXIP v RCB,Parvinder Awana,4,34,4,8.5
2012,KXIP v RCB,Piyush Chawla,4,21,1,5.25
2012,KXIP v RCB,Harmeet Singh,4,46,0,11.5
2012,KXIP v RCB,Azhar Mahmood,3.3,30,0,8.57
2012,CSK v RR,Nuwan Kulasekara,4,17,1,4.25
2012,CSK v RR,Doug Bollinger,4,31,1,7.75
2012,CSK v RR,Dwayne Bravo,3,32,0,10.66
2012,CSK v RR,Ravichandran Ashwin,4,19,1,4.75
2012,CSK v RR,Shadab Jakati,2,12,1,6
2012,CSK v RR,Ravindra Jadeja,3,32,0,10.66
2012,CSK v RR,Ashok Menaria,2,10,0,5
2012,CSK v RR,Stuart Binny,2,20,0,10
2012,CSK v RR,Amit Singh,4,45,0,11.25
2012,CSK v RR,Kevon Cooper,4,23,2,5.75
2012,CSK v RR,Brad Hogg,4,18,1,4.5
2012,CSK v RR,Siddharth Trivedi,4,30,0,7.5
2012,DC v PWI,Irfan Pathan,4,25,0,6.25
2012,DC v PWI,Shahbaz Nadeem,4,44,0,11
2012,DC v PWI,Morne Morkel,4,50,3,12.5
2012,DC v PWI,Umesh Yadav,4,29,0,7.25
2012,DC v PWI,Kevin Pietersen,2,21,0,10.5
2012,DC v PWI,Virender Sehwag,1,9,0,9
2012,DC v PWI,Yogesh Nagar,1,10,0,10
2012,DC v PWI,Alfonso Thomas,4,22,3,5.5
2012,DC v PWI,Ashish Nehra,4,26,0,6.5
2012,DC v PWI,Murali Kartik,3,25,1,8.33
2012,DC v PWI,Angelo Mathews,2,32,0,16
2012,DC v PWI,Rahul Sharma,2,20,0,10
2012,DC v PWI,Jesse Ryder,1,18,0,18
2012,DC v PWI,Sourav Ganguly,4,27,2,6.75
2012,MI v KXIP,Praveen Kumar,4,36,2,9
2012,MI v KXIP,Bhargav Bhatt,3,33,0,11
2012,MI v KXIP,Parvinder Awana,4,23,2,5.75
2012,MI v KXIP,Azhar Mahmood,4,39,0,9.75
2012,MI v KXIP,Piyush Chawla,4,19,0,4.75
2012,MI v KXIP,David Hussey,1,12,0,12
2012,MI v KXIP,Munaf Patel,4,41,0,10.25
2012,MI v KXIP,RP Singh,3,28,0,9.33
2012,MI v KXIP,Pragyan Ojha,3,28,2,9.33
2012,MI v KXIP,Kieron Pollard,4,14,2,3.5
2012,MI v KXIP,Harbhajan Singh,4,34,0,8.5
2012,MI v KXIP,Thisara Perera,1.3,19,0,12.66
2012,DC v KKR,Yusuf Pathan,2,19,0,9.5
2012,DC v KKR,Brett Lee,4,15,1,3.75
2012,DC v KKR,Sunil Narine,4,26,2,6.5
2012,DC v KKR,Lakshmipathy Balaji,4,22,2,5.5
2012,DC v KKR,Jacques Kallis,2,16,0,8
2012,DC v KKR,Rajat Bhatia,4,26,1,6.5
2012,DC v KKR,Dale Steyn,4,24,2,6
2012,DC v KKR,Ankit Sharma,4,19,1,4.75
2012,DC v KKR,Veer Pratap Singh,4,35,0,8.75
2012,DC v KKR,Amit Mishra,4,27,1,6.75
2012,DC v KKR,Cameron White,1,8,0,8
2012,DC v KKR,Anand Rajan,2,11,1,5.5
2012,DC v KKR,Jean0Paul Duminy,0,1,0,0
2012,RR v RCB,Ajit  Chandila,4,29,0,7.25
2012,RR v RCB,Pankaj Singh,4,32,1,8
2012,RR v RCB,Kevon Cooper,4,35,0,8.75
2012,RR v RCB,Siddharth Trivedi,4,44,0,11
2012,RR v RCB,Brad Hogg,4,39,2,9.75
2012,RR v RCB,Zaheer Khan,4,30,1,7.5
2012,RR v RCB,Vinay Kumar,4,37,0,9.25
2012,RR v RCB,Daniel Vettori,4,20,0,5
2012,RR v RCB,KP Appanna,4,19,4,4.75
2012,RR v RCB,Harshal Patel,4,32,2,8
2012,PWI v DC,Irfan Pathan,4,23,1,5.75
2012,PWI v DC,Morne Morkel,4,34,1,8.5
2012,PWI v DC,Umesh Yadav,4,40,0,10
2012,PWI v DC,Pawan Negi,4,22,0,5.5
2012,PWI v DC,Shahbaz Nadeem,4,22,0,5.5
2012,PWI v DC,Alfonso Thomas,2,14,0,7
2012,PWI v DC,Ashish Nehra,3,34,0,11.33
2012,PWI v DC,Luke Wright,2,24,0,12
2012,PWI v DC,Sourav Ganguly,1,12,0,12
2012,PWI v DC,Murali Kartik,4,26,0,6.5
2012,PWI v DC,Rahul Sharma,4,33,1,8.25
2012,KXIP v MI,Robin Peterson,1,3,0,3
2012,KXIP v MI,RP Singh,4,27,1,6.75
2012,KXIP v MI,Clint McKay,4,36,1,9
2012,KXIP v MI,Munaf Patel,4,41,0,10.25
2012,KXIP v MI,Harbhajan Singh,3,29,0,9.66
2012,KXIP v MI,Kieron Pollard,3,27,0,9
2012,KXIP v MI,James Franklin,1,5,1,5
2012,KXIP v MI,Praveen Kumar,4,25,0,6.25
2012,KXIP v MI,Bhargav Bhatt,4,34,0,8.5
2012,KXIP v MI,Parvinder Awana,4,39,3,9.75
2012,KXIP v MI,Piyush Chawla,4,46,1,11.5
2012,KXIP v MI,Azhar Mahmood,3.5,23,2,6
2012,PWI v DC,Ashish Nehra,4,29,0,7.25
2012,PWI v DC,Alfonso Thomas,4,27,0,6.75
2012,PWI v DC,Marlon Samuels,4,39,1,9.75
2012,PWI v DC,Bhuvneshwar Kumar,4,34,1,8.5
2012,PWI v DC,Rahul Sharma,4,39,1,9.75
2012,PWI v DC,Ankit Sharma,2,11,1,5.5
2012,PWI v DC,Jean0Paul Duminy,3,24,0,8
2012,PWI v DC,Manpreet Gony,4,27,1,6.75
2012,PWI v DC,Rusty Theron,4,37,2,9.25
2012,PWI v DC,Amit Mishra,3,25,0,8.33
2012,PWI v DC,Ashish Reddy,4,32,2,8
2012,DC v MI,Lasith Malinga,4,31,2,7.75
2012,DC v MI,RP Singh,4,41,0,10.25
2012,DC v MI,Rahul Shukla,3,31,0,10.33
2012,DC v MI,Harbhajan Singh,4,42,0,10.5
2012,DC v MI,Robin Peterson,4,37,3,9.25
2012,DC v MI,Kieron Pollard,1,23,0,23
2012,DC v MI,Irfan Pathan,4,46,2,11.5
2012,DC v MI,Shahbaz Nadeem,4,35,2,8.75
2012,DC v MI,Morne Morkel,4,21,1,5.25
2012,DC v MI,Umesh Yadav,4,36,2,9
2012,DC v MI,Ajit Agarkar,4,32,1,8
2012,CSK v KXIP,Nuwan Kulasekara,4,29,1,7.25
2012,CSK v KXIP,Albie Morkel,4,29,3,7.25
2012,CSK v KXIP,Ravichandran Ashwin,4,25,0,6.25
2012,CSK v KXIP,Shadab Jakati,2,22,0,11
2012,CSK v KXIP,Suresh Raina,1,8,0,8
2012,CSK v KXIP,Dwayne Bravo,4,28,2,7
2012,CSK v KXIP,Ravindra Jadeja,1,15,0,15
2012,CSK v KXIP,Praveen Kumar,4,40,1,10
2012,CSK v KXIP,Bhargav Bhatt,2,13,0,6.5
2012,CSK v KXIP,Bipul Sharma,1,11,0,11
2012,CSK v KXIP,Parvinder Awana,4,34,0,8.5
2012,CSK v KXIP,Azhar Mahmood,4,25,3,6.25
2012,CSK v KXIP,Piyush Chawla,4,20,2,5
2012,CSK v KXIP,David Hussey,1,3,1,3
2012,KKR v RCB,Zaheer Khan,4,48,1,12
2012,KKR v RCB,Daniel Vettori,4,29,1,7.25
2012,KKR v RCB,KP Appanna,3,27,0,9
2012,KKR v RCB,Vinay Kumar,4,31,2,7.75
2012,KKR v RCB,Tillakaratne Dilshan,2,19,0,9.5
2012,KKR v RCB,Harshal Patel,3,35,0,11.66
2012,KKR v RCB,Yusuf Pathan,4,19,1,4.75
2012,KKR v RCB,Brett Lee,4,34,0,8.5
2012,KKR v RCB,Sunil Narine,4,11,1,2.75
2012,KKR v RCB,Jacques Kallis,4,31,2,7.75
2012,KKR v RCB,Rajat Bhatia,3,41,1,13.66
2012,KKR v RCB,Laxmi Shukla,1,5,1,5
2012,DC v RR,Ankeet Chavan,4,31,1,7.75
2012,DC v RR,Pankaj Singh,4,25,2,6.25
2012,DC v RR,Amit Singh,4,41,2,10.25
2012,DC v RR,Kevon Cooper,4,19,0,4.75
2012,DC v RR,Brad Hogg,4,31,1,7.75
2012,DC v RR,Irfan Pathan,4,27,1,6.75
2012,DC v RR,Shahbaz Nadeem,4,30,0,7.5
2012,DC v RR,Morne Morkel,4,26,1,6.5
2012,DC v RR,Umesh Yadav,4,35,0,8.75
2012,DC v RR,Ajit Agarkar,4,33,0,8.25
2012,MI v DC,Harbhajan Singh,4,13,2,3.25
2012,MI v DC,RP Singh,3,20,1,6.66
2012,MI v DC,Munaf Patel,4,23,1,5.75
2012,MI v DC,Lasith Malinga,3.4,16,4,4.36
2012,MI v DC,James Franklin,3,18,2,6
2012,MI v DC,Robin Peterson,1,8,0,8
2012,MI v DC,Dale Steyn,4,10,2,2.5
2012,MI v DC,Veer Pratap Singh,4,28,1,7
2012,MI v DC,Daniel Christian,3,14,0,4.66
2012,MI v DC,Amit Mishra,4,29,0,7.25
2012,MI v DC,Ashish Reddy,2.1,11,1,5.07
2012,MI v DC,Jean0Paul Duminy,1,8,1,8
2012,CSK v KKR,Iqbal Abdulla,3,18,0,6
2012,CSK v KKR,Brett Lee,4,34,1,8.5
2012,CSK v KKR,Yusuf Pathan,1,10,0,10
2012,CSK v KKR,Sunil Narine,4,24,1,6
2012,CSK v KKR,Jacques Kallis,4,21,2,5.25
2012,CSK v KKR,Rajat Bhatia,3,22,0,7.33
2012,CSK v KKR,Laxmi Shukla,1,7,0,7
2012,CSK v KKR,Shadab Jakati,2,17,0,8.5
2012,CSK v KKR,Albie Morkel,4,24,1,6
2012,CSK v KKR,Ravichandran Ashwin,3.4,22,2,6
2012,CSK v KKR,Yo Mahesh,1,11,0,11
2012,CSK v KKR,Ravindra Jadeja,2,13,0,6.5
2012,CSK v KKR,Dwayne Bravo,4,27,2,6.75
2012,CSK v KKR,Suresh Raina,3,22,0,7.33
2012,DC v PWI,Marlon Samuels,3,33,1,11
2012,DC v PWI,Wayne Parnell,4,25,1,6.25
2012,DC v PWI,Ashish Nehra,4,41,1,10.25
2012,DC v PWI,Bhuvneshwar Kumar,4,22,1,5.5
2012,DC v PWI,Murali Kartik,2,16,0,8
2012,DC v PWI,Sourav Ganguly,3,39,0,13
2012,DC v PWI,Ankit Sharma,2,9,1,4.5
2012,DC v PWI,Jean0Paul Duminy,3,25,0,8.33
2012,DC v PWI,Veer Pratap Singh,4,31,1,7.75
2012,DC v PWI,Dale Steyn,4,46,0,11.5
2012,DC v PWI,Amit Mishra,3,20,0,6.66
2012,DC v PWI,Ashish Reddy,3,32,1,10.66
2012,DC v PWI,Shikhar Dhawan,1,9,1,9
2012,RR v DC,Irfan Pathan,2,22,0,11
2012,RR v DC,Umesh Yadav,4,28,1,7
2012,RR v DC,Morne Morkel,4,23,1,5.75
2012,RR v DC,Shahbaz Nadeem,4,33,0,8.25
2012,RR v DC,Pawan Negi,4,18,4,4.5
2012,RR v DC,Virender Sehwag,2,15,0,7.5
2012,RR v DC,Ankeet Chavan,4,29,1,7.25
2012,RR v DC,Pankaj Singh,2,24,0,12
2012,RR v DC,Shane Watson,4,29,1,7.25
2012,RR v DC,Amit Singh,1,12,0,12
2012,RR v DC,Brad Hogg,4,32,2,8
2012,RR v DC,Ashok Menaria,0.2,10,0,30
2012,RCB v KXIP,Praveen Kumar,4,8,0,2
2012,RCB v KXIP,Ryan Harris,2,21,1,10.5
2012,RCB v KXIP,Parvinder Awana,4,48,0,12
2012,RCB v KXIP,Azhar Mahmood,4,20,3,5
2012,RCB v KXIP,Piyush Chawla,3,35,1,11.66
2012,RCB v KXIP,Abhishek Nayar,1,16,0,16
2012,RCB v KXIP,David Hussey,2,9,0,4.5
2012,RCB v KXIP,Zaheer Khan,4,31,0,7.75
2012,RCB v KXIP,Vinay Kumar,3.5,32,0,8.34
2012,RCB v KXIP,Andrew McDonald,4,25,2,6.25
2012,RCB v KXIP,Daniel Vettori,4,29,0,7.25
2012,RCB v KXIP,KP Appanna,3,30,1,10
2012,RCB v KXIP,Asad Pathan,1,14,0,14
2012,PWI v MI,Murali Kartik,3,27,0,9
2012,PWI v MI,Ashok Dinda,4,34,1,8.5
2012,PWI v MI,Wayne Parnell,4,18,0,4.5
2012,PWI v MI,Bhuvneshwar Kumar,3,9,2,3
2012,PWI v MI,Ashish Nehra,4,19,2,4.75
2012,PWI v MI,Michael Clarke,2,9,0,4.5
2012,PWI v MI,Lasith Malinga,4,25,2,6.25
2012,PWI v MI,Munaf Patel,4,24,1,6
2012,PWI v MI,Harbhajan Singh,4,18,2,4.5
2012,PWI v MI,Pragyan Ojha,4,24,1,6
2012,PWI v MI,James Franklin,3,20,0,6.66
2012,PWI v MI,Thisara Perera,1,8,0,8
2012,CSK v DC,Ankit Sharma,2,13,0,6.5
2012,CSK v DC,Dale Steyn,4,25,0,6.25
2012,CSK v DC,Veer Pratap Singh,3,35,2,11.66
2012,CSK v DC,Daniel Christian,4,35,1,8.75
2012,CSK v DC,Abhishek Jhunjhunwala,3,13,1,4.33
2012,CSK v DC,Amit Mishra,2,18,1,9
2012,CSK v DC,Ashish Reddy,2,16,1,8
2012,CSK v DC,Ben Hilfenhaus,4,31,1,7.75
2012,CSK v DC,Albie Morkel,3,16,1,5.33
2012,CSK v DC,Dwayne Bravo,4,35,0,8.75
2012,CSK v DC,Ravichandran Ashwin,3,19,0,6.33
2012,CSK v DC,Shadab Jakati,2,17,0,8.5
2012,CSK v DC,Suresh Raina,1,5,1,5
2012,CSK v DC,Ravindra Jadeja,3,25,0,8.33
2012,KKR v PWI,Murali Kartik,4,22,1,5.5
2012,KKR v PWI,Ashok Dinda,2,28,0,14
2012,KKR v PWI,Bhuvneshwar Kumar,4,26,2,6.5
2012,KKR v PWI,Wayne Parnell,4,37,0,9.25
2012,KKR v PWI,Michael Clarke,2,14,0,7
2012,KKR v PWI,Angelo Mathews,4,17,2,4.25
2012,KKR v PWI,Iqbal Abdulla,4,26,1,6.5
2012,KKR v PWI,Marchant de Lange,4,34,3,8.5
2012,KKR v PWI,Jacques Kallis,2,16,1,8
2012,KKR v PWI,Sunil Narine,4,13,1,3.25
2012,KKR v PWI,Rajat Bhatia,4,27,1,6.75
2012,KKR v PWI,Yusuf Pathan,2,23,0,11.5
2012,KXIP v RR,Praveen Kumar,4,32,0,8
2012,KXIP v RR,Ryan Harris,4,34,4,8.5
2012,KXIP v RR,Parvinder Awana,4,34,0,8.5
2012,KXIP v RR,Azhar Mahmood,4,37,0,9.25
2012,KXIP v RR,Piyush Chawla,4,38,2,9.5
2012,KXIP v RR,Ankeet Chavan,3,32,0,10.66
2012,KXIP v RR,Shane Watson,4,22,2,5.5
2012,KXIP v RR,Shaun Tait,4,18,2,4.5
2012,KXIP v RR,Johan Botha,4,21,2,5.25
2012,KXIP v RR,Siddharth Trivedi,4,28,1,7
2012,KXIP v RR,Stuart Binny,1,8,1,8
2012,MI v CSK,Robin Peterson,2,22,0,11
2012,MI v CSK,RP Singh,4,28,3,7
2012,MI v CSK,Munaf Patel,4,46,0,11.5
2012,MI v CSK,Lasith Malinga,4,25,3,6.25
2012,MI v CSK,Harbhajan Singh,3,14,0,4.66
2012,MI v CSK,Dwayne Smith,2,26,0,13
2012,MI v CSK,James Franklin,1,8,1,8
2012,MI v CSK,Ben Hilfenhaus,4,34,2,8.5
2012,MI v CSK,Albie Morkel,3,34,0,11.33
2012,MI v CSK,Ravichandran Ashwin,4,28,1,7
2012,MI v CSK,Dwayne Bravo,4,39,2,9.75
2012,MI v CSK,Shadab Jakati,3,27,0,9
2012,MI v CSK,Ravindra Jadeja,2,12,2,6
2012,RCB v DC,Zaheer Khan,4,32,0,8
2012,RCB v DC,Abhimanyu Mithun,3,33,0,11
2012,RCB v DC,Prasanth Parameswaran,4,45,1,11.25
2012,RCB v DC,Muttiah Muralitharan,4,18,0,4.5
2012,RCB v DC,Tillakaratne Dilshan,1,17,0,17
2012,RCB v DC,Jamaluddin Syed Mohammad,3,27,0,9
2012,RCB v DC,Chris Gayle,1,6,0,6
2012,RCB v DC,Shikhar Dhawan,1,11,0,11
2012,RCB v DC,Dale Steyn,3,30,0,10
2012,RCB v DC,Veer Pratap Singh,3,34,1,11.33
2012,RCB v DC,Anand Rajan,3.5,44,1,11.47
2012,RCB v DC,Ashish Reddy,4,36,1,9
2012,RCB v DC,Amit Mishra,4,28,2,7
2012,DC v KKR,Brett Lee,4,39,1,9.75
2012,DC v KKR,Pradeep Sangwan,4,42,1,10.5
2012,DC v KKR,Jacques Kallis,4,20,2,5
2012,DC v KKR,Sunil Narine,4,23,2,5.75
2012,DC v KKR,Rajat Bhatia,4,26,0,6.5
2012,DC v KKR,Irfan Pathan,3,28,0,9.33
2012,DC v KKR,Shahbaz Nadeem,4,32,0,8
2012,DC v KKR,Morne Morkel,4,35,1,8.75
2012,DC v KKR,Umesh Yadav,4,30,2,7.5
2012,DC v KKR,Varun Aaron,3.4,20,1,5.45
2012,PWI v RR,Ankeet Chavan,2,20,0,10
2012,PWI v RR,Shaun Tait,4,13,3,3.25
2012,PWI v RR,Shane Watson,4,28,0,7
2012,PWI v RR,Johan Botha,4,25,1,6.25
2012,PWI v RR,Stuart Binny,3,12,1,4
2012,PWI v RR,Siddharth Trivedi,3,20,0,6.66
2012,PWI v RR,Wayne Parnell,2,12,1,6
2012,PWI v RR,Bhuvneshwar Kumar,3,17,1,5.66
2012,PWI v RR,Murali Kartik,3,32,0,10.66
2012,PWI v RR,Ashish Nehra,3,33,0,11
2012,PWI v RR,Angelo Mathews,3,15,0,5
2012,PWI v RR,Michael Clarke,2,12,1,6
2012,PWI v RR,Steven Smith,0.2,5,0,15
2012,DC v KXIP,Abhishek Jhunjhunwala,2,12,0,6
2012,DC v KXIP,Veer Pratap Singh,4,45,1,11.25
2012,DC v KXIP,Rusty Theron,4,29,0,7.25
2012,DC v KXIP,Shikhar Dhawan,2,8,1,4
2012,DC v KXIP,Ashish Reddy,4,39,2,9.75
2012,DC v KXIP,Amit Mishra,2,20,0,10
2012,DC v KXIP,Daniel Harris,2,15,0,7.5
2012,DC v KXIP,Ramesh Powar,3,32,0,10.66
2012,DC v KXIP,Praveen Kumar,4,15,2,3.75
2012,DC v KXIP,Piyush Chawla,4,33,1,8.25
2012,DC v KXIP,Parvinder Awana,4,27,2,6.75
2012,DC v KXIP,Azhar Mahmood,4,31,0,7.75
2012,DC v KXIP,David Hussey,1,2,2,2
2012,MI v RCB,Zaheer Khan,4,16,0,4
2012,MI v RCB,Vinay Kumar,4,34,2,8.5
2012,MI v RCB,Harshal Patel,4,24,2,6
2012,MI v RCB,Jamaluddin Syed Mohammad,4,38,0,9.5
2012,MI v RCB,Muttiah Muralitharan,4,24,2,6
2012,MI v RCB,Lasith Malinga,4,20,0,5
2012,MI v RCB,RP Singh,4,28,0,7
2012,MI v RCB,Kieron Pollard,3,33,0,11
2012,MI v RCB,Harbhajan Singh,4,18,0,4.5
2012,MI v RCB,Pragyan Ojha,2,25,1,12.5
2012,MI v RCB,Rohit Sharma,1,16,0,16
2012,SRH v DC,Andre Russell,4,39,0,9.75
2012,SRH v DC,Irfan Pathan,4,46,0,11.5
2012,SRH v DC,Morne Morkel,4,32,1,8
2012,SRH v DC,Varun Aaron,4,30,2,7.5
2012,SRH v DC,Shahbaz Nadeem,4,39,0,9.75
2012,SRH v DC,Shikhar Dhawan,2,27,1,13.5
2012,SRH v DC,TP Sudhindra,3.4,43,0,11.72
2012,SRH v DC,Manpreet Gony,4,22,0,5.5
2012,SRH v DC,Ashish Reddy,2,29,0,14.5
2012,SRH v DC,Amit Mishra,4,44,0,11
2012,SRH v DC,Ankit Sharma,1,16,0,16
2012,RR v CSK,Albie Morkel,3,19,0,6.33
2012,RR v CSK,Ben Hilfenhaus,4,8,2,2
2012,RR v CSK,Yo Mahesh,4,21,2,5.25
2012,RR v CSK,Dwayne Bravo,3,38,0,12.66
2012,RR v CSK,Ravindra Jadeja,4,21,1,5.25
2012,RR v CSK,Ravichandran Ashwin,2,13,1,6.5
2012,RR v CSK,Shane Watson,3,32,1,10.66
2012,RR v CSK,Pankaj Singh,4,34,2,8.5
2012,RR v CSK,Shaun Tait,3.1,20,0,6.31
2012,RR v CSK,Johan Botha,4,23,0,5.75
2012,RR v CSK,Siddharth Trivedi,4,18,2,4.5
2012,PWI v RCB,Krishnakant  Upadhyay,4,33,0,8.25
2012,PWI v RCB,Alfonso Thomas,4,46,0,11.5
2012,PWI v RCB,Bhuvneshwar Kumar,4,40,0,10
2012,PWI v RCB,Angelo Mathews,3,14,1,4.66
2012,PWI v RCB,Rahul Sharma,4,31,1,7.75
2012,PWI v RCB,Michael Clarke,1,5,0,5
2012,PWI v RCB,Zaheer Khan,4,21,2,5.25
2012,PWI v RCB,Vinay Kumar,4,32,3,8
2012,PWI v RCB,Harshal Patel,4,36,1,9
2012,PWI v RCB,KP Appanna,4,30,1,7.5
2012,PWI v RCB,Muttiah Muralitharan,4,16,2,4
2012,KKR v MI,Shakib Al Hasan,4,27,1,6.75
2012,KKR v MI,Brett Lee,4,44,0,11
2012,KKR v MI,Sunil Narine,4,28,0,7
2012,KKR v MI,Jacques Kallis,4,40,0,10
2012,KKR v MI,Rajat Bhatia,4,41,0,10.25
2012,KKR v MI,Munaf Patel,4,32,1,8
2012,KKR v MI,Pragyan Ojha,3,26,1,8.66
2012,KKR v MI,Lasith Malinga,4,27,0,6.75
2012,KKR v MI,Harbhajan Singh,1,7,0,7
2012,KKR v MI,Kieron Pollard,4,29,1,7.25
2012,KKR v MI,Dwayne Smith,4,32,1,8
2012,CSK v DC,Ben Hilfenhaus,4,27,3,6.75
2012,CSK v DC,Albie Morkel,4,15,1,3.75
2012,CSK v DC,Dwayne Bravo,4,22,0,5.5
2012,CSK v DC,Shadab Jakati,3,20,0,6.66
2012,CSK v DC,Ravindra Jadeja,1,11,0,11
2012,CSK v DC,Ravichandran Ashwin,4,17,1,4.25
2012,CSK v DC,Morne Morkel,4,31,0,7.75
2012,CSK v DC,Umesh Yadav,3,24,0,8
2012,CSK v DC,Varun Aaron,3.2,28,0,8.4
2012,CSK v DC,Roelof van der Merwe,3,17,0,5.66
2012,CSK v DC,Irfan Pathan,2,15,1,7.5
2012,RR v PWI,Murali Kartik,4,39,0,9.75
2012,RR v PWI,Ashish Nehra,4,23,3,5.75
2012,RR v PWI,Bhuvneshwar Kumar,4,33,0,8.25
2012,RR v PWI,Rahul Sharma,3,31,0,10.33
2012,RR v PWI,Angelo Mathews,4,29,1,7.25
2012,RR v PWI,Jesse Ryder,1,15,0,15
2012,RR v PWI,Ajit  Chandila,4,13,4,3.25
2012,RR v PWI,Shane Watson,3,19,2,6.33
2012,RR v PWI,Shaun Tait,4,25,1,6.25
2012,RR v PWI,Johan Botha,4,25,2,6.25
2012,RR v PWI,Siddharth Trivedi,3,24,0,8
2012,RR v PWI,Stuart Binny,2,17,0,8.5
2012,KXIP v DC,Praveen Kumar,4,31,1,7.75
2012,KXIP v DC,David Hussey,1,14,0,14
2012,KXIP v DC,Ryan Harris,4,32,0,8
2012,KXIP v DC,Parvinder Awana,4,41,1,10.25
2012,KXIP v DC,Azhar Mahmood,4,39,2,9.75
2012,KXIP v DC,Piyush Chawla,3,27,0,9
2012,KXIP v DC,Dale Steyn,4,26,2,6.5
2012,KXIP v DC,TP Sudhindra,4,47,0,11.75
2012,KXIP v DC,Daniel Christian,4,31,2,7.75
2012,KXIP v DC,Abhishek Jhunjhunwala,1,13,0,13
2012,KXIP v DC,Manpreet Gony,4,40,1,10
2012,KXIP v DC,Amit Mishra,3,31,1,10.33
2012,RCB v MI,Munaf Patel,4,54,1,13.5
2012,RCB v MI,RP Singh,4,23,1,5.75
2012,RCB v MI,Lasith Malinga,4,29,0,7.25
2012,RCB v MI,Harbhajan Singh,3,33,1,11
2012,RCB v MI,Kieron Pollard,3,20,1,6.66
2012,RCB v MI,Dwayne Smith,2,10,0,5
2012,RCB v MI,Zaheer Khan,4,34,1,8.5
2012,RCB v MI,Vinay Kumar,4,36,1,9
2012,RCB v MI,Harshal Patel,4,25,1,6.25
2012,RCB v MI,Muttiah Muralitharan,4,16,1,4
2012,RCB v MI,KP Appanna,1,19,0,19
2012,RCB v MI,Chris Gayle,2.4,39,0,14.62
2012,KKR v CSK,Shadab Jakati,4,26,2,6.5
2012,KKR v CSK,Ben Hilfenhaus,3,26,1,8.66
2012,KKR v CSK,Ravichandran Ashwin,4,26,1,6.5
2012,KKR v CSK,Suresh Raina,2,17,0,8.5
2012,KKR v CSK,Ravindra Jadeja,4,39,1,9.75
2012,KKR v CSK,Dwayne Bravo,3,22,0,7.33
2012,KKR v CSK,Marchant de Lange,3,37,0,12.33
2012,KKR v CSK,Lakshmipathy Balaji,4,33,0,8.25
2012,KKR v CSK,Sunil Narine,4,14,2,3.5
2012,KKR v CSK,Jacques Kallis,3,25,0,8.33
2012,KKR v CSK,Rajat Bhatia,4,33,2,8.25
2012,KKR v CSK,Yusuf Pathan,2,14,0,7
2012,DC v KXIP,Irfan Pathan,4,24,0,6
2012,DC v KXIP,Venugopal Rao,1,13,0,13
2012,DC v KXIP,Morne Morkel,4,32,0,8
2012,DC v KXIP,Varun Aaron,4,19,2,4.75
2012,DC v KXIP,Pawan Negi,3,24,1,8
2012,DC v KXIP,Umesh Yadav,4,21,3,5.25
2012,DC v KXIP,Praveen Kumar,4,28,1,7
2012,DC v KXIP,Azhar Mahmood,4,34,0,8.5
2012,DC v KXIP,Parvinder Awana,4,22,3,5.5
2012,DC v KXIP,Piyush Chawla,4,33,1,8.25
2012,DC v KXIP,Harmeet Singh,3,22,0,7.33
2012,MI v KKR,Munaf Patel,4,17,1,4.25
2012,MI v KKR,RP Singh,4,33,2,8.25
2012,MI v KKR,Lasith Malinga,4,32,1,8
2012,MI v KKR,Kieron Pollard,3,20,1,6.66
2012,MI v KKR,Harbhajan Singh,3,24,0,8
2012,MI v KKR,Dwayne Smith,2,8,1,4
2012,MI v KKR,Lakshmipathy Balaji,4,11,2,2.75
2012,MI v KKR,Shakib Al Hasan,4,25,1,6.25
2012,MI v KKR,Sunil Narine,3.1,15,4,4.73
2012,MI v KKR,Iqbal Abdulla,4,23,1,5.75
2012,MI v KKR,Jacques Kallis,4,32,2,8
2012,KXIP v CSK,Praveen Kumar,4,18,2,4.5
2012,KXIP v CSK,Ryan Harris,4,24,1,6
2012,KXIP v CSK,Azhar Mahmood,4,28,2,7
2012,KXIP v CSK,Parvinder Awana,4,12,2,3
2012,KXIP v CSK,David Hussey,3,23,0,7.66
2012,KXIP v CSK,Piyush Chawla,1,12,0,12
2012,KXIP v CSK,Ben Hilfenhaus,4,20,1,5
2012,KXIP v CSK,Albie Morkel,3.3,28,1,8
2012,KXIP v CSK,Ravichandran Ashwin,4,27,0,6.75
2012,KXIP v CSK,Dwayne Bravo,3,18,2,6
2012,KXIP v CSK,Yo Mahesh,2,27,0,13.5
2012,DC v RCB,Irfan Pathan,4,44,0,11
2012,DC v RCB,Umesh Yadav,4,42,0,10.5
2012,DC v RCB,Varun Aaron,4,38,1,9.5
2012,DC v RCB,Andre Russell,4,41,0,10.25
2012,DC v RCB,Pawan Negi,3,37,0,12.33
2012,DC v RCB,Venugopal Rao,1,13,0,13
2012,DC v RCB,Tillakaratne Dilshan,1,11,0,11
2012,DC v RCB,Zaheer Khan,4,38,3,9.5
2012,DC v RCB,Vinay Kumar,4,35,2,8.75
2012,DC v RCB,Harshal Patel,4,33,0,8.25
2012,DC v RCB,Muttiah Muralitharan,4,44,1,11
2012,DC v RCB,Prasanth Parameswaran,3,30,3,10
2012,DC v RR,Jean0Paul Duminy,2,13,0,6.5
2012,DC v RR,Dale Steyn,4,16,2,4
2012,DC v RR,Manpreet Gony,4,26,1,6.5
2012,DC v RR,Veer Pratap Singh,4,31,2,7.75
2012,DC v RR,Amit Mishra,4,20,2,5
2012,DC v RR,Ashish Reddy,2,17,0,8.5
2012,DC v RR,Ajit  Chandila,4,20,1,5
2012,DC v RR,Shane Watson,2,14,0,7
2012,DC v RR,Shaun Tait,3.4,35,0,9.54
2012,DC v RR,Johan Botha,4,30,1,7.5
2012,DC v RR,Siddharth Trivedi,4,20,2,5
2012,DC v RR,Stuart Binny,1,8,1,8
2012,KXIP v DC,Morne Morkel,4,20,4,5
2012,KXIP v DC,Umesh Yadav,4,19,3,4.75
2012,KXIP v DC,Varun Aaron,4,25,0,6.25
2012,KXIP v DC,Andre Russell,4,51,1,12.75
2012,KXIP v DC,Irfan Pathan,4,25,0,6.25
2012,KXIP v DC,Praveen Kumar,4,33,0,8.25
2012,KXIP v DC,Ryan Harris,4,19,2,4.75
2012,KXIP v DC,Parvinder Awana,3,40,0,13.33
2012,KXIP v DC,Piyush Chawla,4,28,0,7
2012,KXIP v DC,Azhar Mahmood,3.2,23,2,6.9
2012,PWI v KKR,Ashish Nehra,4,35,0,8.75
2012,PWI v KKR,Ali Murtaza,2,11,0,5.5
2012,PWI v KKR,Wayne Parnell,4,18,2,4.5
2012,PWI v KKR,Bhuvneshwar Kumar,4,23,1,5.75
2012,PWI v KKR,Michael Clarke,4,27,1,6.75
2012,PWI v KKR,Sourav Ganguly,2,17,0,8.5
2012,PWI v KKR,Lakshmipathy Balaji,4,20,1,5
2012,PWI v KKR,Shakib Al Hasan,4,18,2,4.5
2012,PWI v KKR,Iqbal Abdulla,3,20,1,6.66
2012,PWI v KKR,Sunil Narine,4,15,1,3.75
2012,PWI v KKR,Yusuf Pathan,2,12,2,6
2012,PWI v KKR,Rajat Bhatia,3,14,1,4.66
2012,DC v RCB,Zaheer Khan,4,30,2,7.5
2012,DC v RCB,Vinay Kumar,4,22,3,5.5
2012,DC v RCB,Prasanth Parameswaran,3,12,1,4
2012,DC v RCB,Muttiah Muralitharan,4,30,1,7.5
2012,DC v RCB,Harshal Patel,4,26,0,6.5
2012,DC v RCB,Tillakaratne Dilshan,1,6,0,6
2012,DC v RCB,Dale Steyn,4,8,3,2
2012,DC v RCB,Manpreet Gony,4,38,0,9.5
2012,DC v RCB,Veer Pratap Singh,4,26,1,6.5
2012,DC v RCB,Amit Mishra,4,26,2,6.5
2012,DC v RCB,Ashish Reddy,4,25,3,6.25
2012,RR v MI,RP Singh,3,32,0,10.66
2012,RR v MI,Dhawal Kulkarni,4,18,3,4.5
2012,RR v MI,Lasith Malinga,4,32,1,8
2012,RR v MI,Harbhajan Singh,3,31,0,10.33
2012,RR v MI,Dwayne Smith,2,13,0,6.5
2012,RR v MI,Kieron Pollard,3,29,1,9.66
2012,RR v MI,James Franklin,1,6,0,6
2012,RR v MI,Ajit  Chandila,2,24,0,12
2012,RR v MI,Shane Watson,3,17,0,5.66
2012,RR v MI,Shaun Tait,4,40,0,10
2012,RR v MI,Brad Hogg,4,30,0,7.5
2012,RR v MI,Siddharth Trivedi,4,37,0,9.25
2012,RR v MI,Stuart Binny,1,13,0,13
2012,DC v KKR,Irfan Pathan,4,20,1,5
2012,DC v KKR,Umesh Yadav,4,37,1,9.25
2012,DC v KKR,Morne Morkel,4,37,0,9.25
2012,DC v KKR,Varun Aaron,4,48,0,12
2012,DC v KKR,Pawan Negi,4,18,1,4.5
2012,DC v KKR,Lakshmipathy Balaji,2,11,1,5.5
2012,DC v KKR,Shakib Al Hasan,4,36,1,9
2012,DC v KKR,Jacques Kallis,4,24,2,6
2012,DC v KKR,Sunil Narine,4,24,2,6
2012,DC v KKR,Iqbal Abdulla,4,24,1,6
2012,DC v KKR,Rajat Bhatia,2,16,1,8
2012,CSK v MI,Harbhajan Singh,3,20,0,6.66
2012,CSK v MI,Dhawal Kulkarni,4,46,3,11.5
2012,CSK v MI,RP Singh,4,34,0,8.5
2012,CSK v MI,Lasith Malinga,4,41,0,10.25
2012,CSK v MI,Kieron Pollard,3,26,1,8.66
2012,CSK v MI,Dwayne Smith,1,6,0,6
2012,CSK v MI,James Franklin,1,12,1,12
2012,CSK v MI,Shadab Jakati,4,25,1,6.25
2012,CSK v MI,Ben Hilfenhaus,4,45,1,11.25
2012,CSK v MI,Ravichandran Ashwin,3,18,1,6
2012,CSK v MI,Ravindra Jadeja,2,15,1,7.5
2012,CSK v MI,Albie Morkel,4,31,2,7.75
2012,CSK v MI,Dwayne Bravo,3,10,2,3.33
2012,CSK v DC,Sunny Gupta,3,47,0,15.66
2012,CSK v DC,Umesh Yadav,4,27,1,6.75
2012,CSK v DC,Andre Russell,4,30,0,7.5
2012,CSK v DC,Varun Aaron,4,63,2,15.75
2012,CSK v DC,Pawan Negi,4,33,1,8.25
2012,CSK v DC,Virender Sehwag,1,21,0,21
2012,CSK v DC,Ben Hilfenhaus,3,17,1,5.66
2012,CSK v DC,Albie Morkel,3,28,1,9.33
2012,CSK v DC,Shadab Jakati,4,40,2,10
2012,CSK v DC,Ravichandran Ashwin,3.5,23,3,6
2012,CSK v DC,Dwayne Bravo,3,24,1,8
2012,CSK v KKR,Brett Lee,4,42,0,10.5
2012,CSK v KKR,Shakib Al Hasan,3,25,1,8.33
2012,CSK v KKR,Sunil Narine,4,37,0,9.25
2012,CSK v KKR,Iqbal Abdulla,1,9,0,9
2012,CSK v KKR,Jacques Kallis,4,34,1,8.5
2012,CSK v KKR,Rajat Bhatia,3,23,1,7.66
2012,CSK v KKR,Yusuf Pathan,1,17,0,17
2012,CSK v KKR,Ben Hilfenhaus,4,25,2,6.25
2012,CSK v KKR,Albie Morkel,4,38,1,9.5
2012,CSK v KKR,Ravichandran Ashwin,4,41,1,10.25
2012,CSK v KKR,Dwayne Bravo,3.4,49,1,13.36
2012,CSK v KKR,Shadab Jakati,4,38,0,9.5
