season,match_name,fullName,runs,ballsFaced,strikeRate
2013,KKR v DC,Unmukt Chand,0,1,0
2013,KKR v DC,David Warner,21,19,110.52
2013,KKR v DC,Mahela Jayawardene,66,52,126.92
2013,KKR v DC,Manprit Juneja,8,9,88.88
2013,KKR v DC,Naman Ojha,9,9,100
2013,KKR v DC,Johan Botha,7,6,116.66
2013,KKR v DC,Irfan Pathan,4,7,57.14
2013,KKR v DC,Andre Russell,4,8,50
2013,KKR v DC,Shahbaz Nadeem,4,8,50
2013,KKR v DC,Ashish Nehra,0,1,0
2013,KKR v DC,Umesh Yadav,0,0,0
2013,KKR v DC,Manvinder  Bisla,4,9,44.44
2013,KKR v DC,Gautam Gambhir,41,29,141.37
2013,KKR v DC,Jacques Kallis,23,20,115
2013,KKR v DC,Manoj Tiwary,23,23,100
2013,KKR v DC,Eoin Morgan,14,15,93.33
2013,KKR v DC,Yusuf Pathan,18,16,112.5
2013,RCB v MI,Chris Gayle,92,58,158.62
2013,RCB v MI,Tillakaratne Dilshan,0,8,0
2013,RCB v MI,Virat Kohli,24,14,171.42
2013,RCB v MI,Mayank Agarwal,1,5,20
2013,RCB v MI,Daniel Christian,4,13,30.76
2013,RCB v MI,Karun Nair,0,3,0
2013,RCB v MI,Arun Karthik,19,19,100
2013,RCB v MI,Ricky Ponting,28,33,84.84
2013,RCB v MI,Sachin Tendulkar,23,19,121.05
2013,RCB v MI,Dinesh Karthik,60,37,162.16
2013,RCB v MI,Rohit Sharma,11,11,100
2013,RCB v MI,Ambati Rayudu,18,18,100
2013,RCB v MI,Kieron Pollard,5,2,250
2013,RCB v MI,Harbhajan Singh,1,1,100
2013,SRH v PWI,Akshath Reddy,27,30,90
2013,SRH v PWI,Parthiv Patel,19,18,105.55
2013,SRH v PWI,Kumar Sangakkara,15,16,93.75
2013,SRH v PWI,Cameron White,10,18,55.55
2013,SRH v PWI,Thisara Perera,30,18,166.66
2013,SRH v PWI,Hanuma Vihari,11,12,91.66
2013,SRH v PWI,Ashish Reddy,7,4,175
2013,SRH v PWI,Dwaraka Ravi Teja,4,4,100
2013,SRH v PWI,Robin Uthappa,24,22,109.09
2013,SRH v PWI,Manish Pandey,15,29,51.72
2013,SRH v PWI,Marlon Samuels,5,9,55.55
2013,SRH v PWI,Yuvraj Singh,2,5,40
2013,SRH v PWI,Ross Taylor,19,19,100
2013,SRH v PWI,Abhishek Nayar,19,14,135.71
2013,SRH v PWI,Angelo Mathews,8,6,133.33
2013,SRH v PWI,Mitchell Marsh,7,3,233.33
2013,SRH v PWI,Bhuvneshwar Kumar,3,3,100
2013,SRH v PWI,Rahul Sharma,0,1,0
2013,SRH v PWI,Ashok Dinda,0,2,0
2013,DC v RR,Kusal Perera,14,12,116.66
2013,DC v RR,Ajinkya Rahane,28,24,116.66
2013,DC v RR,Rahul Dravid,65,51,127.45
2013,DC v RR,Stuart Binny,40,20,200
2013,DC v RR,Brad Hodge,5,7,71.42
2013,DC v RR,Kevon Cooper,2,2,100
2013,DC v RR,Ashok Menaria,1,2,50
2013,DC v RR,Sreesanth,0,0,0
2013,DC v RR,Rahul Shukla,1,2,50
2013,DC v RR,David Warner,77,56,137.5
2013,DC v RR,Unmukt Chand,23,19,121.05
2013,DC v RR,Mahela Jayawardene,19,16,118.75
2013,DC v RR,Manprit Juneja,20,18,111.11
2013,DC v RR,Andre Russell,7,6,116.66
2013,DC v RR,Johan Botha,2,3,66.66
2013,DC v RR,Irfan Pathan,1,1,100
2013,DC v RR,Naman Ojha,0,1,0
2013,CSK v MI,Ricky Ponting,6,10,60
2013,CSK v MI,Sachin Tendulkar,0,1,0
2013,CSK v MI,Dinesh Karthik,37,25,148
2013,CSK v MI,Rohit Sharma,8,10,80
2013,CSK v MI,Ambati Rayudu,7,10,70
2013,CSK v MI,Kieron Pollard,57,38,150
2013,CSK v MI,Dwayne Smith,3,5,60
2013,CSK v MI,Harbhajan Singh,21,21,100
2013,CSK v MI,Michael Hussey,20,23,86.95
2013,CSK v MI,Murali Vijay,5,8,62.5
2013,CSK v MI,Suresh Raina,10,7,142.85
2013,CSK v MI,Dwayne Bravo,10,17,58.82
2013,CSK v MI,S Badrinath,16,16,100
2013,CSK v MI,MS Dhoni,51,26,196.15
2013,CSK v MI,Ravindra Jadeja,16,11,145.45
2013,CSK v MI,Ravichandran Ashwin,2,5,40
2013,CSK v MI,Ben Laughlin,0,1,0
2013,CSK v MI,Ankit Rajpoot,2,6,33.33
2013,CSK v MI,Dirk Nannes,0,0,0
2013,PWI v KXIP,Robin Uthappa,19,23,82.6
2013,PWI v KXIP,Manish Pandey,0,4,0
2013,PWI v KXIP,Tirumalasetti Suman,6,14,42.85
2013,PWI v KXIP,Marlon Samuels,3,9,33.33
2013,PWI v KXIP,Ross Taylor,15,19,78.94
2013,PWI v KXIP,Angelo Mathews,4,4,100
2013,PWI v KXIP,Abhishek Nayar,25,26,96.15
2013,PWI v KXIP,Mitchell Marsh,15,8,187.5
2013,PWI v KXIP,Bhuvneshwar Kumar,8,12,66.66
2013,PWI v KXIP,Rahul Sharma,1,1,100
2013,PWI v KXIP,Adam Gilchrist,15,10,150
2013,PWI v KXIP,Mandeep Singh,31,26,119.23
2013,PWI v KXIP,Manan Vohra,43,28,153.57
2013,PWI v KXIP,David Hussey,8,11,72.72
2013,SRH v RCB,Chris Gayle,1,2,50
2013,SRH v RCB,Tillakaratne Dilshan,5,9,55.55
2013,SRH v RCB,Virat Kohli,46,44,104.54
2013,SRH v RCB,Karun Nair,9,9,100
2013,SRH v RCB,Moises Henriques,44,40,110
2013,SRH v RCB,Mayank Agarwal,7,8,87.5
2013,SRH v RCB,Arun Karthik,0,1,0
2013,SRH v RCB,Vinay Kumar,7,4,175
2013,SRH v RCB,Murali Kartik,2,2,100
2013,SRH v RCB,Jaydev Unadkat,1,1,100
2013,SRH v RCB,Akshath Reddy,23,21,109.52
2013,SRH v RCB,Parthiv Patel,2,4,50
2013,SRH v RCB,Cameron White,5,9,55.55
2013,SRH v RCB,Hanuma Vihari,44,46,95.65
2013,SRH v RCB,Kumar Sangakkara,16,17,94.11
2013,SRH v RCB,Thisara Perera,7,8,87.5
2013,SRH v RCB,Amit Mishra,0,0,0
2013,SRH v RCB,Ashish Reddy,14,12,116.66
2013,SRH v RCB,Dale Steyn,3,3,100
2013,RR v KKR,Shane Watson,5,10,50
2013,RR v KKR,Ajinkya Rahane,36,34,105.88
2013,RR v KKR,Rahul Dravid,17,20,85
2013,RR v KKR,Stuart Binny,14,11,127.27
2013,RR v KKR,Brad Hodge,46,31,148.38
2013,RR v KKR,Kevon Cooper,0,2,0
2013,RR v KKR,Dishant Yagnik,16,11,145.45
2013,RR v KKR,Sreesanth,1,2,50
2013,RR v KKR,Manvinder  Bisla,1,4,25
2013,RR v KKR,Gautam Gambhir,22,22,100
2013,RR v KKR,Jacques Kallis,0,1,0
2013,RR v KKR,Manoj Tiwary,14,13,107.69
2013,RR v KKR,Eoin Morgan,51,38,134.21
2013,RR v KKR,Yusuf Pathan,0,2,0
2013,RR v KKR,Laxmi Shukla,2,9,22.22
2013,RR v KKR,Rajat Bhatia,12,7,171.42
2013,RR v KKR,Brett Lee,5,6,83.33
2013,RR v KKR,Mohammed Shami,5,10,50
2013,RR v KKR,Sunil Narine,2,2,100
2013,RCB v SRH,Akshath Reddy,12,11,109.09
2013,RCB v SRH,Parthiv Patel,20,19,105.26
2013,RCB v SRH,Kumar Sangakkara,23,24,95.83
2013,RCB v SRH,Cameron White,52,34,152.94
2013,RCB v SRH,Thisara Perera,40,24,166.66
2013,RCB v SRH,Ashish Reddy,3,4,75
2013,RCB v SRH,Hanuma Vihari,4,3,133.33
2013,RCB v SRH,Biplab Samantray,2,2,100
2013,RCB v SRH,Mayank Agarwal,29,20,145
2013,RCB v SRH,Chris Gayle,13,15,86.66
2013,RCB v SRH,Virat Kohli,93,47,197.87
2013,RCB v SRH,AB de Villiers,15,15,100
2013,RCB v SRH,Moises Henriques,7,9,77.77
2013,MI v DC,Ricky Ponting,0,6,0
2013,MI v DC,Sachin Tendulkar,1,1,100
2013,MI v DC,Dinesh Karthik,86,48,179.16
2013,MI v DC,Rohit Sharma,74,50,148
2013,MI v DC,Kieron Pollard,13,7,185.71
2013,MI v DC,Ambati Rayudu,24,8,300
2013,MI v DC,Harbhajan Singh,1,1,100
2013,MI v DC,Unmukt Chand,0,1,0
2013,MI v DC,David Warner,61,37,164.86
2013,MI v DC,Mahela Jayawardene,3,6,50
2013,MI v DC,Manprit Juneja,49,40,122.5
2013,MI v DC,Jeevan Mendis,0,1,0
2013,MI v DC,Irfan Pathan,10,12,83.33
2013,MI v DC,Kedar Jadhav,1,2,50
2013,MI v DC,Shahbaz Nadeem,2,3,66.66
2013,MI v DC,Morne Morkel,23,9,255.55
2013,MI v DC,Ashish Nehra,1,5,20
2013,MI v DC,Umesh Yadav,5,4,125
2013,KXIP v CSK,Mandeep Singh,9,10,90
2013,KXIP v CSK,Adam Gilchrist,9,6,150
2013,KXIP v CSK,Manan Vohra,16,11,145.45
2013,KXIP v CSK,David Hussey,41,36,113.88
2013,KXIP v CSK,Gurkeerat Singh Mann,31,26,119.23
2013,KXIP v CSK,Azhar Mahmood,8,7,114.28
2013,KXIP v CSK,Rajagopal Sathish,8,6,133.33
2013,KXIP v CSK,Piyush Chawla,4,5,80
2013,KXIP v CSK,Ryan Harris,0,2,0
2013,KXIP v CSK,Praveen Kumar,3,5,60
2013,KXIP v CSK,Parvinder Awana,1,5,20
2013,KXIP v CSK,Murali Vijay,50,50,100
2013,KXIP v CSK,Michael Hussey,86,54,159.25
2013,RCB v KKR,Manvinder  Bisla,1,5,20
2013,RCB v KKR,Gautam Gambhir,59,46,128.26
2013,RCB v KKR,Jacques Kallis,16,19,84.21
2013,RCB v KKR,Yusuf Pathan,27,17,158.82
2013,RCB v KKR,Manoj Tiwary,23,16,143.75
2013,RCB v KKR,Eoin Morgan,2,5,40
2013,RCB v KKR,Rajat Bhatia,13,7,185.71
2013,RCB v KKR,Ryan McLaren,2,3,66.66
2013,RCB v KKR,Pradeep Sangwan,4,2,200
2013,RCB v KKR,Sunil Narine,1,1,100
2013,RCB v KKR,Chris Gayle,85,50,170
2013,RCB v KKR,Mayank Agarwal,6,8,75
2013,RCB v KKR,Virat Kohli,35,27,129.62
2013,RCB v KKR,AB de Villiers,22,22,100
2013,PWI v RR,Kusal Perera,0,1,0
2013,PWI v RR,Ajinkya Rahane,30,27,111.11
2013,PWI v RR,Rahul Dravid,54,48,112.5
2013,PWI v RR,Stuart Binny,1,4,25
2013,PWI v RR,Brad Hodge,22,19,115.78
2013,PWI v RR,Dishant Yagnik,12,8,150
2013,PWI v RR,James Faulkner,19,14,135.71
2013,PWI v RR,Robin Uthappa,32,16,200
2013,PWI v RR,Aaron Finch,64,53,120.75
2013,PWI v RR,Ross Taylor,17,20,85
2013,PWI v RR,Yuvraj Singh,28,23,121.73
2013,PWI v RR,Angelo Mathews,1,1,100
2013,DC v SRH,David Warner,0,4,0
2013,DC v SRH,Virender Sehwag,12,10,120
2013,DC v SRH,Mahela Jayawardene,12,14,85.71
2013,DC v SRH,Manprit Juneja,15,22,68.18
2013,DC v SRH,Johan Botha,9,14,64.28
2013,DC v SRH,Irfan Pathan,23,30,76.66
2013,DC v SRH,Kedar Jadhav,30,20,150
2013,DC v SRH,Morne Morkel,0,1,0
2013,DC v SRH,Shahbaz Nadeem,0,1,0
2013,DC v SRH,Umesh Yadav,6,5,120
2013,DC v SRH,Akshath Reddy,1,8,12.5
2013,DC v SRH,Parthiv Patel,19,19,100
2013,DC v SRH,Kumar Sangakkara,28,28,100
2013,DC v SRH,Hanuma Vihari,17,23,73.91
2013,DC v SRH,Cameron White,4,8,50
2013,DC v SRH,Thisara Perera,2,3,66.66
2013,DC v SRH,Ashish Reddy,16,9,177.77
2013,DC v SRH,Amit Mishra,16,14,114.28
2013,DC v SRH,Dale Steyn,9,5,180
2013,MI v PWI,Ricky Ponting,14,17,82.35
2013,MI v PWI,Sachin Tendulkar,44,29,151.72
2013,MI v PWI,Dinesh Karthik,41,29,141.37
2013,MI v PWI,Rohit Sharma,62,32,193.75
2013,MI v PWI,Kieron Pollard,19,14,135.71
2013,MI v PWI,Aaron Finch,0,1,0
2013,MI v PWI,Robin Uthappa,7,9,77.77
2013,MI v PWI,Ross Taylor,4,5,80
2013,MI v PWI,Yuvraj Singh,24,16,150
2013,MI v PWI,Tirumalasetti Suman,23,15,153.33
2013,MI v PWI,Angelo Mathews,19,18,105.55
2013,MI v PWI,Mitchell Marsh,38,26,146.15
2013,MI v PWI,Abhishek Nayar,6,7,85.71
2013,MI v PWI,Bhuvneshwar Kumar,6,11,54.54
2013,MI v PWI,Rahul Sharma,10,12,83.33
2013,CSK v RCB,Chris Gayle,4,10,40
2013,CSK v RCB,Mayank Agarwal,24,21,114.28
2013,CSK v RCB,Virat Kohli,58,47,123.4
2013,CSK v RCB,AB de Villiers,64,32,200
2013,CSK v RCB,Daniel Christian,2,2,100
2013,CSK v RCB,Ravi Rampaul,0,4,0
2013,CSK v RCB,Arun Karthik,5,5,100
2013,CSK v RCB,Michael Hussey,6,16,37.5
2013,CSK v RCB,Murali Vijay,2,5,40
2013,CSK v RCB,Suresh Raina,30,22,136.36
2013,CSK v RCB,S Badrinath,34,29,117.24
2013,CSK v RCB,MS Dhoni,33,23,143.47
2013,CSK v RCB,Ravindra Jadeja,38,20,190
2013,CSK v RCB,Dwayne Bravo,8,3,266.66
2013,CSK v RCB,Chris Morris,7,4,175
2013,KKR v SRH,Manvinder  Bisla,28,24,116.66
2013,KKR v SRH,Gautam Gambhir,53,45,117.77
2013,KKR v SRH,Jacques Kallis,41,27,151.85
2013,KKR v SRH,Eoin Morgan,47,21,223.8
2013,KKR v SRH,Yusuf Pathan,3,3,100
2013,KKR v SRH,Parthiv Patel,27,31,87.09
2013,KKR v SRH,Cameron White,34,31,109.67
2013,KKR v SRH,Kumar Sangakkara,2,3,66.66
2013,KKR v SRH,Dwaraka Ravi Teja,10,13,76.92
2013,KKR v SRH,Thisara Perera,36,25,144
2013,KKR v SRH,Ashish Reddy,4,5,80
2013,KKR v SRH,Karn Sharma,5,9,55.55
2013,KKR v SRH,Hanuma Vihari,1,2,50
2013,KKR v SRH,Amit Mishra,1,1,100
2013,RR v KXIP,Mandeep Singh,2,8,25
2013,RR v KXIP,Adam Gilchrist,0,2,0
2013,RR v KXIP,Manan Vohra,3,6,50
2013,RR v KXIP,David Hussey,41,31,132.25
2013,RR v KXIP,Gurkeerat Singh Mann,10,15,66.66
2013,RR v KXIP,Rajagopal Sathish,11,12,91.66
2013,RR v KXIP,Azhar Mahmood,23,20,115
2013,RR v KXIP,Piyush Chawla,7,9,77.77
2013,RR v KXIP,Ryan Harris,2,3,66.66
2013,RR v KXIP,Praveen Kumar,15,7,214.28
2013,RR v KXIP,Parvinder Awana,0,1,0
2013,RR v KXIP,Shane Watson,32,19,168.42
2013,RR v KXIP,Ajinkya Rahane,34,42,80.95
2013,RR v KXIP,Rahul Dravid,9,12,75
2013,RR v KXIP,Stuart Binny,0,4,0
2013,RR v KXIP,Brad Hodge,15,16,93.75
2013,RR v KXIP,Sanju Samson,27,23,117.39
2013,CSK v PWI,Robin Uthappa,26,33,78.78
2013,CSK v PWI,Aaron Finch,67,45,148.88
2013,CSK v PWI,Ross Taylor,8,13,61.53
2013,CSK v PWI,Steven Smith,39,16,243.75
2013,CSK v PWI,Mitchell Marsh,2,4,50
2013,CSK v PWI,Manish Pandey,9,8,112.5
2013,CSK v PWI,Abhishek Nayar,0,1,0
2013,CSK v PWI,Srikkanth Anirudha,0,2,0
2013,CSK v PWI,Murali Vijay,24,22,109.09
2013,CSK v PWI,Suresh Raina,8,10,80
2013,CSK v PWI,S Badrinath,34,26,130.76
2013,CSK v PWI,Ravindra Jadeja,27,22,122.72
2013,CSK v PWI,MS Dhoni,10,13,76.92
2013,CSK v PWI,Dwayne Bravo,1,4,25
2013,CSK v PWI,Albie Morkel,13,11,118.18
2013,CSK v PWI,Chris Morris,5,5,100
2013,CSK v PWI,Ravichandran Ashwin,11,5,220
2013,KXIP v KKR,Adam Gilchrist,7,12,58.33
2013,KXIP v KKR,Mandeep Singh,41,30,136.66
2013,KXIP v KKR,Manan Vohra,17,16,106.25
2013,KXIP v KKR,David Hussey,12,15,80
2013,KXIP v KKR,David Miller,20,17,117.64
2013,KXIP v KKR,Azhar Mahmood,0,1,0
2013,KXIP v KKR,Gurkeerat Singh Mann,0,1,0
2013,KXIP v KKR,Manpreet Gony,42,18,233.33
2013,KXIP v KKR,Piyush Chawla,11,8,137.5
2013,KXIP v KKR,Praveen Kumar,1,2,50
2013,KXIP v KKR,Parvinder Awana,0,0,0
2013,KXIP v KKR,Manvinder  Bisla,0,1,0
2013,KXIP v KKR,Gautam Gambhir,60,39,153.84
2013,KXIP v KKR,Jacques Kallis,1,6,16.66
2013,KXIP v KKR,Eoin Morgan,47,38,123.68
2013,KXIP v KKR,Manoj Tiwary,1,7,14.28
2013,KXIP v KKR,Yusuf Pathan,13,16,81.25
2013,KXIP v KKR,Debabrata Das,1,3,33.33
2013,KXIP v KKR,Rajat Bhatia,16,6,266.66
2013,KXIP v KKR,Sachithra Senanayake,1,2,50
2013,KXIP v KKR,Sunil Narine,1,2,50
2013,KXIP v KKR,Lakshmipathy Balaji,0,0,0
2013,RCB v DC,David Warner,15,13,115.38
2013,RCB v DC,Virender Sehwag,25,23,108.69
2013,RCB v DC,Manprit Juneja,17,16,106.25
2013,RCB v DC,Mahela Jayawardene,28,31,90.32
2013,RCB v DC,Ben Rohrer,14,14,100
2013,RCB v DC,Kedar Jadhav,29,16,181.25
2013,RCB v DC,Irfan Pathan,19,8,237.5
2013,RCB v DC,Chris Gayle,13,9,144.44
2013,RCB v DC,KL Rahul,12,12,100
2013,RCB v DC,Virat Kohli,65,50,130
2013,RCB v DC,AB de Villiers,39,32,121.87
2013,RCB v DC,Andrew McDonald,0,2,0
2013,RCB v DC,Arun Karthik,5,5,100
2013,RCB v DC,Jamaluddin Syed Mohammad,1,2,50
2013,RCB v DC,Vinay Kumar,1,1,100
2013,RCB v DC,Ravi Rampaul,12,7,171.42
2013,PWI v SRH,Parthiv Patel,12,9,133.33
2013,PWI v SRH,Quinton de Kock,2,8,25
2013,PWI v SRH,Hanuma Vihari,1,8,12.5
2013,PWI v SRH,Cameron White,0,1,0
2013,PWI v SRH,Biplab Samantray,37,37,100
2013,PWI v SRH,Karn Sharma,7,13,53.84
2013,PWI v SRH,Thisara Perera,2,4,50
2013,PWI v SRH,Amit Mishra,30,24,125
2013,PWI v SRH,Ashish Reddy,19,15,126.66
2013,PWI v SRH,Dale Steyn,4,1,400
2013,PWI v SRH,Robin Uthappa,22,14,157.14
2013,PWI v SRH,Aaron Finch,16,13,123.07
2013,PWI v SRH,Tirumalasetti Suman,12,14,85.71
2013,PWI v SRH,Steven Smith,17,25,68
2013,PWI v SRH,Angelo Mathews,20,24,83.33
2013,PWI v SRH,Mitchell Marsh,14,13,107.69
2013,PWI v SRH,Abhishek Nayar,0,2,0
2013,PWI v SRH,Manish Pandey,7,6,116.66
2013,PWI v SRH,Bhuvneshwar Kumar,0,1,0
2013,PWI v SRH,Rahul Sharma,0,1,0
2013,PWI v SRH,Ashok Dinda,0,1,0
2013,RR v MI,Shane Watson,31,25,124
2013,RR v MI,Ajinkya Rahane,68,54,125.92
2013,RR v MI,Dishant Yagnik,34,24,141.66
2013,RR v MI,Stuart Binny,4,4,100
2013,RR v MI,Brad Hodge,27,15,180
2013,RR v MI,Sachin Tendulkar,1,3,33.33
2013,RR v MI,Ricky Ponting,4,9,44.44
2013,RR v MI,Dinesh Karthik,30,32,93.75
2013,RR v MI,Rohit Sharma,2,7,28.57
2013,RR v MI,Kieron Pollard,1,7,14.28
2013,RR v MI,Ambati Rayudu,27,29,93.1
2013,RR v MI,Rishi Dhawan,0,1,0
2013,RR v MI,Harbhajan Singh,1,1,100
2013,RR v MI,Mitchell Johnson,11,9,122.22
2013,RR v MI,Lasith Malinga,7,11,63.63
2013,RR v MI,Pragyan Ojha,1,1,100
2013,DC v CSK,Michael Hussey,65,50,130
2013,DC v CSK,Murali Vijay,18,13,138.46
2013,DC v CSK,Suresh Raina,30,32,93.75
2013,DC v CSK,MS Dhoni,44,23,191.3
2013,DC v CSK,Dwayne Bravo,3,2,150
2013,DC v CSK,David Warner,1,4,25
2013,DC v CSK,Virender Sehwag,17,13,130.76
2013,DC v CSK,Manprit Juneja,2,3,66.66
2013,DC v CSK,Mahela Jayawardene,6,11,54.54
2013,DC v CSK,Jeevan Mendis,12,17,70.58
2013,DC v CSK,Kedar Jadhav,31,28,110.71
2013,DC v CSK,Irfan Pathan,2,6,33.33
2013,DC v CSK,Ajit Agarkar,3,7,42.85
2013,DC v CSK,Morne Morkel,2,4,50
2013,DC v CSK,Shahbaz Nadeem,2,7,28.57
2013,DC v CSK,Umesh Yadav,1,5,20
2013,SRH v KXIP,Mandeep Singh,10,11,90.9
2013,SRH v KXIP,Adam Gilchrist,26,25,104
2013,SRH v KXIP,Paul Valthaty,6,17,35.29
2013,SRH v KXIP,David Hussey,22,24,91.66
2013,SRH v KXIP,Piyush Chawla,23,15,153.33
2013,SRH v KXIP,Gurkeerat Singh Mann,17,12,141.66
2013,SRH v KXIP,Azhar Mahmood,4,4,100
2013,SRH v KXIP,Manpreet Gony,0,0,0
2013,SRH v KXIP,Manan Vohra,0,1,0
2013,SRH v KXIP,Dimitri Mascarenhas,5,5,100
2013,SRH v KXIP,Praveen Kumar,3,6,50
2013,SRH v KXIP,Quinton de Kock,0,4,0
2013,SRH v KXIP,Akshath Reddy,19,17,111.76
2013,SRH v KXIP,Hanuma Vihari,46,39,117.94
2013,SRH v KXIP,Cameron White,16,23,69.56
2013,SRH v KXIP,Biplab Samantray,10,12,83.33
2013,SRH v KXIP,Thisara Perera,23,11,209.09
2013,SRH v KXIP,Ashish Reddy,7,7,100
2013,KKR v CSK,Gautam Gambhir,25,19,131.57
2013,KKR v CSK,Yusuf Pathan,25,22,113.63
2013,KKR v CSK,Jacques Kallis,0,0,0
2013,KKR v CSK,Eoin Morgan,2,7,28.57
2013,KKR v CSK,Manoj Tiwary,13,18,72.22
2013,KKR v CSK,Debabrata Das,19,15,126.66
2013,KKR v CSK,Rajat Bhatia,1,10,10
2013,KKR v CSK,Laxmi Shukla,1,3,33.33
2013,KKR v CSK,Sachithra Senanayake,7,13,53.84
2013,KKR v CSK,Sunil Narine,13,6,216.66
2013,KKR v CSK,Lakshmipathy Balaji,9,7,128.57
2013,KKR v CSK,Michael Hussey,40,51,78.43
2013,KKR v CSK,Ravichandran Ashwin,11,13,84.61
2013,KKR v CSK,Murali Vijay,2,5,40
2013,KKR v CSK,Suresh Raina,7,8,87.5
2013,KKR v CSK,MS Dhoni,9,7,128.57
2013,KKR v CSK,S Badrinath,6,13,46.15
2013,KKR v CSK,Ravindra Jadeja,36,14,257.14
2013,KKR v CSK,Dwayne Bravo,7,4,175
2013,RCB v RR,Shane Watson,6,9,66.66
2013,RCB v RR,Ajinkya Rahane,14,13,107.69
2013,RCB v RR,Rahul Dravid,35,31,112.9
2013,RCB v RR,Stuart Binny,33,20,165
2013,RCB v RR,Brad Hodge,13,17,76.47
2013,RCB v RR,Dishant Yagnik,5,4,125
2013,RCB v RR,James Faulkner,3,7,42.85
2013,RCB v RR,Ajit  Chandila,4,6,66.66
2013,RCB v RR,Sreesanth,0,2,0
2013,RCB v RR,Shaun Tait,1,3,33.33
2013,RCB v RR,Siddharth Trivedi,3,6,50
2013,RCB v RR,Tillakaratne Dilshan,25,22,113.63
2013,RCB v RR,Chris Gayle,49,44,111.36
2013,RCB v RR,Virat Kohli,1,4,25
2013,RCB v RR,AB de Villiers,7,8,87.5
2013,RCB v RR,Saurabh Tiwary,25,29,86.2
2013,DC v MI,Dwayne Smith,8,12,66.66
2013,DC v MI,Sachin Tendulkar,54,47,114.89
2013,DC v MI,Dinesh Karthik,2,6,33.33
2013,DC v MI,Rohit Sharma,73,43,169.76
2013,DC v MI,Kieron Pollard,19,10,190
2013,DC v MI,Ambati Rayudu,2,2,100
2013,DC v MI,Mahela Jayawardene,59,43,137.2
2013,DC v MI,Virender Sehwag,95,57,166.66
2013,DC v MI,David Warner,7,5,140
2013,KXIP v PWI,Robin Uthappa,37,33,112.12
2013,KXIP v PWI,Aaron Finch,64,42,152.38
2013,KXIP v PWI,Yuvraj Singh,34,24,141.66
2013,KXIP v PWI,Steven Smith,6,9,66.66
2013,KXIP v PWI,Luke Wright,34,10,340
2013,KXIP v PWI,Abhishek Nayar,2,2,100
2013,KXIP v PWI,Adam Gilchrist,4,3,133.33
2013,KXIP v PWI,Mandeep Singh,77,58,132.75
2013,KXIP v PWI,Azhar Mahmood,0,4,0
2013,KXIP v PWI,Manan Vohra,22,13,169.23
2013,KXIP v PWI,David Miller,80,41,195.12
2013,CSK v RR,Shane Watson,101,61,165.57
2013,CSK v RR,Ajinkya Rahane,16,15,106.66
2013,CSK v RR,Dishant Yagnik,7,8,87.5
2013,CSK v RR,Rahul Dravid,6,9,66.66
2013,CSK v RR,Stuart Binny,36,22,163.63
2013,CSK v RR,Brad Hodge,9,6,150
2013,CSK v RR,Murali Vijay,3,5,60
2013,CSK v RR,Michael Hussey,88,51,172.54
2013,CSK v RR,Suresh Raina,51,35,145.71
2013,CSK v RR,MS Dhoni,21,16,131.25
2013,CSK v RR,Ravindra Jadeja,0,2,0
2013,CSK v RR,Dwayne Bravo,15,9,166.66
2013,CSK v RR,Chris Morris,1,1,100
2013,RCB v PWI,Chris Gayle,175,66,265.15
2013,RCB v PWI,Tillakaratne Dilshan,33,36,91.66
2013,RCB v PWI,Virat Kohli,11,9,122.22
2013,RCB v PWI,AB de Villiers,31,8,387.5
2013,RCB v PWI,Saurabh Tiwary,2,2,100
2013,RCB v PWI,Ravi Rampaul,0,1,0
2013,RCB v PWI,Robin Uthappa,0,2,0
2013,RCB v PWI,Aaron Finch,18,15,120
2013,RCB v PWI,Yuvraj Singh,16,14,114.28
2013,RCB v PWI,Luke Wright,7,3,233.33
2013,RCB v PWI,Steven Smith,41,31,132.25
2013,RCB v PWI,Mitchell Marsh,24,23,104.34
2013,RCB v PWI,Mithun Manhas,11,13,84.61
2013,RCB v PWI,Bhuvneshwar Kumar,6,12,50
2013,RCB v PWI,Ali Murtaza,5,4,125
2013,RCB v PWI,Ishwar Pandey,0,2,0
2013,RCB v PWI,Ashok Dinda,1,1,100
2013,DC v KXIP,Mahela Jayawardene,4,4,100
2013,DC v KXIP,Virender Sehwag,23,21,109.52
2013,DC v KXIP,Roelof van der Merwe,8,9,88.88
2013,DC v KXIP,David Warner,40,36,111.11
2013,DC v KXIP,Manprit Juneja,14,20,70
2013,DC v KXIP,Kedar Jadhav,0,2,0
2013,DC v KXIP,Johan Botha,1,2,50
2013,DC v KXIP,Irfan Pathan,14,17,82.35
2013,DC v KXIP,Ajit Agarkar,9,9,100
2013,DC v KXIP,Adam Gilchrist,6,3,200
2013,DC v KXIP,Mandeep Singh,24,15,160
2013,DC v KXIP,Luke Pomersbach,18,10,180
2013,DC v KXIP,David Miller,34,39,87.17
2013,DC v KXIP,Manan Vohra,8,11,72.72
2013,DC v KXIP,David Hussey,20,21,95.23
2013,DC v KXIP,Piyush Chawla,5,3,166.66
2013,KKR v MI,Yusuf Pathan,19,6,316.66
2013,KKR v MI,Gautam Gambhir,26,20,130
2013,KKR v MI,Jacques Kallis,37,38,97.36
2013,KKR v MI,Manoj Tiwary,33,24,137.5
2013,KKR v MI,Eoin Morgan,31,25,124
2013,KKR v MI,Debabrata Das,6,7,85.71
2013,KKR v MI,Rajat Bhatia,1,1,100
2013,KKR v MI,Dwayne Smith,62,45,137.77
2013,KKR v MI,Sachin Tendulkar,2,6,33.33
2013,KKR v MI,Dinesh Karthik,7,6,116.66
2013,KKR v MI,Rohit Sharma,34,28,121.42
2013,KKR v MI,Kieron Pollard,33,24,137.5
2013,KKR v MI,Ambati Rayudu,13,8,162.5
2013,KKR v MI,Harbhajan Singh,7,2,350
2013,CSK v SRH,Quinton de Kock,4,3,133.33
2013,CSK v SRH,Shikhar Dhawan,63,45,140
2013,CSK v SRH,Hanuma Vihari,2,3,66.66
2013,CSK v SRH,Cameron White,2,3,66.66
2013,CSK v SRH,Amit Mishra,15,21,71.42
2013,CSK v SRH,Thalaivan Sargunam,10,17,58.82
2013,CSK v SRH,Daren Sammy,19,12,158.33
2013,CSK v SRH,Ashish Reddy,36,16,225
2013,CSK v SRH,Michael Hussey,45,26,173.07
2013,CSK v SRH,Murali Vijay,18,22,81.81
2013,CSK v SRH,Suresh Raina,16,13,123.07
2013,CSK v SRH,MS Dhoni,67,37,181.08
2013,CSK v SRH,Dwayne Bravo,7,16,43.75
2013,CSK v SRH,Ravindra Jadeja,1,4,25
2013,CSK v SRH,Chris Morris,0,1,0
2013,KKR v KXIP,Adam Gilchrist,27,27,100
2013,KKR v KXIP,Mandeep Singh,25,20,125
2013,KKR v KXIP,Manan Vohra,31,21,147.61
2013,KKR v KXIP,David Hussey,21,20,105
2013,KKR v KXIP,David Miller,10,8,125
2013,KKR v KXIP,Gurkeerat Singh Mann,28,15,186.66
2013,KKR v KXIP,Azhar Mahmood,2,7,28.57
2013,KKR v KXIP,Piyush Chawla,0,2,0
2013,KKR v KXIP,Manvinder  Bisla,51,44,115.9
2013,KKR v KXIP,Gautam Gambhir,8,6,133.33
2013,KKR v KXIP,Yusuf Pathan,0,1,0
2013,KKR v KXIP,Jacques Kallis,37,33,112.12
2013,KKR v KXIP,Eoin Morgan,42,26,161.53
2013,KKR v KXIP,Sachithra Senanayake,0,1,0
2013,RR v SRH,Akshath Reddy,2,5,40
2013,RR v SRH,Shikhar Dhawan,0,2,0
2013,RR v SRH,Kumar Sangakkara,4,4,100
2013,RR v SRH,Hanuma Vihari,4,9,44.44
2013,RR v SRH,Karn Sharma,6,8,75
2013,RR v SRH,Thisara Perera,4,4,100
2013,RR v SRH,Daren Sammy,60,41,146.34
2013,RR v SRH,Amit Mishra,21,28,75
2013,RR v SRH,Ashish Reddy,14,11,127.27
2013,RR v SRH,Dale Steyn,18,8,225
2013,RR v SRH,Ishant Sharma,0,0,0
2013,RR v SRH,Rahul Dravid,36,35,102.85
2013,RR v SRH,Ajinkya Rahane,1,9,11.11
2013,RR v SRH,Shane Watson,98,53,184.9
2013,RR v SRH,Stuart Binny,9,10,90
2013,MI v RCB,Dwayne Smith,50,36,138.88
2013,MI v RCB,Sachin Tendulkar,23,13,176.92
2013,MI v RCB,Dinesh Karthik,43,33,130.3
2013,MI v RCB,Rohit Sharma,10,8,125
2013,MI v RCB,Kieron Pollard,34,16,212.5
2013,MI v RCB,Ambati Rayudu,0,0,0
2013,MI v RCB,Harbhajan Singh,16,8,200
2013,MI v RCB,Mitchell Johnson,9,5,180
2013,MI v RCB,Lasith Malinga,0,1,0
2013,MI v RCB,Chris Gayle,18,20,90
2013,MI v RCB,Tillakaratne Dilshan,13,18,72.22
2013,MI v RCB,Virat Kohli,1,4,25
2013,MI v RCB,AB de Villiers,2,3,66.66
2013,MI v RCB,Saurabh Tiwary,21,19,110.52
2013,MI v RCB,Arun Karthik,12,8,150
2013,MI v RCB,Jamaluddin Syed Mohammad,9,11,81.81
2013,MI v RCB,Ravi Rampaul,23,18,127.77
2013,MI v RCB,Vinay Kumar,26,20,130
2013,CSK v KKR,Wriddhiman Saha,39,23,169.56
2013,CSK v KKR,Michael Hussey,95,59,161.01
2013,CSK v KKR,Suresh Raina,44,25,176
2013,CSK v KKR,MS Dhoni,18,12,150
2013,CSK v KKR,Ravindra Jadeja,1,1,100
2013,CSK v KKR,Manvinder  Bisla,92,61,150.81
2013,CSK v KKR,Gautam Gambhir,14,8,175
2013,CSK v KKR,Brendon McCullum,6,7,85.71
2013,CSK v KKR,Jacques Kallis,19,20,95
2013,CSK v KKR,Eoin Morgan,32,22,145.45
2013,CSK v KKR,Yusuf Pathan,3,3,100
2013,DC v PWI,Mahela Jayawardene,12,17,70.58
2013,DC v PWI,Virender Sehwag,28,26,107.69
2013,DC v PWI,Unmukt Chand,17,19,89.47
2013,DC v PWI,David Warner,51,25,204
2013,DC v PWI,Ben Rohrer,13,13,100
2013,DC v PWI,Kedar Jadhav,25,19,131.57
2013,DC v PWI,Irfan Pathan,4,1,400
2013,DC v PWI,Robin Uthappa,37,33,112.12
2013,DC v PWI,Aaron Finch,37,33,112.12
2013,DC v PWI,Yuvraj Singh,31,24,129.16
2013,DC v PWI,Luke Wright,19,18,105.55
2013,DC v PWI,Steven Smith,17,8,212.5
2013,DC v PWI,Mithun Manhas,2,4,50
2013,RR v RCB,Abhinav Mukund,19,21,90.47
2013,RR v RCB,Chris Gayle,34,16,212.5
2013,RR v RCB,Virat Kohli,32,35,91.42
2013,RR v RCB,AB de Villiers,21,13,161.53
2013,RR v RCB,Moises Henriques,22,19,115.78
2013,RR v RCB,Saurabh Tiwary,8,8,100
2013,RR v RCB,Ravi Rampaul,3,4,75
2013,RR v RCB,Vinay Kumar,22,6,366.66
2013,RR v RCB,Rahul Dravid,22,17,129.41
2013,RR v RCB,Ajinkya Rahane,2,7,28.57
2013,RR v RCB,Sanju Samson,63,41,153.65
2013,RR v RCB,Shane Watson,41,31,132.25
2013,RR v RCB,Brad Hodge,32,18,177.77
2013,RR v RCB,Stuart Binny,6,3,200
2013,RR v RCB,Owais Shah,1,1,100
2013,RR v RCB,James Faulkner,1,1,100
2013,MI v KXIP,Dwayne Smith,33,32,103.12
2013,MI v KXIP,Sachin Tendulkar,9,10,90
2013,MI v KXIP,Dinesh Karthik,25,19,131.57
2013,MI v KXIP,Rohit Sharma,79,39,202.56
2013,MI v KXIP,Kieron Pollard,20,21,95.23
2013,MI v KXIP,Mandeep Singh,9,8,112.5
2013,MI v KXIP,Shaun Marsh,10,12,83.33
2013,MI v KXIP,Manan Vohra,1,2,50
2013,MI v KXIP,David Hussey,34,18,188.88
2013,MI v KXIP,David Miller,56,34,164.7
2013,MI v KXIP,Gurkeerat Singh Mann,2,4,50
2013,MI v KXIP,Azhar Mahmood,9,13,69.23
2013,MI v KXIP,Manpreet Gony,0,3,0
2013,MI v KXIP,Piyush Chawla,12,10,120
2013,MI v KXIP,Praveen Kumar,24,15,160
2013,MI v KXIP,Parvinder Awana,0,2,0
2013,PWI v CSK,Michael Hussey,5,8,62.5
2013,PWI v CSK,Wriddhiman Saha,13,15,86.66
2013,PWI v CSK,Suresh Raina,63,50,126
2013,PWI v CSK,S Badrinath,34,31,109.67
2013,PWI v CSK,MS Dhoni,45,16,281.25
2013,PWI v CSK,Robin Uthappa,10,11,90.9
2013,PWI v CSK,Aaron Finch,15,9,166.66
2013,PWI v CSK,Tirumalasetti Suman,0,1,0
2013,PWI v CSK,Yuvraj Singh,5,4,125
2013,PWI v CSK,Steven Smith,35,39,89.74
2013,PWI v CSK,Luke Wright,2,6,33.33
2013,PWI v CSK,Abhishek Nayar,2,4,50
2013,PWI v CSK,Kane Richardson,26,20,130
2013,PWI v CSK,Bhuvneshwar Kumar,24,24,100
2013,PWI v CSK,Rahul Sharma,0,1,0
2013,PWI v CSK,Ashok Dinda,2,2,100
2013,SRH v MI,Dwayne Smith,38,40,95
2013,SRH v MI,Sachin Tendulkar,14,12,116.66
2013,SRH v MI,Dinesh Karthik,0,2,0
2013,SRH v MI,Rohit Sharma,22,22,100
2013,SRH v MI,Kieron Pollard,14,19,73.68
2013,SRH v MI,Ambati Rayudu,34,27,125.92
2013,SRH v MI,Akshath Reddy,7,9,77.77
2013,SRH v MI,Shikhar Dhawan,73,55,132.72
2013,SRH v MI,Kumar Sangakkara,21,21,100
2013,SRH v MI,Hanuma Vihari,25,23,108.69
2013,SRH v MI,Daren Sammy,1,1,100
2013,DC v KKR,Manvinder  Bisla,4,7,57.14
2013,DC v KKR,Gautam Gambhir,0,0,0
2013,DC v KKR,Yusuf Pathan,20,16,125
2013,DC v KKR,Jacques Kallis,12,15,80
2013,DC v KKR,Eoin Morgan,10,9,111.11
2013,DC v KKR,Debabrata Das,18,26,69.23
2013,DC v KKR,Rajat Bhatia,26,26,100
2013,DC v KKR,Sumit Narwal,23,15,153.33
2013,DC v KKR,Brett Lee,16,6,266.66
2013,DC v KKR,Mahela Jayawardene,5,8,62.5
2013,DC v KKR,Virender Sehwag,17,15,113.33
2013,DC v KKR,Unmukt Chand,37,39,94.87
2013,DC v KKR,David Warner,66,42,157.14
2013,DC v KKR,Ben Rohrer,10,3,333.33
2013,CSK v KXIP,Wriddhiman Saha,18,18,100
2013,CSK v KXIP,Michael Hussey,35,29,120.68
2013,CSK v KXIP,Suresh Raina,100,53,188.67
2013,CSK v KXIP,MS Dhoni,2,2,100
2013,CSK v KXIP,Albie Morkel,23,16,143.75
2013,CSK v KXIP,Ravindra Jadeja,5,2,250
2013,CSK v KXIP,Luke Pomersbach,7,9,77.77
2013,CSK v KXIP,Mandeep Singh,15,15,100
2013,CSK v KXIP,Shaun Marsh,73,51,143.13
2013,CSK v KXIP,David Hussey,22,16,137.5
2013,CSK v KXIP,David Miller,51,26,196.15
2013,CSK v KXIP,Gurkeerat Singh Mann,0,1,0
2013,CSK v KXIP,Rajagopal Sathish,0,1,0
2013,CSK v KXIP,Manpreet Gony,0,1,0
2013,PWI v RCB,Saurabh Tiwary,52,45,115.55
2013,PWI v RCB,Chris Gayle,21,21,100
2013,PWI v RCB,Virat Kohli,25,18,138.88
2013,PWI v RCB,AB de Villiers,50,23,217.39
2013,PWI v RCB,Moises Henriques,27,13,207.69
2013,PWI v RCB,Robin Uthappa,75,45,166.66
2013,PWI v RCB,Aaron Finch,15,11,136.36
2013,PWI v RCB,Tirumalasetti Suman,11,14,78.57
2013,PWI v RCB,Yuvraj Singh,16,11,145.45
2013,PWI v RCB,Steven Smith,4,4,100
2013,PWI v RCB,Angelo Mathews,32,19,168.42
2013,PWI v RCB,Abhishek Nayar,1,3,33.33
2013,PWI v RCB,Bhuvneshwar Kumar,2,3,66.66
2013,PWI v RCB,Ajantha Mendis,2,4,50
2013,PWI v RCB,Ashok Dinda,6,5,120
2013,PWI v RCB,Rahul Sharma,0,1,0
2013,KKR v RR,Shane Watson,35,35,100
2013,KKR v RR,Ajinkya Rahane,6,10,60
2013,KKR v RR,James Faulkner,1,4,25
2013,KKR v RR,Sanju Samson,40,36,111.11
2013,KKR v RR,Dishant Yagnik,10,6,166.66
2013,KKR v RR,Owais Shah,24,22,109.09
2013,KKR v RR,Stuart Binny,3,5,60
2013,KKR v RR,Rahul Dravid,6,3,200
2013,KKR v RR,Gautam Gambhir,12,14,85.71
2013,KKR v RR,Manvinder  Bisla,29,25,116
2013,KKR v RR,Jacques Kallis,33,30,110
2013,KKR v RR,Yusuf Pathan,49,35,140
2013,SRH v DC,Mahela Jayawardene,11,12,91.66
2013,SRH v DC,Virender Sehwag,8,17,47.05
2013,SRH v DC,Unmukt Chand,17,24,70.83
2013,SRH v DC,David Warner,8,15,53.33
2013,SRH v DC,Jeevan Mendis,11,9,122.22
2013,SRH v DC,Kedar Jadhav,3,4,75
2013,SRH v DC,Irfan Pathan,13,19,68.42
2013,SRH v DC,Johan Botha,1,7,14.28
2013,SRH v DC,Shahbaz Nadeem,0,3,0
2013,SRH v DC,Ashish Nehra,0,1,0
2013,SRH v DC,Umesh Yadav,2,5,40
2013,SRH v DC,Parthiv Patel,14,18,77.77
2013,SRH v DC,Shikhar Dhawan,22,16,137.5
2013,SRH v DC,Ashish Reddy,5,6,83.33
2013,SRH v DC,Daren Sammy,18,20,90
2013,SRH v DC,Kumar Sangakkara,8,14,57.14
2013,SRH v DC,Hanuma Vihari,11,9,122.22
2013,MI v CSK,Dwayne Smith,22,24,91.66
2013,MI v CSK,Sachin Tendulkar,15,18,83.33
2013,MI v CSK,Dinesh Karthik,23,23,100
2013,MI v CSK,Kieron Pollard,1,3,33.33
2013,MI v CSK,Rohit Sharma,39,30,130
2013,MI v CSK,Ambati Rayudu,10,11,90.9
2013,MI v CSK,Harbhajan Singh,25,11,227.27
2013,MI v CSK,Michael Hussey,22,26,84.61
2013,MI v CSK,Murali Vijay,2,4,50
2013,MI v CSK,Suresh Raina,0,1,0
2013,MI v CSK,S Badrinath,0,3,0
2013,MI v CSK,Dwayne Bravo,9,7,128.57
2013,MI v CSK,Ravichandran Ashwin,2,8,25
2013,MI v CSK,MS Dhoni,10,12,83.33
2013,MI v CSK,Ravindra Jadeja,20,16,125
2013,MI v CSK,Chris Morris,1,4,25
2013,MI v CSK,Mohit Sharma,0,3,0
2013,MI v CSK,Ben Laughlin,4,8,50
2013,RR v PWI,Robin Uthappa,54,41,131.7
2013,RR v PWI,Aaron Finch,45,32,140.62
2013,RR v PWI,Yuvraj Singh,15,11,136.36
2013,RR v PWI,Mitchell Marsh,35,21,166.66
2013,RR v PWI,Angelo Mathews,18,15,120
2013,RR v PWI,Mahesh Rawat,0,0,0
2013,RR v PWI,Rahul Dravid,58,40,145
2013,RR v PWI,Ajinkya Rahane,67,48,139.58
2013,RR v PWI,Shane Watson,5,5,100
2013,RR v PWI,Brad Hodge,4,5,80
2013,RR v PWI,Stuart Binny,32,13,246.15
2013,RR v PWI,Sanju Samson,10,6,166.66
2013,RR v PWI,James Faulkner,3,2,150
2013,KXIP v RCB,Cheteshwar Pujara,51,48,106.25
2013,KXIP v RCB,Chris Gayle,61,33,184.84
2013,KXIP v RCB,Virat Kohli,14,14,100
2013,KXIP v RCB,AB de Villiers,38,19,200
2013,KXIP v RCB,Moises Henriques,16,7,228.57
2013,KXIP v RCB,Mandeep Singh,16,12,133.33
2013,KXIP v RCB,Shaun Marsh,6,7,85.71
2013,KXIP v RCB,Gurkeerat Singh Mann,20,20,100
2013,KXIP v RCB,David Hussey,13,14,92.85
2013,KXIP v RCB,David Miller,101,38,265.78
2013,KXIP v RCB,Rajagopal Sathish,27,18,150
2013,RR v DC,Mahela Jayawardene,34,31,109.67
2013,RR v DC,Virender Sehwag,11,7,157.14
2013,RR v DC,Chidhambaram Gautam,2,3,66.66
2013,RR v DC,David Warner,13,18,72.22
2013,RR v DC,Ben Rohrer,64,40,160
2013,RR v DC,Kedar Jadhav,23,21,109.52
2013,RR v DC,Rahul Dravid,53,48,110.41
2013,RR v DC,Ajinkya Rahane,63,45,140
2013,RR v DC,Shane Watson,28,14,200
2013,MI v KKR,Dwayne Smith,47,53,88.67
2013,MI v KKR,Sachin Tendulkar,48,28,171.42
2013,MI v KKR,Dinesh Karthik,34,18,188.88
2013,MI v KKR,Rohit Sharma,16,11,145.45
2013,MI v KKR,Kieron Pollard,4,4,100
2013,MI v KKR,Ambati Rayudu,0,0,0
2013,MI v KKR,Harbhajan Singh,0,0,0
2013,MI v KKR,Mitchell Johnson,10,6,166.66
2013,MI v KKR,Manvinder  Bisla,17,19,89.47
2013,MI v KKR,Gautam Gambhir,0,2,0
2013,MI v KKR,Jacques Kallis,24,26,92.3
2013,MI v KKR,Yusuf Pathan,13,8,162.5
2013,MI v KKR,Eoin Morgan,5,10,50
2013,MI v KKR,Debabrata Das,23,17,135.29
2013,MI v KKR,Ryan McLaren,1,3,33.33
2013,MI v KKR,Rajat Bhatia,4,5,80
2013,MI v KKR,Iqbal Abdulla,6,11,54.54
2013,MI v KKR,Sunil Narine,3,6,50
2013,MI v KKR,Lakshmipathy Balaji,0,3,0
2013,SRH v CSK,Michael Hussey,67,42,159.52
2013,SRH v CSK,Murali Vijay,29,20,145
2013,SRH v CSK,Suresh Raina,99,52,190.38
2013,SRH v CSK,MS Dhoni,4,3,133.33
2013,SRH v CSK,Ravindra Jadeja,14,6,233.33
2013,SRH v CSK,Parthiv Patel,44,30,146.66
2013,SRH v CSK,Shikhar Dhawan,3,3,100
2013,SRH v CSK,Kumar Sangakkara,3,9,33.33
2013,SRH v CSK,Hanuma Vihari,3,8,37.5
2013,SRH v CSK,Daren Sammy,7,3,233.33
2013,SRH v CSK,Thisara Perera,23,13,176.92
2013,SRH v CSK,Karn Sharma,39,33,118.18
2013,SRH v CSK,Amit Mishra,6,8,75
2013,SRH v CSK,Dale Steyn,14,13,107.69
2013,SRH v CSK,Ishant Sharma,0,0,0
2013,KXIP v RR,Mandeep Singh,0,3,0
2013,KXIP v RR,Adam Gilchrist,42,32,131.25
2013,KXIP v RR,Shaun Marsh,77,64,120.31
2013,KXIP v RR,David Hussey,1,3,33.33
2013,KXIP v RR,David Miller,8,11,72.72
2013,KXIP v RR,Manpreet Gony,3,3,100
2013,KXIP v RR,Rajagopal Sathish,4,3,133.33
2013,KXIP v RR,Piyush Chawla,1,1,100
2013,KXIP v RR,Rahul Dravid,4,7,57.14
2013,KXIP v RR,Ajinkya Rahane,59,49,120.4
2013,KXIP v RR,Shane Watson,31,25,124
2013,KXIP v RR,Sanju Samson,47,33,142.42
2013,PWI v KKR,Manvinder  Bisla,12,13,92.3
2013,PWI v KKR,Gautam Gambhir,50,44,113.63
2013,PWI v KKR,Jacques Kallis,2,6,33.33
2013,PWI v KKR,Eoin Morgan,15,15,100
2013,PWI v KKR,Ryan ten Doeschate,31,21,147.61
2013,PWI v KKR,Yusuf Pathan,3,6,50
2013,PWI v KKR,Manoj Tiwary,15,10,150
2013,PWI v KKR,Rajat Bhatia,13,5,260
2013,PWI v KKR,Robin Uthappa,31,35,88.57
2013,PWI v KKR,Aaron Finch,5,5,100
2013,PWI v KKR,Yuvraj Singh,1,2,50
2013,PWI v KKR,Udit Birla,7,14,50
2013,PWI v KKR,Angelo Mathews,40,28,142.85
2013,PWI v KKR,Mitchell Marsh,5,8,62.5
2013,PWI v KKR,Mahesh Rawat,5,11,45.45
2013,PWI v KKR,Wayne Parnell,5,7,71.42
2013,PWI v KKR,Bhuvneshwar Kumar,1,3,33.33
2013,PWI v KKR,Parvez Rasool,1,4,25
2013,PWI v KKR,Krishnakant  Upadhyay,1,1,100
2013,DC v RCB,Cheteshwar Pujara,17,17,100
2013,DC v RCB,Chris Gayle,4,7,57.14
2013,DC v RCB,Virat Kohli,99,58,170.68
2013,DC v RCB,Moises Henriques,26,22,118.18
2013,DC v RCB,AB de Villiers,32,17,188.23
2013,DC v RCB,Mahela Jayawardene,19,13,146.15
2013,DC v RCB,Virender Sehwag,18,10,180
2013,DC v RCB,Unmukt Chand,41,35,117.14
2013,DC v RCB,David Warner,4,6,66.66
2013,DC v RCB,Ben Rohrer,32,27,118.51
2013,DC v RCB,Kedar Jadhav,8,8,100
2013,DC v RCB,Irfan Pathan,23,11,209.09
2013,DC v RCB,Morne Morkel,19,10,190
2013,DC v RCB,Umesh Yadav,4,1,400
2013,PWI v MI,Robin Uthappa,11,13,84.61
2013,PWI v MI,Aaron Finch,10,11,90.9
2013,PWI v MI,Manish Pandey,29,29,100
2013,PWI v MI,Yuvraj Singh,33,29,113.79
2013,PWI v MI,Angelo Mathews,0,2,0
2013,PWI v MI,Abhishek Nayar,11,14,78.57
2013,PWI v MI,Kane Richardson,8,16,50
2013,PWI v MI,Parvez Rasool,4,5,80
2013,PWI v MI,Bhuvneshwar Kumar,2,2,100
2013,PWI v MI,Dwayne Smith,0,1,0
2013,PWI v MI,Sachin Tendulkar,15,13,115.38
2013,PWI v MI,Dinesh Karthik,17,25,68
2013,PWI v MI,Rohit Sharma,37,41,90.24
2013,PWI v MI,Ambati Rayudu,26,23,113.04
2013,PWI v MI,Glenn Maxwell,13,7,185.71
2013,PWI v MI,Harbhajan Singh,4,3,133.33
2013,KXIP v SRH,Parthiv Patel,61,47,129.78
2013,KXIP v SRH,Shikhar Dhawan,15,14,107.14
2013,KXIP v SRH,Hanuma Vihari,5,7,71.42
2013,KXIP v SRH,Cameron White,10,8,125
2013,KXIP v SRH,Biplab Samantray,0,1,0
2013,KXIP v SRH,Daren Sammy,0,3,0
2013,KXIP v SRH,Karn Sharma,22,18,122.22
2013,KXIP v SRH,Thisara Perera,32,19,168.42
2013,KXIP v SRH,Dale Steyn,1,3,33.33
2013,KXIP v SRH,Adam Gilchrist,26,22,118.18
2013,KXIP v SRH,Mandeep Singh,0,2,0
2013,KXIP v SRH,Shaun Marsh,18,20,90
2013,KXIP v SRH,Luke Pomersbach,33,40,82.5
2013,KXIP v SRH,David Miller,6,7,85.71
2013,KXIP v SRH,Rajagopal Sathish,25,18,138.88
2013,KXIP v SRH,Piyush Chawla,0,2,0
2013,KXIP v SRH,Praveen Kumar,1,3,33.33
2013,KXIP v SRH,Harmeet Singh,3,4,75
2013,KXIP v SRH,Parvinder Awana,0,1,0
2013,KXIP v SRH,Sandeep Sharma,0,1,0
2013,KKR v RCB,Cheteshwar Pujara,5,14,35.71
2013,KKR v RCB,Chris Gayle,33,36,91.66
2013,KKR v RCB,Virat Kohli,17,14,121.42
2013,KKR v RCB,AB de Villiers,28,22,127.27
2013,KKR v RCB,Moises Henriques,11,11,100
2013,KKR v RCB,Saurabh Tiwary,1,3,33.33
2013,KKR v RCB,Vinay Kumar,14,13,107.69
2013,KKR v RCB,Ravi Rampaul,0,3,0
2013,KKR v RCB,Abhimanyu Mithun,2,2,100
2013,KKR v RCB,Murali Kartik,0,1,0
2013,KKR v RCB,Jaydev Unadkat,1,1,100
2013,KKR v RCB,Manvinder  Bisla,0,2,0
2013,KKR v RCB,Gautam Gambhir,14,15,93.33
2013,KKR v RCB,Jacques Kallis,41,45,91.11
2013,KKR v RCB,Yusuf Pathan,18,16,112.5
2013,KKR v RCB,Manoj Tiwary,24,27,88.88
2013,KKR v RCB,Ryan ten Doeschate,11,7,157.14
2013,KKR v RCB,Rajat Bhatia,3,4,75
2013,RR v CSK,Michael Hussey,40,40,100
2013,RR v CSK,Murali Vijay,55,50,110
2013,RR v CSK,Suresh Raina,1,2,50
2013,RR v CSK,MS Dhoni,2,3,66.66
2013,RR v CSK,Ravindra Jadeja,12,14,85.71
2013,RR v CSK,Dwayne Bravo,23,11,209.09
2013,RR v CSK,Rahul Dravid,22,28,78.57
2013,RR v CSK,Ajinkya Rahane,9,10,90
2013,RR v CSK,James Faulkner,1,2,50
2013,RR v CSK,Sanju Samson,0,5,0
2013,RR v CSK,Shane Watson,70,34,205.88
2013,RR v CSK,Stuart Binny,41,23,178.26
2013,RR v CSK,Brad Hodge,0,1,0
2013,MI v SRH,Parthiv Patel,26,14,185.71
2013,MI v SRH,Shikhar Dhawan,59,41,143.9
2013,MI v SRH,Hanuma Vihari,41,37,110.81
2013,MI v SRH,Cameron White,43,23,186.95
2013,MI v SRH,Thisara Perera,2,5,40
2013,MI v SRH,Dwayne Smith,21,17,123.52
2013,MI v SRH,Sachin Tendulkar,38,31,122.58
2013,MI v SRH,Dinesh Karthik,30,23,130.43
2013,MI v SRH,Rohit Sharma,20,15,133.33
2013,MI v SRH,Ambati Rayudu,2,5,40
2013,MI v SRH,Kieron Pollard,66,27,244.44
2013,RCB v KXIP,Cheteshwar Pujara,19,20,95
2013,RCB v KXIP,Chris Gayle,77,53,145.28
2013,RCB v KXIP,Virat Kohli,57,43,132.55
2013,RCB v KXIP,AB de Villiers,6,2,300
2013,RCB v KXIP,Moises Henriques,0,1,0
2013,RCB v KXIP,KL Rahul,8,4,200
2013,RCB v KXIP,Adam Gilchrist,85,54,157.4
2013,RCB v KXIP,Shaun Marsh,8,4,200
2013,RCB v KXIP,Azhar Mahmood,61,41,148.78
2013,RCB v KXIP,David Miller,2,4,50
2013,RCB v KXIP,Rajagopal Sathish,12,6,200
2013,CSK v DC,Michael Hussey,26,26,100
2013,CSK v DC,Murali Vijay,31,23,134.78
2013,CSK v DC,Suresh Raina,7,11,63.63
2013,CSK v DC,MS Dhoni,58,35,165.71
2013,CSK v DC,Ravindra Jadeja,24,17,141.17
2013,CSK v DC,Dwayne Bravo,12,8,150
2013,CSK v DC,Virender Sehwag,0,2,0
2013,CSK v DC,Unmukt Chand,16,12,133.33
2013,CSK v DC,Johan Botha,23,20,115
2013,CSK v DC,David Warner,44,37,118.91
2013,CSK v DC,Kedar Jadhav,2,4,50
2013,CSK v DC,Ben Rohrer,4,5,80
2013,CSK v DC,Roelof van der Merwe,14,16,87.5
2013,CSK v DC,Irfan Pathan,4,5,80
2013,CSK v DC,Umesh Yadav,12,9,133.33
2013,CSK v DC,Ashish Nehra,0,1,0
2013,CSK v DC,Siddarth Kaul,7,9,77.77
2013,KKR v PWI,Robin Uthappa,25,21,119.04
2013,KKR v PWI,Aaron Finch,48,32,150
2013,KKR v PWI,Manish Pandey,66,47,140.42
2013,KKR v PWI,Yuvraj Singh,30,20,150
2013,KKR v PWI,Luke Wright,0,0,0
2013,KKR v PWI,Gautam Gambhir,12,17,70.58
2013,KKR v PWI,Manvinder  Bisla,1,4,25
2013,KKR v PWI,Jacques Kallis,1,7,14.28
2013,KKR v PWI,Yusuf Pathan,72,44,163.63
2013,KKR v PWI,Ryan ten Doeschate,42,30,140
2013,KKR v PWI,Manoj Tiwary,0,2,0
2013,KKR v PWI,Debabrata Das,8,6,133.33
2013,KKR v PWI,Rajat Bhatia,10,9,111.11
2013,KKR v PWI,Sachithra Senanayake,2,1,200
2013,MI v RR,Glenn Maxwell,23,17,135.29
2013,MI v RR,Aditya Tare,59,37,159.45
2013,MI v RR,Dinesh Karthik,21,21,100
2013,MI v RR,Rohit Sharma,14,9,155.55
2013,MI v RR,Kieron Pollard,17,14,121.42
2013,MI v RR,Ambati Rayudu,7,7,100
2013,MI v RR,Harbhajan Singh,15,7,214.28
2013,MI v RR,Mitchell Johnson,2,7,28.57
2013,MI v RR,Lasith Malinga,1,1,100
2013,MI v RR,Rahul Dravid,4,5,80
2013,MI v RR,Ajinkya Rahane,4,8,50
2013,MI v RR,James Faulkner,12,13,92.3
2013,MI v RR,Sanju Samson,4,4,100
2013,MI v RR,Shane Watson,19,16,118.75
2013,MI v RR,Stuart Binny,37,29,127.58
2013,MI v RR,Dishant Yagnik,10,14,71.42
2013,MI v RR,Brad Hodge,39,27,144.44
2013,MI v RR,Kevon Cooper,7,4,175
2013,KXIP v DC,Adam Gilchrist,42,26,161.53
2013,KXIP v DC,Shaun Marsh,45,44,102.27
2013,KXIP v DC,Azhar Mahmood,9,13,69.23
2013,KXIP v DC,David Miller,44,24,183.33
2013,KXIP v DC,Rajagopal Sathish,22,13,169.23
2013,KXIP v DC,Piyush Chawla,0,0,0
2013,KXIP v DC,Mahela Jayawardene,39,42,92.85
2013,KXIP v DC,Unmukt Chand,7,8,87.5
2013,KXIP v DC,Irfan Pathan,1,7,14.28
2013,KXIP v DC,David Warner,0,1,0
2013,KXIP v DC,Virender Sehwag,30,22,136.36
2013,KXIP v DC,Ben Rohrer,49,29,168.96
2013,KXIP v DC,Chidhambaram Gautam,12,8,150
2013,KXIP v DC,Morne Morkel,13,4,325
2013,SRH v RR,Parthiv Patel,2,6,33.33
2013,SRH v RR,Shikhar Dhawan,1,3,33.33
2013,SRH v RR,Hanuma Vihari,19,28,67.85
2013,SRH v RR,Cameron White,0,1,0
2013,SRH v RR,Biplab Samantray,55,46,119.56
2013,SRH v RR,Daren Sammy,23,19,121.05
2013,SRH v RR,Thisara Perera,17,13,130.76
2013,SRH v RR,Dale Steyn,0,1,0
2013,SRH v RR,Karn Sharma,4,3,133.33
2013,SRH v RR,Amit Mishra,0,0,0
2013,SRH v RR,Rahul Dravid,25,24,104.16
2013,SRH v RR,Ajinkya Rahane,12,25,48
2013,SRH v RR,Shane Watson,11,20,55
2013,SRH v RR,Sanju Samson,5,7,71.42
2013,SRH v RR,Stuart Binny,8,8,100
2013,SRH v RR,Brad Hodge,8,7,114.28
2013,SRH v RR,Sachin Baby,3,7,42.85
2013,SRH v RR,James Faulkner,6,3,200
2013,SRH v RR,Kevon Cooper,26,12,216.66
2013,SRH v RR,Pravin Tambe,3,6,50
2013,SRH v RR,Siddharth Trivedi,0,1,0
2013,KXIP v MI,Adam Gilchrist,5,7,71.42
2013,KXIP v MI,Mandeep Singh,1,5,20
2013,KXIP v MI,Azhar Mahmood,80,44,181.81
2013,KXIP v MI,Shaun Marsh,63,47,134.04
2013,KXIP v MI,David Miller,6,5,120
2013,KXIP v MI,Manan Vohra,20,8,250
2013,KXIP v MI,Gurkeerat Singh Mann,0,1,0
2013,KXIP v MI,Piyush Chawla,1,2,50
2013,KXIP v MI,Praveen Kumar,0,1,0
2013,KXIP v MI,Glenn Maxwell,0,3,0
2013,KXIP v MI,Aditya Tare,22,12,183.33
2013,KXIP v MI,Ambati Rayudu,26,22,118.18
2013,KXIP v MI,Rohit Sharma,25,25,100
2013,KXIP v MI,Dinesh Karthik,0,3,0
2013,KXIP v MI,Kieron Pollard,22,21,104.76
2013,KXIP v MI,Rishi Dhawan,14,15,93.33
2013,KXIP v MI,Harbhajan Singh,5,8,62.5
2013,KXIP v MI,Nathan Coulter0Nile,9,6,150
2013,KXIP v MI,Lasith Malinga,1,1,100
2013,KXIP v MI,Dhawal Kulkarni,0,,0
2013,RCB v CSK,Virat Kohli,56,29,193.1
2013,RCB v CSK,Chris Gayle,28,13,215.38
2013,RCB v CSK,AB de Villiers,5,3,166.66
2013,RCB v CSK,Moises Henriques,12,3,400
2013,RCB v CSK,Michael Hussey,6,5,120
2013,RCB v CSK,Murali Vijay,32,19,168.42
2013,RCB v CSK,Suresh Raina,0,1,0
2013,RCB v CSK,Dwayne Bravo,11,9,122.22
2013,RCB v CSK,MS Dhoni,24,10,240
2013,RCB v CSK,Ravindra Jadeja,7,4,175
2013,RCB v CSK,S Badrinath,0,0,0
2013,PWI v DC,Robin Uthappa,24,20,120
2013,PWI v DC,Aaron Finch,52,34,152.94
2013,PWI v DC,Manish Pandey,10,14,71.42
2013,PWI v DC,Yuvraj Singh,3,7,42.85
2013,PWI v DC,Angelo Mathews,30,22,136.36
2013,PWI v DC,Luke Wright,44,23,191.3
2013,PWI v DC,Raiphi Gomez,4,1,400
2013,PWI v DC,Mahela Jayawardene,14,13,107.69
2013,PWI v DC,David Warner,2,5,40
2013,PWI v DC,Bharat Chipli,16,18,88.88
2013,PWI v DC,Virender Sehwag,11,10,110
2013,PWI v DC,Ben Rohrer,7,9,77.77
2013,PWI v DC,Irfan Pathan,24,28,85.71
2013,PWI v DC,Chidhambaram Gautam,30,23,130.43
2013,PWI v DC,Morne Morkel,0,1,0
2013,PWI v DC,Umesh Yadav,8,9,88.88
2013,PWI v DC,Shahbaz Nadeem,6,5,120
2013,PWI v DC,Siddarth Kaul,0,0,0
2013,SRH v KKR,Manvinder  Bisla,15,18,83.33
2013,SRH v KKR,Gautam Gambhir,10,17,58.82
2013,SRH v KKR,Jacques Kallis,24,29,82.75
2013,SRH v KKR,Eoin Morgan,9,9,100
2013,SRH v KKR,Yusuf Pathan,49,29,168.96
2013,SRH v KKR,Ryan ten Doeschate,1,5,20
2013,SRH v KKR,Paras Dogra,5,8,62.5
2013,SRH v KKR,Sunil Narine,1,2,50
2013,SRH v KKR,Iqbal Abdulla,2,3,66.66
2013,SRH v KKR,Parthiv Patel,47,37,127.02
2013,SRH v KKR,Shikhar Dhawan,42,35,120
2013,SRH v KKR,Hanuma Vihari,6,13,46.15
2013,SRH v KKR,Cameron White,2,4,50
2013,SRH v KKR,Thisara Perera,4,10,40
2013,SRH v KKR,Daren Sammy,17,12,141.66
2013,SRH v KKR,Biplab Samantray,5,2,250
2013,CSK v MI,Michael Hussey,86,58,148.27
2013,CSK v MI,Murali Vijay,23,20,115
2013,CSK v MI,Suresh Raina,82,42,195.23
2013,CSK v MI,Dwayne Smith,68,28,242.85
2013,CSK v MI,Aditya Tare,7,7,100
2013,CSK v MI,Dinesh Karthik,11,18,61.11
2013,CSK v MI,Rohit Sharma,8,15,53.33
2013,CSK v MI,Kieron Pollard,24,16,150
2013,CSK v MI,Ambati Rayudu,15,14,107.14
2013,CSK v MI,Harbhajan Singh,0,4,0
2013,CSK v MI,Mitchell Johnson,6,7,85.71
2013,CSK v MI,Lasith Malinga,0,2,0
2013,CSK v MI,Pragyan Ojha,0,2,0
2013,CSK v MI,Munaf Patel,0,0,0
2013,RR v SRH,Parthiv Patel,1,3,33.33
2013,RR v SRH,Shikhar Dhawan,33,39,84.61
2013,RR v SRH,Hanuma Vihari,1,8,12.5
2013,RR v SRH,Cameron White,31,28,110.71
2013,RR v SRH,Daren Sammy,29,21,138.09
2013,RR v SRH,Thisara Perera,11,6,183.33
2013,RR v SRH,Biplab Samantray,14,11,127.27
2013,RR v SRH,Karn Sharma,2,2,100
2013,RR v SRH,Dale Steyn,4,2,200
2013,RR v SRH,Rahul Dravid,12,10,120
2013,RR v SRH,Ajinkya Rahane,18,20,90
2013,RR v SRH,Shane Watson,24,15,160
2013,RR v SRH,Dishant Yagnik,0,4,0
2013,RR v SRH,Stuart Binny,2,6,33.33
2013,RR v SRH,Sanju Samson,10,21,47.61
2013,RR v SRH,Brad Hodge,54,29,186.2
2013,RR v SRH,James Faulkner,11,11,100
2013,MI v RR,Rahul Dravid,43,37,116.21
2013,MI v RR,Ajinkya Rahane,21,18,116.66
2013,MI v RR,Shane Watson,6,8,75
2013,MI v RR,Sanju Samson,0,2,0
2013,MI v RR,Stuart Binny,27,17,158.82
2013,MI v RR,Brad Hodge,19,20,95
2013,MI v RR,Kevon Cooper,4,2,200
2013,MI v RR,Dishant Yagnik,31,17,182.35
2013,MI v RR,Dwayne Smith,62,44,140.9
2013,MI v RR,Aditya Tare,35,27,129.62
2013,MI v RR,Dinesh Karthik,22,17,129.41
2013,MI v RR,Rohit Sharma,2,8,25
2013,MI v RR,Kieron Pollard,11,6,183.33
2013,MI v RR,Ambati Rayudu,17,11,154.54
2013,MI v RR,Harbhajan Singh,6,4,150
2013,MI v RR,Rishi Dhawan,4,2,200
2013,CSK v MI,Dwayne Smith,4,4,100
2013,CSK v MI,Aditya Tare,0,1,0
2013,CSK v MI,Dinesh Karthik,21,26,80.76
2013,CSK v MI,Rohit Sharma,2,5,40
2013,CSK v MI,Ambati Rayudu,37,36,102.77
2013,CSK v MI,Kieron Pollard,60,32,187.5
2013,CSK v MI,Harbhajan Singh,14,8,175
2013,CSK v MI,Rishi Dhawan,3,3,100
2013,CSK v MI,Mitchell Johnson,1,2,50
2013,CSK v MI,Lasith Malinga,0,2,0
2013,CSK v MI,Pragyan Ojha,1,1,100
2013,CSK v MI,Michael Hussey,1,2,50
2013,CSK v MI,Murali Vijay,18,20,90
2013,CSK v MI,Suresh Raina,0,1,0
2013,CSK v MI,S Badrinath,0,3,0
2013,CSK v MI,Dwayne Bravo,15,16,93.75
2013,CSK v MI,Ravindra Jadeja,0,2,0
2013,CSK v MI,MS Dhoni,63,45,140
2013,CSK v MI,Albie Morkel,10,10,100
2013,CSK v MI,Chris Morris,0,1,0
2013,CSK v MI,Ravichandran Ashwin,9,18,50
2013,CSK v MI,Mohit Sharma,0,2,0
