season,match_name,fullName,runs,ballsFaced,strikeRate
2016,MI v RPS,Lendl Simmons,8,8,100
2016,MI v RPS,Rohit Sharma,7,5,140
2016,MI v RPS,Hardik Pandya,9,11,81.81
2016,MI v RPS,Jos Buttler,0,2,0
2016,MI v RPS,Ambati Rayudu,22,27,81.48
2016,MI v RPS,Kieron Pollard,1,8,12.5
2016,MI v RPS,Shreyas Gopal,2,16,12.5
2016,MI v RPS,Harbhajan Singh,45,30,150
2016,MI v RPS,Vinay Kumar,12,11,109.09
2016,MI v RPS,Mitchell McClenaghan,2,2,100
2016,MI v RPS,Ajinkya Rahane,66,42,157.14
2016,MI v RPS,Faf du Plessis,34,33,103.03
2016,MI v RPS,Kevin Pietersen,21,14,150
2016,KKR v DC,Mayank Agarwal,9,11,81.81
2016,KKR v DC,Quinton de Kock,17,10,170
2016,KKR v DC,Shreyas Iyer,0,3,0
2016,KKR v DC,Karun Nair,3,8,37.5
2016,KKR v DC,Sanju Samson,15,13,115.38
2016,KKR v DC,Pawan Negi,11,19,57.89
2016,KKR v DC,Carlos Brathwaite,6,4,150
2016,KKR v DC,Chris Morris,11,9,122.22
2016,KKR v DC,Nathan Coulter0Nile,7,11,63.63
2016,KKR v DC,Amit Mishra,3,9,33.33
2016,KKR v DC,Zaheer Khan,4,9,44.44
2016,KKR v DC,Robin Uthappa,35,33,106.06
2016,KKR v DC,Gautam Gambhir,38,41,92.68
2016,KKR v DC,Manish Pandey,15,12,125
2016,KXIP v GL,Murali Vijay,42,34,123.52
2016,KXIP v GL,Manan Vohra,38,23,165.21
2016,KXIP v GL,David Miller,15,10,150
2016,KXIP v GL,Glenn Maxwell,2,4,50
2016,KXIP v GL,Wriddhiman Saha,20,25,80
2016,KXIP v GL,Marcus Stoinis,33,22,150
2016,KXIP v GL,Axar Patel,4,2,200
2016,KXIP v GL,Mitchell Johnson,0,0,0
2016,KXIP v GL,Aaron Finch,74,47,157.44
2016,KXIP v GL,Brendon McCullum,0,2,0
2016,KXIP v GL,Suresh Raina,20,9,222.22
2016,KXIP v GL,Dinesh Karthik,41,26,157.69
2016,KXIP v GL,Ravindra Jadeja,8,12,66.66
2016,KXIP v GL,Ishan Kishan,11,8,137.5
2016,KXIP v GL,Dwayne Bravo,2,2,100
2016,RCB v SRH,Chris Gayle,1,4,25
2016,RCB v SRH,Virat Kohli,75,51,147.05
2016,RCB v SRH,AB de Villiers,82,42,195.23
2016,RCB v SRH,Shane Watson,19,8,237.5
2016,RCB v SRH,Sarfaraz Khan,35,10,350
2016,RCB v SRH,Kedar Jadhav,8,6,133.33
2016,RCB v SRH,David Warner,58,25,232
2016,RCB v SRH,Shikhar Dhawan,8,9,88.88
2016,RCB v SRH,Moises Henriques,19,23,82.6
2016,RCB v SRH,Naman Ojha,0,4,0
2016,RCB v SRH,Deepak Hooda,6,6,100
2016,RCB v SRH,Eoin Morgan,22,18,122.22
2016,RCB v SRH,Ashish Reddy,32,18,177.77
2016,RCB v SRH,Karn Sharma,26,17,152.94
2016,KKR v MI,Robin Uthappa,8,10,80
2016,KKR v MI,Gautam Gambhir,64,52,123.07
2016,KKR v MI,Manish Pandey,52,29,179.31
2016,KKR v MI,Andre Russell,36,17,211.76
2016,KKR v MI,Yusuf Pathan,9,6,150
2016,KKR v MI,Colin Munro,4,5,80
2016,KKR v MI,Suryakumar Yadav,4,1,400
2016,KKR v MI,Rohit Sharma,84,54,155.55
2016,KKR v MI,Parthiv Patel,23,20,115
2016,KKR v MI,Hardik Pandya,9,10,90
2016,KKR v MI,Mitchell McClenaghan,20,8,250
2016,KKR v MI,Jos Buttler,41,22,186.36
2016,KKR v MI,Kieron Pollard,1,1,100
2016,GL v RPS,Ajinkya Rahane,21,17,123.52
2016,GL v RPS,Faf du Plessis,69,43,160.46
2016,GL v RPS,Kevin Pietersen,37,31,119.35
2016,GL v RPS,Steven Smith,5,6,83.33
2016,GL v RPS,MS Dhoni,22,10,220
2016,GL v RPS,Mitchell Marsh,7,11,63.63
2016,GL v RPS,Rajat Bhatia,0,2,0
2016,GL v RPS,Aaron Finch,50,36,138.88
2016,GL v RPS,Brendon McCullum,49,31,158.06
2016,GL v RPS,Suresh Raina,24,24,100
2016,GL v RPS,Dwayne Bravo,22,10,220
2016,GL v RPS,Ravindra Jadeja,4,8,50
2016,DC v KXIP,Murali Vijay,1,5,20
2016,DC v KXIP,Manan Vohra,32,24,133.33
2016,DC v KXIP,Shaun Marsh,13,16,81.25
2016,DC v KXIP,David Miller,9,9,100
2016,DC v KXIP,Glenn Maxwell,0,3,0
2016,DC v KXIP,Axar Patel,11,22,50
2016,DC v KXIP,Wriddhiman Saha,3,7,42.85
2016,DC v KXIP,Mitchell Johnson,4,12,33.33
2016,DC v KXIP,Mohit Sharma,15,8,187.5
2016,DC v KXIP,Pardeep Sahu,18,12,150
2016,DC v KXIP,Sandeep Sharma,1,2,50
2016,DC v KXIP,Quinton de Kock,59,42,140.47
2016,DC v KXIP,Shreyas Iyer,3,5,60
2016,DC v KXIP,Sanju Samson,33,32,103.12
2016,DC v KXIP,Pawan Negi,8,2,400
2016,SRH v KKR,David Warner,13,12,108.33
2016,SRH v KKR,Shikhar Dhawan,6,7,85.71
2016,SRH v KKR,Moises Henriques,6,9,66.66
2016,SRH v KKR,Eoin Morgan,51,43,118.6
2016,SRH v KKR,Deepak Hooda,6,11,54.54
2016,SRH v KKR,Naman Ojha,37,28,132.14
2016,SRH v KKR,Ashish Reddy,13,8,162.5
2016,SRH v KKR,Karn Sharma,2,2,100
2016,SRH v KKR,Bhuvneshwar Kumar,0,1,0
2016,SRH v KKR,Robin Uthappa,38,34,111.76
2016,SRH v KKR,Gautam Gambhir,90,60,150
2016,SRH v KKR,Andre Russell,2,5,40
2016,SRH v KKR,Manish Pandey,11,11,100
2016,MI v GL,Rohit Sharma,7,9,77.77
2016,MI v GL,Parthiv Patel,34,29,117.24
2016,MI v GL,Hardik Pandya,2,6,33.33
2016,MI v GL,Jos Buttler,16,21,76.19
2016,MI v GL,Kieron Pollard,1,3,33.33
2016,MI v GL,Ambati Rayudu,20,19,105.26
2016,MI v GL,Harbhajan Singh,8,13,61.53
2016,MI v GL,Krunal Pandya,20,11,181.81
2016,MI v GL,Tim Southee,25,11,227.27
2016,MI v GL,Mitchell McClenaghan,0,0,0
2016,MI v GL,Aaron Finch,67,54,124.07
2016,MI v GL,Brendon McCullum,6,4,150
2016,MI v GL,Suresh Raina,27,22,122.72
2016,MI v GL,Dinesh Karthik,9,11,81.81
2016,MI v GL,Dwayne Bravo,2,6,33.33
2016,MI v GL,Akshdeep Nath,12,11,109.09
2016,MI v GL,James Faulkner,7,8,87.5
2016,MI v GL,Praveen Kumar,0,2,0
2016,MI v GL,Dhawal Kulkarni,6,3,200
2016,KXIP v RPS,Ajinkya Rahane,9,11,81.81
2016,KXIP v RPS,Faf du Plessis,67,53,126.41
2016,KXIP v RPS,Kevin Pietersen,15,15,100
2016,KXIP v RPS,Thisara Perera,8,9,88.88
2016,KXIP v RPS,Steven Smith,38,26,146.15
2016,KXIP v RPS,MS Dhoni,1,2,50
2016,KXIP v RPS,Irfan Pathan,2,2,100
2016,KXIP v RPS,Ravichandran Ashwin,1,2,50
2016,KXIP v RPS,Murali Vijay,53,49,108.16
2016,KXIP v RPS,Manan Vohra,51,33,154.54
2016,KXIP v RPS,Shaun Marsh,4,6,66.66
2016,KXIP v RPS,David Miller,7,6,116.66
2016,KXIP v RPS,Glenn Maxwell,32,14,228.57
2016,KXIP v RPS,Wriddhiman Saha,4,4,100
2016,RCB v DC,Chris Gayle,0,3,0
2016,RCB v DC,Virat Kohli,79,48,164.58
2016,RCB v DC,AB de Villiers,55,33,166.66
2016,RCB v DC,Shane Watson,33,19,173.68
2016,RCB v DC,Sarfaraz Khan,1,2,50
2016,RCB v DC,Kedar Jadhav,9,11,81.81
2016,RCB v DC,David Wiese,5,4,125
2016,RCB v DC,Quinton de Kock,108,51,211.76
2016,RCB v DC,Shreyas Iyer,0,4,0
2016,RCB v DC,Sanju Samson,9,14,64.28
2016,RCB v DC,Karun Nair,54,42,128.57
2016,RCB v DC,Jean0Paul Duminy,7,5,140
2016,SRH v MI,Martin Guptill,2,4,50
2016,SRH v MI,Parthiv Patel,10,12,83.33
2016,SRH v MI,Ambati Rayudu,54,49,110.2
2016,SRH v MI,Rohit Sharma,5,8,62.5
2016,SRH v MI,Jos Buttler,11,11,100
2016,SRH v MI,Krunal Pandya,49,28,175
2016,SRH v MI,Hardik Pandya,2,5,40
2016,SRH v MI,Harbhajan Singh,1,3,33.33
2016,SRH v MI,David Warner,90,59,152.54
2016,SRH v MI,Shikhar Dhawan,2,4,50
2016,SRH v MI,Moises Henriques,20,22,90.9
2016,SRH v MI,Eoin Morgan,11,12,91.66
2016,SRH v MI,Deepak Hooda,17,9,188.88
2016,KXIP v KKR,Murali Vijay,26,22,118.18
2016,KXIP v KKR,Manan Vohra,8,12,66.66
2016,KXIP v KKR,Shaun Marsh,56,41,136.58
2016,KXIP v KKR,Wriddhiman Saha,8,14,57.14
2016,KXIP v KKR,David Miller,6,6,100
2016,KXIP v KKR,Glenn Maxwell,4,7,57.14
2016,KXIP v KKR,Axar Patel,9,8,112.5
2016,KXIP v KKR,Mohit Sharma,1,3,33.33
2016,KXIP v KKR,Pardeep Sahu,1,1,100
2016,KXIP v KKR,Kyle Abbott,12,6,200
2016,KXIP v KKR,Robin Uthappa,53,28,189.28
2016,KXIP v KKR,Gautam Gambhir,34,34,100
2016,KXIP v KKR,Manish Pandey,12,11,109.09
2016,KXIP v KKR,Shakib Al Hasan,11,15,73.33
2016,KXIP v KKR,Suryakumar Yadav,11,9,122.22
2016,KXIP v KKR,Yusuf Pathan,12,6,200
2016,MI v RCB,Virat Kohli,33,30,110
2016,MI v RCB,KL Rahul,23,14,164.28
2016,MI v RCB,AB de Villiers,29,21,138.09
2016,MI v RCB,Shane Watson,5,10,50
2016,MI v RCB,Travis Head,37,24,154.16
2016,MI v RCB,Sarfaraz Khan,28,18,155.55
2016,MI v RCB,Stuart Binny,1,2,50
2016,MI v RCB,Harshal Patel,0,0,0
2016,MI v RCB,Kane Richardson,1,1,100
2016,MI v RCB,Rohit Sharma,62,44,140.9
2016,MI v RCB,Parthiv Patel,5,6,83.33
2016,MI v RCB,Ambati Rayudu,31,23,134.78
2016,MI v RCB,Jos Buttler,28,14,200
2016,MI v RCB,Kieron Pollard,39,19,205.26
2016,MI v RCB,Hardik Pandya,2,3,66.66
2016,GL v SRH,Aaron Finch,0,4,0
2016,GL v SRH,Brendon McCullum,18,17,105.88
2016,GL v SRH,Suresh Raina,75,51,147.05
2016,GL v SRH,Dinesh Karthik,8,9,88.88
2016,GL v SRH,Dwayne Bravo,8,12,66.66
2016,GL v SRH,Ravindra Jadeja,14,14,100
2016,GL v SRH,Akshdeep Nath,5,10,50
2016,GL v SRH,Dale Steyn,1,2,50
2016,GL v SRH,Praveen Kumar,1,1,100
2016,GL v SRH,David Warner,74,48,154.16
2016,GL v SRH,Shikhar Dhawan,53,41,129.26
2016,RPS v RCB,Virat Kohli,80,63,126.98
2016,RPS v RCB,KL Rahul,7,10,70
2016,RPS v RCB,AB de Villiers,83,46,180.43
2016,RPS v RCB,Shane Watson,1,1,100
2016,RPS v RCB,Sarfaraz Khan,2,1,200
2016,RPS v RCB,Ajinkya Rahane,60,46,130.43
2016,RPS v RCB,Faf du Plessis,2,3,66.66
2016,RPS v RCB,Kevin Pietersen,0,1,0
2016,RPS v RCB,Steven Smith,4,3,133.33
2016,RPS v RCB,MS Dhoni,41,38,107.89
2016,RPS v RCB,Thisara Perera,34,13,261.53
2016,RPS v RCB,Rajat Bhatia,21,11,190.9
2016,RPS v RCB,Ravichandran Ashwin,0,1,0
2016,RPS v RCB,Ankit Sharma,3,3,100
2016,RPS v RCB,Murugan Ashwin,0,1,0
2016,RPS v RCB,Ishant Sharma,0,0,0
2016,DC v MI,Quinton de Kock,9,7,128.57
2016,DC v MI,Shreyas Iyer,19,20,95
2016,DC v MI,Sanju Samson,60,48,125
2016,DC v MI,Karun Nair,5,5,100
2016,DC v MI,Jean0Paul Duminy,49,31,158.06
2016,DC v MI,Pawan Negi,10,10,100
2016,DC v MI,Rohit Sharma,65,48,135.41
2016,DC v MI,Parthiv Patel,1,4,25
2016,DC v MI,Ambati Rayudu,25,23,108.69
2016,DC v MI,Krunal Pandya,36,17,211.76
2016,DC v MI,Jos Buttler,2,6,33.33
2016,DC v MI,Kieron Pollard,19,18,105.55
2016,DC v MI,Hardik Pandya,2,2,100
2016,DC v MI,Harbhajan Singh,0,1,0
2016,DC v MI,Tim Southee,1,1,100
2016,SRH v KXIP,Murali Vijay,2,3,66.66
2016,SRH v KXIP,Manan Vohra,25,23,108.69
2016,SRH v KXIP,Shaun Marsh,40,34,117.64
2016,SRH v KXIP,David Miller,9,11,81.81
2016,SRH v KXIP,Glenn Maxwell,1,2,50
2016,SRH v KXIP,Nikhil Naik,22,28,78.57
2016,SRH v KXIP,Axar Patel,36,17,211.76
2016,SRH v KXIP,Rishi Dhawan,3,2,150
2016,SRH v KXIP,David Warner,59,31,190.32
2016,SRH v KXIP,Shikhar Dhawan,45,44,102.27
2016,SRH v KXIP,Aditya Tare,0,1,0
2016,SRH v KXIP,Eoin Morgan,25,20,125
2016,SRH v KXIP,Deepak Hooda,5,5,100
2016,SRH v KXIP,Moises Henriques,5,4,125
2016,SRH v KXIP,Naman Ojha,2,2,100
2016,GL v RCB,Virat Kohli,100,63,158.73
2016,GL v RCB,Shane Watson,6,6,100
2016,GL v RCB,AB de Villiers,20,16,125
2016,GL v RCB,KL Rahul,51,35,145.71
2016,GL v RCB,Dwayne Smith,32,21,152.38
2016,GL v RCB,Brendon McCullum,42,24,175
2016,GL v RCB,Suresh Raina,28,24,116.66
2016,GL v RCB,Dinesh Karthik,50,39,128.2
2016,GL v RCB,Ravindra Jadeja,12,10,120
2016,GL v RCB,Dwayne Bravo,4,1,400
2016,RPS v KKR,Ajinkya Rahane,67,52,128.84
2016,RPS v KKR,Faf du Plessis,4,9,44.44
2016,RPS v KKR,Steven Smith,31,28,110.71
2016,RPS v KKR,Thisara Perera,12,9,133.33
2016,RPS v KKR,Albie Morkel,16,9,177.77
2016,RPS v KKR,MS Dhoni,23,12,191.66
2016,RPS v KKR,Rajat Bhatia,1,1,100
2016,RPS v KKR,Robin Uthappa,0,1,0
2016,RPS v KKR,Gautam Gambhir,11,5,220
2016,RPS v KKR,Suryakumar Yadav,60,49,122.44
2016,RPS v KKR,Shakib Al Hasan,3,9,33.33
2016,RPS v KKR,Yusuf Pathan,36,27,133.33
2016,RPS v KKR,Andre Russell,17,11,154.54
2016,RPS v KKR,Rajagopal Sathish,10,8,125
2016,RPS v KKR,Piyush Chawla,8,5,160
2016,RPS v KKR,Umesh Yadav,7,2,350
2016,RPS v KKR,Sunil Narine,0,0,0
2016,KXIP v MI,Rohit Sharma,0,2,0
2016,KXIP v MI,Parthiv Patel,81,58,139.65
2016,KXIP v MI,Ambati Rayudu,65,37,175.67
2016,KXIP v MI,Jos Buttler,24,13,184.61
2016,KXIP v MI,Kieron Pollard,10,9,111.11
2016,KXIP v MI,Hardik Pandya,4,2,200
2016,KXIP v MI,Krunal Pandya,0,0,0
2016,KXIP v MI,Murali Vijay,19,13,146.15
2016,KXIP v MI,Manan Vohra,7,11,63.63
2016,KXIP v MI,Shaun Marsh,45,34,132.35
2016,KXIP v MI,Glenn Maxwell,56,39,143.58
2016,KXIP v MI,David Miller,30,17,176.47
2016,KXIP v MI,Nikhil Naik,1,3,33.33
2016,KXIP v MI,Axar Patel,0,2,0
2016,KXIP v MI,Mitchell Johnson,1,2,50
2016,KXIP v MI,Mohit Sharma,0,0,0
2016,SRH v RPS,David Warner,0,4,0
2016,SRH v RPS,Shikhar Dhawan,56,53,105.66
2016,SRH v RPS,Aditya Tare,8,14,57.14
2016,SRH v RPS,Eoin Morgan,0,2,0
2016,SRH v RPS,Deepak Hooda,1,9,11.11
2016,SRH v RPS,Moises Henriques,1,4,25
2016,SRH v RPS,Naman Ojha,18,21,85.71
2016,SRH v RPS,Bipul Sharma,5,5,100
2016,SRH v RPS,Bhuvneshwar Kumar,21,8,262.5
2016,SRH v RPS,Ashish Nehra,0,0,0
2016,SRH v RPS,Ajinkya Rahane,0,5,0
2016,SRH v RPS,Faf du Plessis,30,21,142.85
2016,SRH v RPS,Steven Smith,46,36,127.77
2016,SRH v RPS,MS Dhoni,5,4,125
2016,SRH v RPS,Saurabh Tiwary,0,0,0
2016,DC v GL,Dwayne Smith,53,30,176.66
2016,DC v GL,Brendon McCullum,60,36,166.66
2016,DC v GL,Suresh Raina,2,5,40
2016,DC v GL,Dinesh Karthik,19,17,111.76
2016,DC v GL,Ravindra Jadeja,4,7,57.14
2016,DC v GL,Ishan Kishan,2,6,33.33
2016,DC v GL,Dwayne Bravo,7,6,116.66
2016,DC v GL,James Faulkner,22,13,169.23
2016,DC v GL,Quinton de Kock,5,11,45.45
2016,DC v GL,Sanju Samson,1,6,16.66
2016,DC v GL,Karun Nair,9,7,128.57
2016,DC v GL,Jean0Paul Duminy,48,43,111.62
2016,DC v GL,Rishabh Pant,20,17,117.64
2016,DC v GL,Chris Morris,82,32,256.25
2016,DC v GL,Pawan Negi,3,4,75
2016,MI v KKR,Robin Uthappa,36,20,180
2016,MI v KKR,Gautam Gambhir,59,45,131.11
2016,MI v KKR,Shakib Al Hasan,6,4,150
2016,MI v KKR,Suryakumar Yadav,21,17,123.52
2016,MI v KKR,Andre Russell,22,16,137.5
2016,MI v KKR,Chris Lynn,10,10,100
2016,MI v KKR,Yusuf Pathan,19,8,237.5
2016,MI v KKR,Rohit Sharma,68,49,138.77
2016,MI v KKR,Parthiv Patel,1,2,50
2016,MI v KKR,Ambati Rayudu,32,20,160
2016,MI v KKR,Krunal Pandya,6,5,120
2016,MI v KKR,Jos Buttler,15,15,100
2016,MI v KKR,Kieron Pollard,51,17,300
2016,RPS v GL,Ajinkya Rahane,53,45,117.77
2016,RPS v GL,Saurabh Tiwary,1,2,50
2016,RPS v GL,Steven Smith,101,54,187.03
2016,RPS v GL,MS Dhoni,30,18,166.66
2016,RPS v GL,Thisara Perera,3,2,150
2016,RPS v GL,Dwayne Smith,63,37,170.27
2016,RPS v GL,Brendon McCullum,43,22,195.45
2016,RPS v GL,Suresh Raina,34,28,121.42
2016,RPS v GL,Dinesh Karthik,33,20,165
2016,RPS v GL,Dwayne Bravo,7,6,116.66
2016,RPS v GL,Ravindra Jadeja,0,1,0
2016,RPS v GL,James Faulkner,9,5,180
2016,RPS v GL,Ishan Kishan,0,1,0
2016,RPS v GL,Praveen Kumar,0,0,0
2016,DC v KKR,Quinton de Kock,1,3,33.33
2016,DC v KKR,Shreyas Iyer,0,1,0
2016,DC v KKR,Sanju Samson,15,15,100
2016,DC v KKR,Karun Nair,68,50,136
2016,DC v KKR,Sam Billings,54,34,158.82
2016,DC v KKR,Chris Morris,0,2,0
2016,DC v KKR,Carlos Brathwaite,34,11,309.09
2016,DC v KKR,Rishabh Pant,4,4,100
2016,DC v KKR,Mohammed Shami,0,1,0
2016,DC v KKR,Robin Uthappa,72,52,138.46
2016,DC v KKR,Gautam Gambhir,6,8,75
2016,DC v KKR,Piyush Chawla,8,5,160
2016,DC v KKR,Yusuf Pathan,10,9,111.11
2016,DC v KKR,Suryakumar Yadav,21,13,161.53
2016,DC v KKR,Rajagopal Sathish,6,7,85.71
2016,DC v KKR,Andre Russell,17,12,141.66
2016,DC v KKR,Jason Holder,0,1,0
2016,DC v KKR,Umesh Yadav,2,3,66.66
2016,DC v KKR,Sunil Narine,4,3,133.33
2016,DC v KKR,Brad Hogg,0,0,0
2016,SRH v RCB,David Warner,92,50,184
2016,SRH v RCB,Shikhar Dhawan,11,11,100
2016,SRH v RCB,Kane Williamson,50,38,131.57
2016,SRH v RCB,Moises Henriques,31,14,221.42
2016,SRH v RCB,Naman Ojha,1,3,33.33
2016,SRH v RCB,Deepak Hooda,2,2,100
2016,SRH v RCB,Ashish Reddy,2,3,66.66
2016,SRH v RCB,Virat Kohli,14,17,82.35
2016,SRH v RCB,KL Rahul,51,28,182.14
2016,SRH v RCB,AB de Villiers,47,32,146.87
2016,SRH v RCB,Shane Watson,2,3,66.66
2016,SRH v RCB,Sachin Baby,27,16,168.75
2016,SRH v RCB,Kedar Jadhav,25,15,166.66
2016,SRH v RCB,Parvez Rasool,10,9,111.11
2016,GL v KXIP,Murali Vijay,55,41,134.14
2016,GL v KXIP,Marcus Stoinis,27,17,158.82
2016,GL v KXIP,Shaun Marsh,1,3,33.33
2016,GL v KXIP,Glenn Maxwell,0,1,0
2016,GL v KXIP,Gurkeerat Singh Mann,0,3,0
2016,GL v KXIP,David Miller,31,27,114.81
2016,GL v KXIP,Wriddhiman Saha,33,19,173.68
2016,GL v KXIP,Axar Patel,0,2,0
2016,GL v KXIP,Mohit Sharma,1,2,50
2016,GL v KXIP,KC Cariappa,1,3,33.33
2016,GL v KXIP,Sandeep Sharma,1,1,100
2016,GL v KXIP,Dwayne Smith,15,18,83.33
2016,GL v KXIP,Brendon McCullum,1,3,33.33
2016,GL v KXIP,Suresh Raina,18,15,120
2016,GL v KXIP,Dinesh Karthik,2,4,50
2016,GL v KXIP,Ravindra Jadeja,11,11,100
2016,GL v KXIP,Dwayne Bravo,0,1,0
2016,GL v KXIP,Ishan Kishan,27,24,112.5
2016,GL v KXIP,James Faulkner,32,27,118.51
2016,GL v KXIP,Praveen Kumar,15,13,115.38
2016,GL v KXIP,Dhawal Kulkarni,6,4,150
2016,GL v KXIP,Shivil Kaushik,0,0,0
2016,RPS v MI,Ajinkya Rahane,4,5,80
2016,RPS v MI,Saurabh Tiwary,57,45,126.66
2016,RPS v MI,Steven Smith,45,23,195.65
2016,RPS v MI,Peter Handscomb,6,12,50
2016,RPS v MI,MS Dhoni,24,24,100
2016,RPS v MI,Thisara Perera,12,9,133.33
2016,RPS v MI,Rajat Bhatia,3,2,150
2016,RPS v MI,Rohit Sharma,85,60,141.66
2016,RPS v MI,Parthiv Patel,21,15,140
2016,RPS v MI,Ambati Rayudu,22,19,115.78
2016,RPS v MI,Jos Buttler,27,17,158.82
2016,RCB v KKR,KL Rahul,52,32,162.5
2016,RCB v KKR,Chris Gayle,7,7,100
2016,RCB v KKR,Virat Kohli,52,44,118.18
2016,RCB v KKR,AB de Villiers,4,6,66.66
2016,RCB v KKR,Shane Watson,34,21,161.9
2016,RCB v KKR,Sachin Baby,16,8,200
2016,RCB v KKR,Stuart Binny,16,4,400
2016,RCB v KKR,Varun Aaron,0,0,0
2016,RCB v KKR,Robin Uthappa,1,4,25
2016,RCB v KKR,Gautam Gambhir,37,29,127.58
2016,RCB v KKR,Chris Lynn,15,12,125
2016,RCB v KKR,Manish Pandey,8,12,66.66
2016,RCB v KKR,Yusuf Pathan,60,29,206.89
2016,RCB v KKR,Andre Russell,39,24,162.5
2016,RCB v KKR,Suryakumar Yadav,10,5,200
2016,GL v DC,Dwayne Smith,15,14,107.14
2016,GL v DC,Brendon McCullum,1,4,25
2016,GL v DC,Aaron Finch,5,5,100
2016,GL v DC,Suresh Raina,24,20,120
2016,GL v DC,Dinesh Karthik,53,43,123.25
2016,GL v DC,Ravindra Jadeja,36,26,138.46
2016,GL v DC,James Faulkner,7,6,116.66
2016,GL v DC,Ishan Kishan,2,2,100
2016,GL v DC,Quinton de Kock,46,45,102.22
2016,GL v DC,Rishabh Pant,69,40,172.5
2016,GL v DC,Sanju Samson,19,13,146.15
2016,GL v DC,Jean0Paul Duminy,13,7,185.71
2016,KKR v KXIP,Robin Uthappa,70,49,142.85
2016,KKR v KXIP,Gautam Gambhir,54,45,120
2016,KKR v KXIP,Yusuf Pathan,19,16,118.75
2016,KKR v KXIP,Andre Russell,16,10,160
2016,KKR v KXIP,Murali Vijay,6,11,54.54
2016,KKR v KXIP,Marcus Stoinis,0,3,0
2016,KKR v KXIP,Manan Vohra,0,5,0
2016,KKR v KXIP,Wriddhiman Saha,24,20,120
2016,KKR v KXIP,Glenn Maxwell,68,42,161.9
2016,KKR v KXIP,David Miller,13,18,72.22
2016,KKR v KXIP,Gurkeerat Singh Mann,11,11,100
2016,KKR v KXIP,Axar Patel,21,7,300
2016,KKR v KXIP,Swapnil Singh,0,1,0
2016,KKR v KXIP,Mohit Sharma,1,1,100
2016,KKR v KXIP,Sandeep Sharma,1,1,100
2016,DC v RPS,Rishabh Pant,2,8,25
2016,DC v RPS,Sanju Samson,20,17,117.64
2016,DC v RPS,Karun Nair,32,23,139.13
2016,DC v RPS,Jean0Paul Duminy,34,32,106.25
2016,DC v RPS,Sam Billings,24,15,160
2016,DC v RPS,Carlos Brathwaite,20,8,250
2016,DC v RPS,Pawan Negi,19,12,158.33
2016,DC v RPS,Jayant Yadav,1,3,33.33
2016,DC v RPS,Mohammed Shami,2,3,66.66
2016,DC v RPS,Ajinkya Rahane,63,48,131.25
2016,DC v RPS,Usman Khawaja,30,27,111.11
2016,DC v RPS,Saurabh Tiwary,21,18,116.66
2016,DC v RPS,MS Dhoni,27,20,135
2016,DC v RPS,Thisara Perera,14,5,280
2016,SRH v GL,Dwayne Smith,1,9,11.11
2016,SRH v GL,Brendon McCullum,7,19,36.84
2016,SRH v GL,Suresh Raina,20,10,200
2016,SRH v GL,Dinesh Karthik,0,3,0
2016,SRH v GL,Aaron Finch,51,42,121.42
2016,SRH v GL,Dwayne Bravo,18,20,90
2016,SRH v GL,Ravindra Jadeja,18,13,138.46
2016,SRH v GL,Praveen Kumar,6,4,150
2016,SRH v GL,David Warner,24,17,141.17
2016,SRH v GL,Shikhar Dhawan,47,40,117.5
2016,SRH v GL,Kane Williamson,6,9,66.66
2016,SRH v GL,Moises Henriques,14,16,87.5
2016,SRH v GL,Yuvraj Singh,5,14,35.71
2016,SRH v GL,Deepak Hooda,18,12,150
2016,SRH v GL,Naman Ojha,9,6,150
2016,RCB v RPS,Ajinkya Rahane,74,48,154.16
2016,RCB v RPS,Usman Khawaja,16,6,266.66
2016,RCB v RPS,Saurabh Tiwary,52,39,133.33
2016,RCB v RPS,MS Dhoni,9,8,112.5
2016,RCB v RPS,Thisara Perera,14,8,175
2016,RCB v RPS,George Bailey,0,2,0
2016,RCB v RPS,Rajat Bhatia,9,4,225
2016,RCB v RPS,Ravichandran Ashwin,10,5,200
2016,RCB v RPS,Virat Kohli,108,58,186.2
2016,RCB v RPS,KL Rahul,38,35,108.57
2016,RCB v RPS,AB de Villiers,1,3,33.33
2016,RCB v RPS,Shane Watson,36,13,276.92
2016,RCB v RPS,Travis Head,6,9,66.66
2016,KXIP v DC,Murali Vijay,25,16,156.25
2016,KXIP v DC,Marcus Stoinis,52,44,118.18
2016,KXIP v DC,Hashim Amla,1,5,20
2016,KXIP v DC,Wriddhiman Saha,52,33,157.57
2016,KXIP v DC,Glenn Maxwell,16,11,145.45
2016,KXIP v DC,David Miller,11,6,183.33
2016,KXIP v DC,Axar Patel,16,5,320
2016,KXIP v DC,Quinton de Kock,52,30,173.33
2016,KXIP v DC,Sanju Samson,49,35,140
2016,KXIP v DC,Karun Nair,23,25,92
2016,KXIP v DC,Sam Billings,6,9,66.66
2016,KXIP v DC,Carlos Brathwaite,12,6,200
2016,KXIP v DC,Chris Morris,17,12,141.66
2016,KXIP v DC,Rishabh Pant,4,3,133.33
2016,MI v SRH,David Warner,48,33,145.45
2016,MI v SRH,Shikhar Dhawan,82,57,143.85
2016,MI v SRH,Kane Williamson,2,5,40
2016,MI v SRH,Yuvraj Singh,39,23,169.56
2016,MI v SRH,Moises Henriques,1,2,50
2016,MI v SRH,Rohit Sharma,5,3,166.66
2016,MI v SRH,Parthiv Patel,0,4,0
2016,MI v SRH,Ambati Rayudu,6,6,100
2016,MI v SRH,Krunal Pandya,17,11,154.54
2016,MI v SRH,Jos Buttler,2,2,100
2016,MI v SRH,Kieron Pollard,11,13,84.61
2016,MI v SRH,Hardik Pandya,7,16,43.75
2016,MI v SRH,Harbhajan Singh,21,22,95.45
2016,MI v SRH,Tim Southee,3,4,75
2016,MI v SRH,Mitchell McClenaghan,8,9,88.88
2016,MI v SRH,Jasprit Bumrah,6,9,66.66
2016,KKR v GL,Robin Uthappa,14,10,140
2016,KKR v GL,Gautam Gambhir,5,6,83.33
2016,KKR v GL,Manish Pandey,0,2,0
2016,KKR v GL,Suryakumar Yadav,4,12,33.33
2016,KKR v GL,Shakib Al Hasan,66,49,134.69
2016,KKR v GL,Yusuf Pathan,63,41,153.65
2016,KKR v GL,Dwayne Smith,27,18,150
2016,KKR v GL,Brendon McCullum,29,24,120.83
2016,KKR v GL,Suresh Raina,14,18,77.77
2016,KKR v GL,Dinesh Karthik,51,29,175.86
2016,KKR v GL,Aaron Finch,29,10,290
2016,KKR v GL,Ravindra Jadeja,9,9,100
2016,KKR v GL,Dwayne Bravo,0,0,0
2016,KXIP v RCB,Virat Kohli,20,21,95.23
2016,KXIP v RCB,KL Rahul,42,25,168
2016,KXIP v RCB,AB de Villiers,64,35,182.85
2016,KXIP v RCB,Shane Watson,1,3,33.33
2016,KXIP v RCB,Sachin Baby,33,29,113.79
2016,KXIP v RCB,Travis Head,11,7,157.14
2016,KXIP v RCB,Stuart Binny,0,0,0
2016,KXIP v RCB,Hashim Amla,21,20,105
2016,KXIP v RCB,Murali Vijay,89,57,156.14
2016,KXIP v RCB,Wriddhiman Saha,16,13,123.07
2016,KXIP v RCB,David Miller,0,1,0
2016,KXIP v RCB,Marcus Stoinis,34,22,154.54
2016,KXIP v RCB,Farhaan Behardien,9,7,128.57
2016,RPS v SRH,David Warner,11,14,78.57
2016,RPS v SRH,Shikhar Dhawan,33,27,122.22
2016,RPS v SRH,Kane Williamson,32,37,86.48
2016,RPS v SRH,Yuvraj Singh,23,21,109.52
2016,RPS v SRH,Moises Henriques,10,8,125
2016,RPS v SRH,Deepak Hooda,14,5,280
2016,RPS v SRH,Naman Ojha,7,5,140
2016,RPS v SRH,Bhuvneshwar Kumar,1,2,50
2016,RPS v SRH,Barinder Sran,1,1,100
2016,RPS v SRH,Ajinkya Rahane,0,3,0
2016,RPS v SRH,Usman Khawaja,11,8,137.5
2016,RPS v SRH,George Bailey,34,40,85
2016,RPS v SRH,Ravichandran Ashwin,29,25,116
2016,RPS v SRH,Saurabh Tiwary,9,10,90
2016,RPS v SRH,MS Dhoni,30,20,150
2016,RPS v SRH,Thisara Perera,17,13,130.76
2016,RPS v SRH,Rajat Bhatia,0,0,0
2016,RPS v SRH,Adam Zampa,0,1,0
2016,RCB v MI,Virat Kohli,7,7,100
2016,RCB v MI,Chris Gayle,5,6,83.33
2016,RCB v MI,AB de Villiers,24,27,88.88
2016,RCB v MI,KL Rahul,68,53,128.3
2016,RCB v MI,Shane Watson,15,14,107.14
2016,RCB v MI,Sachin Baby,25,13,192.3
2016,RCB v MI,Rohit Sharma,25,24,104.16
2016,RCB v MI,Parthiv Patel,1,2,50
2016,RCB v MI,Ambati Rayudu,44,47,93.61
2016,RCB v MI,Nitish Rana,9,11,81.81
2016,RCB v MI,Kieron Pollard,35,19,184.21
2016,RCB v MI,Jos Buttler,29,11,263.63
2016,SRH v DC,David Warner,46,30,153.33
2016,SRH v DC,Shikhar Dhawan,34,37,91.89
2016,SRH v DC,Kane Williamson,27,24,112.5
2016,SRH v DC,Yuvraj Singh,8,8,100
2016,SRH v DC,Moises Henriques,0,1,0
2016,SRH v DC,Deepak Hooda,10,9,111.11
2016,SRH v DC,Naman Ojha,7,9,77.77
2016,SRH v DC,Bhuvneshwar Kumar,1,2,50
2016,SRH v DC,Barinder Sran,1,1,100
2016,SRH v DC,Ashish Nehra,1,1,100
2016,SRH v DC,Quinton de Kock,44,31,141.93
2016,SRH v DC,Mayank Agarwal,10,9,111.11
2016,SRH v DC,Karun Nair,20,17,117.64
2016,SRH v DC,Sanju Samson,34,26,130.76
2016,SRH v DC,Rishabh Pant,39,26,150
2016,MI v KXIP,Rohit Sharma,15,24,62.5
2016,MI v KXIP,Unmukt Chand,0,4,0
2016,MI v KXIP,Ambati Rayudu,0,3,0
2016,MI v KXIP,Nitish Rana,25,28,89.28
2016,MI v KXIP,Jos Buttler,9,10,90
2016,MI v KXIP,Kieron Pollard,27,20,135
2016,MI v KXIP,Krunal Pandya,19,12,158.33
2016,MI v KXIP,Harbhajan Singh,14,10,140
2016,MI v KXIP,Tim Southee,1,3,33.33
2016,MI v KXIP,Mitchell McClenaghan,4,4,100
2016,MI v KXIP,Jasprit Bumrah,2,2,100
2016,MI v KXIP,Murali Vijay,54,52,103.84
2016,MI v KXIP,Hashim Amla,0,5,0
2016,MI v KXIP,Wriddhiman Saha,56,40,140
2016,MI v KXIP,Glenn Maxwell,0,1,0
2016,MI v KXIP,Gurkeerat Singh Mann,6,4,150
2016,RCB v GL,Chris Gayle,6,13,46.15
2016,RCB v GL,Virat Kohli,109,55,198.18
2016,RCB v GL,AB de Villiers,129,52,248.07
2016,RCB v GL,Shane Watson,0,1,0
2016,RCB v GL,Dwayne Smith,7,6,116.66
2016,RCB v GL,Brendon McCullum,11,13,84.61
2016,RCB v GL,Ravindra Jadeja,21,19,110.52
2016,RCB v GL,Dinesh Karthik,2,4,50
2016,RCB v GL,Aaron Finch,37,38,97.36
2016,RCB v GL,Dwayne Bravo,1,2,50
2016,RCB v GL,Akshdeep Nath,3,6,50
2016,RCB v GL,Praveen Kumar,1,4,25
2016,RCB v GL,Dhawal Kulkarni,2,3,66.66
2016,RCB v GL,Pravin Tambe,7,19,36.84
2016,RCB v GL,Shivil Kaushik,0,1,0
2016,KKR v RPS,Ajinkya Rahane,2,6,33.33
2016,KKR v RPS,Usman Khawaja,21,17,123.52
2016,KKR v RPS,George Bailey,33,27,122.22
2016,KKR v RPS,Saurabh Tiwary,13,12,108.33
2016,KKR v RPS,Irfan Pathan,7,8,87.5
2016,KKR v RPS,MS Dhoni,8,22,36.36
2016,KKR v RPS,Thisara Perera,13,11,118.18
2016,KKR v RPS,Ravichandran Ashwin,0,4,0
2016,KKR v RPS,Robin Uthappa,4,1,400
2016,KKR v RPS,Gautam Gambhir,0,1,0
2016,KKR v RPS,Manish Pandey,15,10,150
2016,KKR v RPS,Yusuf Pathan,37,18,205.55
2016,KXIP v SRH,Hashim Amla,96,56,171.42
2016,KXIP v SRH,Murali Vijay,6,12,50
2016,KXIP v SRH,Wriddhiman Saha,27,23,117.39
2016,KXIP v SRH,Gurkeerat Singh Mann,27,20,135
2016,KXIP v SRH,David Miller,20,9,222.22
2016,KXIP v SRH,Glenn Maxwell,0,0,0
2016,KXIP v SRH,David Warner,52,41,126.82
2016,KXIP v SRH,Shikhar Dhawan,25,22,113.63
2016,KXIP v SRH,Deepak Hooda,34,22,154.54
2016,KXIP v SRH,Yuvraj Singh,42,24,175
2016,KXIP v SRH,Ben Cutting,18,11,163.63
2016,MI v DC,Rohit Sharma,31,21,147.61
2016,MI v DC,Martin Guptill,48,42,114.28
2016,MI v DC,Krunal Pandya,86,37,232.43
2016,MI v DC,Kieron Pollard,3,6,50
2016,MI v DC,Jos Buttler,18,9,200
2016,MI v DC,Ambati Rayudu,13,5,260
2016,MI v DC,Mayank Agarwal,8,5,160
2016,MI v DC,Quinton de Kock,40,28,142.85
2016,MI v DC,Karun Nair,8,8,100
2016,MI v DC,Sanju Samson,6,11,54.54
2016,MI v DC,Rishabh Pant,23,17,135.29
2016,MI v DC,Jean0Paul Duminy,9,9,100
2016,MI v DC,Chris Morris,20,16,125
2016,MI v DC,Amit Mishra,1,5,20
2016,MI v DC,Shahbaz Nadeem,1,5,20
2016,MI v DC,Imran Tahir,5,7,71.42
2016,MI v DC,Zaheer Khan,2,4,50
2016,KKR v RCB,Robin Uthappa,2,4,50
2016,KKR v RCB,Gautam Gambhir,51,34,150
2016,KKR v RCB,Manish Pandey,50,35,142.85
2016,KKR v RCB,Yusuf Pathan,6,12,50
2016,KKR v RCB,Andre Russell,39,19,205.26
2016,KKR v RCB,Suryakumar Yadav,5,5,100
2016,KKR v RCB,Shakib Al Hasan,18,11,163.63
2016,KKR v RCB,Chris Gayle,49,31,158.06
2016,KKR v RCB,Virat Kohli,75,51,147.05
2016,KKR v RCB,AB de Villiers,59,31,190.32
2016,RPS v DC,Quinton de Kock,2,8,25
2016,RPS v DC,Shreyas Iyer,8,10,80
2016,RPS v DC,Karun Nair,41,43,95.34
2016,RPS v DC,Sanju Samson,10,13,76.92
2016,RPS v DC,Rishabh Pant,4,9,44.44
2016,RPS v DC,Jean0Paul Duminy,14,14,100
2016,RPS v DC,Chris Morris,38,20,190
2016,RPS v DC,Nathan Coulter0Nile,2,3,66.66
2016,RPS v DC,Ajinkya Rahane,42,36,116.66
2016,RPS v DC,Usman Khawaja,19,13,146.15
2016,RPS v DC,George Bailey,8,18,44.44
2016,RCB v KXIP,Chris Gayle,73,32,228.12
2016,RCB v KXIP,Virat Kohli,113,50,226
2016,RCB v KXIP,AB de Villiers,0,2,0
2016,RCB v KXIP,KL Rahul,16,6,266.66
2016,RCB v KXIP,Shane Watson,1,2,50
2016,RCB v KXIP,Murali Vijay,16,8,200
2016,RCB v KXIP,Hashim Amla,9,6,150
2016,RCB v KXIP,Wriddhiman Saha,24,10,240
2016,RCB v KXIP,David Miller,3,6,50
2016,RCB v KXIP,Gurkeerat Singh Mann,18,18,100
2016,RCB v KXIP,Axar Patel,13,9,144.44
2016,RCB v KXIP,Farhaan Behardien,0,1,0
2016,RCB v KXIP,Kyle Abbott,0,1,0
2016,RCB v KXIP,Mohit Sharma,14,12,116.66
2016,RCB v KXIP,KC Cariappa,12,8,150
2016,RCB v KXIP,Sandeep Sharma,5,5,100
2016,GL v KKR,Robin Uthappa,25,19,131.57
2016,GL v KKR,Gautam Gambhir,8,8,100
2016,GL v KKR,Manish Pandey,1,3,33.33
2016,GL v KKR,Piyush Chawla,11,16,68.75
2016,GL v KKR,Yusuf Pathan,36,36,100
2016,GL v KKR,Shakib Al Hasan,3,8,37.5
2016,GL v KKR,Suryakumar Yadav,17,14,121.42
2016,GL v KKR,Jason Holder,13,8,162.5
2016,GL v KKR,Sunil Narine,2,7,28.57
2016,GL v KKR,Morne Morkel,1,1,100
2016,GL v KKR,Dwayne Smith,0,1,0
2016,GL v KKR,Brendon McCullum,6,3,200
2016,GL v KKR,Suresh Raina,53,36,147.22
2016,GL v KKR,Dinesh Karthik,12,8,150
2016,GL v KKR,Aaron Finch,26,23,113.04
2016,GL v KKR,Ravindra Jadeja,11,10,110
2016,DC v SRH,David Warner,73,56,130.35
2016,DC v SRH,Shikhar Dhawan,10,8,125
2016,DC v SRH,Deepak Hooda,1,1,100
2016,DC v SRH,Yuvraj Singh,10,11,90.9
2016,DC v SRH,Moises Henriques,18,13,138.46
2016,DC v SRH,Eoin Morgan,14,10,140
2016,DC v SRH,Naman Ojha,16,14,114.28
2016,DC v SRH,Bhuvneshwar Kumar,13,7,185.71
2016,DC v SRH,Quinton de Kock,2,9,22.22
2016,DC v SRH,Rishabh Pant,32,26,123.07
2016,DC v SRH,Karun Nair,83,59,140.67
2016,DC v SRH,Jean0Paul Duminy,17,15,113.33
2016,DC v SRH,Carlos Brathwaite,10,7,142.85
2016,DC v SRH,Sanju Samson,3,4,75
2016,RPS v KXIP,Hashim Amla,30,27,111.11
2016,RPS v KXIP,Murali Vijay,59,41,143.9
2016,RPS v KXIP,Wriddhiman Saha,3,4,75
2016,RPS v KXIP,Gurkeerat Singh Mann,51,30,170
2016,RPS v KXIP,David Miller,7,5,140
2016,RPS v KXIP,Farhaan Behardien,5,5,100
2016,RPS v KXIP,Axar Patel,1,3,33.33
2016,RPS v KXIP,Rishi Dhawan,11,4,275
2016,RPS v KXIP,Kyle Abbott,1,1,100
2016,RPS v KXIP,Ajinkya Rahane,19,15,126.66
2016,RPS v KXIP,Usman Khawaja,30,29,103.44
2016,RPS v KXIP,George Bailey,9,11,81.81
2016,RPS v KXIP,Saurabh Tiwary,17,15,113.33
2016,RPS v KXIP,MS Dhoni,64,32,200
2016,RPS v KXIP,Irfan Pathan,2,3,66.66
2016,RPS v KXIP,Thisara Perera,23,14,164.28
2016,RPS v KXIP,Ravichandran Ashwin,1,1,100
2016,GL v MI,Rohit Sharma,30,17,176.47
2016,GL v MI,Martin Guptill,7,9,77.77
2016,GL v MI,Nitish Rana,70,36,194.44
2016,GL v MI,Krunal Pandya,4,3,133.33
2016,GL v MI,Jos Buttler,33,31,106.45
2016,GL v MI,Kieron Pollard,9,11,81.81
2016,GL v MI,Hardik Pandya,7,8,87.5
2016,GL v MI,Harbhajan Singh,3,5,60
2016,GL v MI,Vinay Kumar,1,1,100
2016,GL v MI,Aaron Finch,0,2,0
2016,GL v MI,Brendon McCullum,48,27,177.77
2016,GL v MI,Suresh Raina,58,36,161.11
2016,GL v MI,Dinesh Karthik,3,4,75
2016,GL v MI,Dwayne Smith,37,23,160.86
2016,GL v MI,Ravindra Jadeja,21,15,140
2016,KKR v SRH,Robin Uthappa,25,17,147.05
2016,KKR v SRH,Gautam Gambhir,16,15,106.66
2016,KKR v SRH,Colin Munro,10,8,125
2016,KKR v SRH,Manish Pandey,48,30,160
2016,KKR v SRH,Yusuf Pathan,52,34,152.94
2016,KKR v SRH,Jason Holder,3,3,100
2016,KKR v SRH,Shakib Al Hasan,7,10,70
2016,KKR v SRH,Suryakumar Yadav,6,3,200
2016,KKR v SRH,Shikhar Dhawan,51,30,170
2016,KKR v SRH,David Warner,18,16,112.5
2016,KKR v SRH,Naman Ojha,15,25,60
2016,KKR v SRH,Yuvraj Singh,19,12,158.33
2016,KKR v SRH,Kane Williamson,7,9,77.77
2016,KKR v SRH,Deepak Hooda,2,2,100
2016,KKR v SRH,Moises Henriques,11,10,110
2016,KKR v SRH,Karn Sharma,8,11,72.72
2016,KKR v SRH,Bhuvneshwar Kumar,5,4,125
2016,KKR v SRH,Barinder Sran,2,2,100
2016,DC v RCB,Quinton de Kock,60,52,115.38
2016,DC v RCB,Rishabh Pant,1,2,50
2016,DC v RCB,Karun Nair,11,10,110
2016,DC v RCB,Sanju Samson,17,12,141.66
2016,DC v RCB,Sam Billings,4,6,66.66
2016,DC v RCB,Pawan Negi,6,12,50
2016,DC v RCB,Carlos Brathwaite,1,2,50
2016,DC v RCB,Chris Morris,27,18,150
2016,DC v RCB,Jayant Yadav,5,7,71.42
2016,DC v RCB,Chris Gayle,1,4,25
2016,DC v RCB,Virat Kohli,54,45,120
2016,DC v RCB,AB de Villiers,6,8,75
2016,DC v RCB,KL Rahul,38,23,165.21
2016,DC v RCB,Shane Watson,14,18,77.77
2016,DC v RCB,Stuart Binny,16,11,145.45
2016,RCB v GL,Aaron Finch,4,6,66.66
2016,RCB v GL,Brendon McCullum,1,4,25
2016,RCB v GL,Suresh Raina,1,9,11.11
2016,RCB v GL,Dinesh Karthik,26,30,86.66
2016,RCB v GL,Dwayne Smith,73,41,178.04
2016,RCB v GL,Ravindra Jadeja,3,7,42.85
2016,RCB v GL,Dwayne Bravo,8,6,133.33
2016,RCB v GL,Eklavya Dwivedi,19,9,211.11
2016,RCB v GL,Praveen Kumar,1,2,50
2016,RCB v GL,Dhawal Kulkarni,10,4,250
2016,RCB v GL,Shadab Jakati,1,2,50
2016,RCB v GL,Chris Gayle,9,12,75
2016,RCB v GL,Virat Kohli,0,2,0
2016,RCB v GL,AB de Villiers,79,47,168.08
2016,RCB v GL,KL Rahul,0,1,0
2016,RCB v GL,Shane Watson,1,6,16.66
2016,RCB v GL,Sachin Baby,0,3,0
2016,RCB v GL,Stuart Binny,21,15,140
2016,RCB v GL,Iqbal Abdulla,33,25,132
2016,KKR v SRH,David Warner,28,28,100
2016,KKR v SRH,Shikhar Dhawan,10,10,100
2016,KKR v SRH,Moises Henriques,31,21,147.61
2016,KKR v SRH,Yuvraj Singh,44,30,146.66
2016,KKR v SRH,Deepak Hooda,21,13,161.53
2016,KKR v SRH,Ben Cutting,0,1,0
2016,KKR v SRH,Naman Ojha,7,9,77.77
2016,KKR v SRH,Bhuvneshwar Kumar,1,2,50
2016,KKR v SRH,Bipul Sharma,14,6,233.33
2016,KKR v SRH,Barinder Sran,0,0,0
2016,KKR v SRH,Robin Uthappa,11,7,157.14
2016,KKR v SRH,Gautam Gambhir,28,28,100
2016,KKR v SRH,Colin Munro,16,17,94.11
2016,KKR v SRH,Manish Pandey,36,28,128.57
2016,KKR v SRH,Yusuf Pathan,2,6,33.33
2016,KKR v SRH,Suryakumar Yadav,23,15,153.33
2016,KKR v SRH,Rajagopal Sathish,8,9,88.88
2016,KKR v SRH,Jason Holder,6,7,85.71
2016,KKR v SRH,Sunil Narine,1,3,33.33
2016,KKR v SRH,Morne Morkel,0,0,0
2016,GL v SRH,Eklavya Dwivedi,5,5,100
2016,GL v SRH,Brendon McCullum,32,29,110.34
2016,GL v SRH,Suresh Raina,1,5,20
2016,GL v SRH,Dinesh Karthik,26,19,136.84
2016,GL v SRH,Aaron Finch,50,32,156.25
2016,GL v SRH,Dwayne Smith,1,3,33.33
2016,GL v SRH,Ravindra Jadeja,19,15,126.66
2016,GL v SRH,Dwayne Bravo,20,10,200
2016,GL v SRH,Dhawal Kulkarni,3,2,150
2016,GL v SRH,David Warner,93,58,160.34
2016,GL v SRH,Shikhar Dhawan,0,4,0
2016,GL v SRH,Moises Henriques,11,6,183.33
2016,GL v SRH,Yuvraj Singh,8,13,61.53
2016,GL v SRH,Deepak Hooda,4,9,44.44
2016,GL v SRH,Ben Cutting,8,7,114.28
2016,GL v SRH,Naman Ojha,10,8,125
2016,GL v SRH,Bipul Sharma,27,11,245.45
2016,RCB v SRH,David Warner,69,38,181.57
2016,RCB v SRH,Shikhar Dhawan,28,25,112
2016,RCB v SRH,Moises Henriques,4,5,80
2016,RCB v SRH,Yuvraj Singh,38,23,165.21
2016,RCB v SRH,Deepak Hooda,3,6,50
2016,RCB v SRH,Ben Cutting,39,15,260
2016,RCB v SRH,Naman Ojha,7,4,175
2016,RCB v SRH,Bipul Sharma,5,3,166.66
2016,RCB v SRH,Bhuvneshwar Kumar,1,1,100
2016,RCB v SRH,Chris Gayle,76,38,200
2016,RCB v SRH,Virat Kohli,54,35,154.28
2016,RCB v SRH,AB de Villiers,5,6,83.33
2016,RCB v SRH,KL Rahul,11,9,122.22
2016,RCB v SRH,Shane Watson,11,9,122.22
2016,RCB v SRH,Sachin Baby,18,10,180
2016,RCB v SRH,Stuart Binny,9,7,128.57
2016,RCB v SRH,Chris Jordan,3,4,75
2016,RCB v SRH,Iqbal Abdulla,4,2,200
