season,match_name,fullName,overs,conceded,wickets,economyRate
2017,SRH v RCB,Tymal Mills,4,31,1,7.75
2017,SRH v RCB,Aniket Choudhary,4,55,1,13.75
2017,SRH v RCB,Yuzvendra Chahal,4,22,1,5.5
2017,SRH v RCB,Sreenath Aravind,3,36,0,12
2017,SRH v RCB,Shane Watson,3,41,0,13.66
2017,SRH v RCB,Travis Head,1,11,0,11
2017,SRH v RCB,Stuart Binny,1,10,1,10
2017,SRH v RCB,Ashish Nehra,4,42,2,10.5
2017,SRH v RCB,Bhuvneshwar Kumar,4,27,2,6.75
2017,SRH v RCB,Ben Cutting,3.4,35,0,9.54
2017,SRH v RCB,Rashid Khan,4,36,2,9
2017,SRH v RCB,Deepak Hooda,1,7,1,7
2017,SRH v RCB,Moises Henriques,2,20,0,10
2017,SRH v RCB,Bipul Sharma,1,4,1,4
2017,RPS v MI,Ashok Dinda,4,57,0,14.25
2017,RPS v MI,Deepak Chahar,2,21,0,10.5
2017,RPS v MI,Ben Stokes,4,36,1,9
2017,RPS v MI,Imran Tahir,4,28,3,7
2017,RPS v MI,Adam Zampa,3,26,1,8.66
2017,RPS v MI,Rajat Bhatia,3,14,2,4.66
2017,RPS v MI,Tim Southee,4,34,1,8.5
2017,RPS v MI,Hardik Pandya,4,36,1,9
2017,RPS v MI,Mitchell McClenaghan,4,36,1,9
2017,RPS v MI,Jasprit Bumrah,4,29,0,7.25
2017,RPS v MI,Krunal Pandya,2,21,0,10.5
2017,RPS v MI,Kieron Pollard,1.5,30,0,16.36
2017,GL v KKR,Trent Boult,4,40,1,10
2017,GL v KKR,Piyush Chawla,4,33,1,8.25
2017,GL v KKR,Sunil Narine,4,33,0,8.25
2017,GL v KKR,Chris Woakes,3,35,0,11.66
2017,GL v KKR,Kuldeep Yadav,4,25,2,6.25
2017,GL v KKR,Yusuf Pathan,1,15,0,15
2017,GL v KKR,Praveen Kumar,2,13,0,6.5
2017,GL v KKR,Dhawal Kulkarni,2.5,42,0,14.82
2017,GL v KKR,Manpreet Gony,2,32,0,16
2017,GL v KKR,Shivil Kaushik,4,40,0,10
2017,GL v KKR,Dwayne Smith,1,23,0,23
2017,GL v KKR,Shadab Jakati,3,30,0,10
2017,KXIP v RPS,Sandeep Sharma,4,33,2,8.25
2017,KXIP v RPS,Mohit Sharma,4,34,0,8.5
2017,KXIP v RPS,Axar Patel,4,27,1,6.75
2017,KXIP v RPS,T Natarajan,3,26,1,8.66
2017,KXIP v RPS,Marcus Stoinis,3,28,1,9.33
2017,KXIP v RPS,Swapnil Singh,2,14,1,7
2017,KXIP v RPS,Ashok Dinda,3,26,1,8.66
2017,KXIP v RPS,Daniel Christian,2,24,0,12
2017,KXIP v RPS,Ben Stokes,4,32,0,8
2017,KXIP v RPS,Imran Tahir,4,29,2,7.25
2017,KXIP v RPS,Rahul Chahar,4,32,1,8
2017,KXIP v RPS,Rajat Bhatia,2,20,0,10
2017,RCB v DC,Zaheer Khan,4,31,2,7.75
2017,RCB v DC,Chris Morris,4,21,3,5.25
2017,RCB v DC,Pat Cummins,4,29,1,7.25
2017,RCB v DC,Shahbaz Nadeem,4,13,1,3.25
2017,RCB v DC,Amit Mishra,2,32,0,16
2017,RCB v DC,Carlos Brathwaite,2,29,0,14.5
2017,RCB v DC,Billy Stanlake,4,29,2,7.25
2017,RCB v DC,Yuzvendra Chahal,4,19,1,4.75
2017,RCB v DC,Iqbal Abdulla,3,36,2,12
2017,RCB v DC,Tymal Mills,4,33,1,8.25
2017,RCB v DC,Shane Watson,4,21,1,5.25
2017,RCB v DC,Pawan Negi,1,3,2,3
2017,SRH v GL,Bipul Sharma,4,24,0,6
2017,SRH v GL,Bhuvneshwar Kumar,4,21,2,5.25
2017,SRH v GL,Ashish Nehra,4,27,1,6.75
2017,SRH v GL,Rashid Khan,4,19,3,4.75
2017,SRH v GL,Ben Cutting,3,29,0,9.66
2017,SRH v GL,Moises Henriques,1,12,0,12
2017,SRH v GL,Suresh Raina,2,24,0,12
2017,SRH v GL,Praveen Kumar,2,16,1,8
2017,SRH v GL,Tejas Baroka,3.3,33,0,9.42
2017,SRH v GL,Dhawal Kulkarni,2,17,0,8.5
2017,SRH v GL,Shivil Kaushik,4,29,0,7.25
2017,SRH v GL,Basil Thampi,2,21,0,10.5
2017,MI v KKR,Lasith Malinga,4,36,2,9
2017,MI v KKR,Mitchell McClenaghan,4,51,1,12.75
2017,MI v KKR,Jasprit Bumrah,4,39,1,9.75
2017,MI v KKR,Krunal Pandya,4,24,3,6
2017,MI v KKR,Harbhajan Singh,4,27,0,6.75
2017,MI v KKR,Trent Boult,3.5,47,0,12.26
2017,MI v KKR,Chris Woakes,4,34,1,8.5
2017,MI v KKR,Sunil Narine,4,22,1,5.5
2017,MI v KKR,Kuldeep Yadav,4,35,1,8.75
2017,MI v KKR,Ankit Rajpoot,4,37,3,9.25
2017,KXIP v RCB,Axar Patel,4,12,1,3
2017,KXIP v RCB,Sandeep Sharma,4,26,1,6.5
2017,KXIP v RCB,Mohit Sharma,4,47,0,11.75
2017,KXIP v RCB,Varun Aaron,4,21,2,5.25
2017,KXIP v RCB,T Natarajan,1,13,0,13
2017,KXIP v RCB,Marcus Stoinis,3,28,0,9.33
2017,KXIP v RCB,Billy Stanlake,4,41,0,10.25
2017,KXIP v RCB,Iqbal Abdulla,2,19,0,9.5
2017,KXIP v RCB,Shane Watson,2,28,0,14
2017,KXIP v RCB,Tymal Mills,2,22,1,11
2017,KXIP v RCB,Yuzvendra Chahal,3.3,29,1,8.28
2017,KXIP v RCB,Pawan Negi,1,7,0,7
2017,RPS v DC,Ashok Dinda,3,36,0,12
2017,RPS v DC,Deepak Chahar,3,35,1,11.66
2017,RPS v DC,Ben Stokes,4,41,0,10.25
2017,RPS v DC,Imran Tahir,4,24,1,6
2017,RPS v DC,Adam Zampa,4,45,1,11.25
2017,RPS v DC,Rajat Bhatia,2,21,0,10.5
2017,RPS v DC,Shahbaz Nadeem,4,23,1,5.75
2017,RPS v DC,Pat Cummins,3.1,24,2,7.57
2017,RPS v DC,Zaheer Khan,3,20,3,6.66
2017,RPS v DC,Chris Morris,2,19,1,9.5
2017,RPS v DC,Corey Anderson,1,10,0,10
2017,RPS v DC,Amit Mishra,3,11,3,3.66
2017,MI v SRH,Harbhajan Singh,4,23,2,5.75
2017,MI v SRH,Lasith Malinga,4,30,1,7.5
2017,MI v SRH,Jasprit Bumrah,4,24,3,6
2017,MI v SRH,Mitchell McClenaghan,4,42,1,10.5
2017,MI v SRH,Hardik Pandya,3,22,1,7.33
2017,MI v SRH,Krunal Pandya,1,12,0,12
2017,MI v SRH,Bhuvneshwar Kumar,4,21,3,5.25
2017,MI v SRH,Ashish Nehra,4,46,1,11.5
2017,MI v SRH,Rashid Khan,4,19,1,4.75
2017,MI v SRH,Mustafizur Rahman,2.4,34,0,12.75
2017,MI v SRH,Deepak Hooda,2,18,1,9
2017,MI v SRH,Ben Cutting,2,18,0,9
2017,KKR v KXIP,Trent Boult,4,36,0,9
2017,KKR v KXIP,Umesh Yadav,4,33,4,8.25
2017,KKR v KXIP,Chris Woakes,3,30,2,10
2017,KKR v KXIP,Sunil Narine,4,19,1,4.75
2017,KKR v KXIP,Piyush Chawla,3,36,1,12
2017,KKR v KXIP,Colin de Grandhomme,2,15,1,7.5
2017,KKR v KXIP,Sandeep Sharma,3,28,0,9.33
2017,KKR v KXIP,Ishant Sharma,2,16,0,8
2017,KKR v KXIP,Glenn Maxwell,1,18,0,18
2017,KKR v KXIP,Varun Aaron,2,23,1,11.5
2017,KKR v KXIP,Mohit Sharma,3,30,0,10
2017,KKR v KXIP,Axar Patel,4,36,1,9
2017,KKR v KXIP,Marcus Stoinis,1.3,14,0,9.33
2017,RCB v MI,Tim Southee,2,23,0,11.5
2017,RCB v MI,Harbhajan Singh,4,23,0,5.75
2017,RCB v MI,Mitchell McClenaghan,4,20,2,5
2017,RCB v MI,Jasprit Bumrah,4,39,0,9.75
2017,RCB v MI,Hardik Pandya,2,9,1,4.5
2017,RCB v MI,Krunal Pandya,4,21,1,5.25
2017,RCB v MI,Samuel Badree,4,9,4,2.25
2017,RCB v MI,Stuart Binny,2,14,1,7
2017,RCB v MI,Sreenath Aravind,4,21,0,5.25
2017,RCB v MI,Tymal Mills,3.5,36,0,9.39
2017,RCB v MI,Yuzvendra Chahal,3,31,1,10.33
2017,RCB v MI,Pawan Negi,2,28,0,14
2017,GL v RPS,Praveen Kumar,4,51,1,12.75
2017,GL v RPS,Basil Thampi,3,21,0,7
2017,GL v RPS,Shadab Jakati,2,22,0,11
2017,GL v RPS,Andrew Tye,4,17,5,4.25
2017,GL v RPS,Ravindra Jadeja,4,40,1,10
2017,GL v RPS,Dwayne Smith,2,10,1,5
2017,GL v RPS,Suresh Raina,1,9,0,9
2017,GL v RPS,Ankit Sharma,1,16,0,16
2017,GL v RPS,Lockie Ferguson,4,44,0,11
2017,GL v RPS,Shardul Thakur,3,14,1,4.66
2017,GL v RPS,Ben Stokes,3,18,0,6
2017,GL v RPS,Imran Tahir,4,53,1,13.25
2017,GL v RPS,Rahul Chahar,3,26,1,8.66
2017,KKR v SRH,Bhuvneshwar Kumar,4,20,3,5
2017,KKR v SRH,Ashish Nehra,4,35,1,8.75
2017,KKR v SRH,Ben Cutting,4,41,1,10.25
2017,KKR v SRH,Rashid Khan,4,29,1,7.25
2017,KKR v SRH,Moises Henriques,2,26,0,13
2017,KKR v SRH,Bipul Sharma,2,20,0,10
2017,KKR v SRH,Umesh Yadav,3,27,0,9
2017,KKR v SRH,Trent Boult,4,33,1,8.25
2017,KKR v SRH,Sunil Narine,4,18,1,4.5
2017,KKR v SRH,Kuldeep Yadav,4,23,1,5.75
2017,KKR v SRH,Yusuf Pathan,1,2,1,2
2017,KKR v SRH,Chris Woakes,4,49,2,12.25
2017,DC v KXIP,Sandeep Sharma,4,41,1,10.25
2017,DC v KXIP,Mohit Sharma,4,37,1,9.25
2017,DC v KXIP,Axar Patel,4,33,1,8.25
2017,DC v KXIP,Varun Aaron,4,45,2,11.25
2017,DC v KXIP,KC Cariappa,3,23,1,7.66
2017,DC v KXIP,Glenn Maxwell,1,7,0,7
2017,DC v KXIP,Zaheer Khan,4,38,0,9.5
2017,DC v KXIP,Shahbaz Nadeem,2,13,2,6.5
2017,DC v KXIP,Chris Morris,4,23,3,5.75
2017,DC v KXIP,Pat Cummins,4,23,2,5.75
2017,DC v KXIP,Amit Mishra,3,16,1,5.33
2017,DC v KXIP,Corey Anderson,3,23,1,7.66
2017,MI v GL,Mitchell McClenaghan,4,24,2,6
2017,MI v GL,Lasith Malinga,4,51,1,12.75
2017,MI v GL,Harbhajan Singh,4,22,1,5.5
2017,MI v GL,Jasprit Bumrah,4,45,0,11.25
2017,MI v GL,Krunal Pandya,3,18,0,6
2017,MI v GL,Hardik Pandya,1,15,0,15
2017,MI v GL,Praveen Kumar,2.3,25,1,10
2017,MI v GL,Basil Thampi,4,34,0,8.5
2017,MI v GL,Munaf Patel,4,35,1,8.75
2017,MI v GL,Andrew Tye,4,34,2,8.5
2017,MI v GL,Ravindra Jadeja,4,34,0,8.5
2017,MI v GL,Dwayne Smith,1,12,0,12
2017,RCB v RPS,Adam Milne,4,27,2,6.75
2017,RCB v RPS,Samuel Badree,4,32,1,8
2017,RCB v RPS,Sreenath Aravind,4,29,2,7.25
2017,RCB v RPS,Shane Watson,4,44,1,11
2017,RCB v RPS,Pawan Negi,3,12,1,4
2017,RCB v RPS,Yuzvendra Chahal,1,11,0,11
2017,RCB v RPS,Jaydev Unadkat,4,25,2,6.25
2017,RCB v RPS,Shardul Thakur,4,35,3,8.75
2017,RCB v RPS,Daniel Christian,4,26,0,6.5
2017,RCB v RPS,Ben Stokes,4,18,3,4.5
2017,RCB v RPS,Imran Tahir,4,27,1,6.75
2017,DC v KKR,Nathan Coulter-Nile,4,22,3,5.5
2017,DC v KKR,Chris Woakes,4,31,1,7.75
2017,DC v KKR,Umesh Yadav,4,53,1,13.25
2017,DC v KKR,Sunil Narine,4,20,1,5
2017,DC v KKR,Kuldeep Yadav,3,29,0,9.66
2017,DC v KKR,Colin de Grandhomme,1,12,0,12
2017,DC v KKR,Zaheer Khan,4,28,2,7
2017,DC v KKR,Pat Cummins,4,39,2,9.75
2017,DC v KKR,Chris Morris,4,30,1,7.5
2017,DC v KKR,Amit Mishra,2.5,26,1,9.17
2017,DC v KKR,Mohammed Shami,3,28,0,9.33
2017,DC v KKR,Angelo Mathews,2,15,0,7.5
2017,SRH v KXIP,Sandeep Sharma,4,35,1,8.75
2017,SRH v KXIP,Ishant Sharma,4,23,0,5.75
2017,SRH v KXIP,Mohit Sharma,4,25,2,6.25
2017,SRH v KXIP,KC Cariappa,4,38,1,9.5
2017,SRH v KXIP,Axar Patel,4,33,2,8.25
2017,SRH v KXIP,Bhuvneshwar Kumar,4,19,5,4.75
2017,SRH v KXIP,Barinder Sran,2,29,0,14.5
2017,SRH v KXIP,Siddarth Kaul,3.4,26,1,7.09
2017,SRH v KXIP,Mohammad Nabi,4,28,1,7
2017,SRH v KXIP,Rashid Khan,4,42,2,10.5
2017,SRH v KXIP,Moises Henriques,2,6,1,3
2017,GL v RCB,Dhawal Kulkarni,4,37,1,9.25
2017,GL v RCB,Basil Thampi,4,31,1,7.75
2017,GL v RCB,Andrew Tye,4,34,0,8.5
2017,GL v RCB,Ravindra Jadeja,4,57,0,14.25
2017,GL v RCB,Shivil Kaushik,3,36,0,12
2017,GL v RCB,Dwayne Smith,1,17,0,17
2017,GL v RCB,Pawan Negi,4,21,1,5.25
2017,GL v RCB,Yuzvendra Chahal,4,31,3,7.75
2017,GL v RCB,Sreenath Aravind,4,53,1,13.25
2017,GL v RCB,Adam Milne,4,43,1,10.75
2017,GL v RCB,Shane Watson,2,24,0,12
2017,GL v RCB,Travis Head,2,18,0,9
2017,SRH v DC,Jayant Yadav,2,16,0,8
2017,SRH v DC,Chris Morris,4,26,4,6.5
2017,SRH v DC,Zaheer Khan,4,37,0,9.25
2017,SRH v DC,Pat Cummins,4,37,0,9.25
2017,SRH v DC,Angelo Mathews,3,41,0,13.66
2017,SRH v DC,Amit Mishra,3,33,0,11
2017,SRH v DC,Bhuvneshwar Kumar,4,29,0,7.25
2017,SRH v DC,Mohammed Siraj,4,39,2,9.75
2017,SRH v DC,Siddarth Kaul,4,32,1,8
2017,SRH v DC,Rashid Khan,4,33,0,8.25
2017,SRH v DC,Moises Henriques,3,32,0,10.66
2017,SRH v DC,Yuvraj Singh,1,6,1,6
2017,KXIP v MI,Hardik Pandya,2,18,0,9
2017,KXIP v MI,Mitchell McClenaghan,4,46,2,11.5
2017,KXIP v MI,Harbhajan Singh,2,12,0,6
2017,KXIP v MI,Lasith Malinga,4,58,0,14.5
2017,KXIP v MI,Krunal Pandya,4,29,1,7.25
2017,KXIP v MI,Jasprit Bumrah,4,30,1,7.5
2017,KXIP v MI,Sandeep Sharma,3,39,0,13
2017,KXIP v MI,Ishant Sharma,4,58,0,14.5
2017,KXIP v MI,Mohit Sharma,2.3,29,1,11.6
2017,KXIP v MI,Marcus Stoinis,2,28,1,14
2017,KXIP v MI,Axar Patel,2,20,0,10
2017,KXIP v MI,Swapnil Singh,2,22,0,11
2017,KKR v GL,Praveen Kumar,2,24,1,12
2017,KKR v GL,James Faulkner,4,38,1,9.5
2017,KKR v GL,Basil Thampi,4,44,1,11
2017,KKR v GL,Suresh Raina,2,11,1,5.5
2017,KKR v GL,Dhawal Kulkarni,2,23,0,11.5
2017,KKR v GL,Ravindra Jadeja,4,31,0,7.75
2017,KKR v GL,Dwayne Smith,2,14,0,7
2017,KKR v GL,Shakib Al Hasan,3,31,0,10.33
2017,KKR v GL,Sunil Narine,4,42,0,10.5
2017,KKR v GL,Nathan Coulter-Nile,3.2,41,2,12.3
2017,KKR v GL,Chris Woakes,2,20,1,10
2017,KKR v GL,Kuldeep Yadav,4,33,2,8.25
2017,KKR v GL,Umesh Yadav,2,17,1,8.5
2017,RPS v SRH,Jaydev Unadkat,4,41,1,10.25
2017,RPS v SRH,Washington Sundar,3,19,0,6.33
2017,RPS v SRH,Ben Stokes,2,19,0,9.5
2017,RPS v SRH,Shardul Thakur,4,50,0,12.5
2017,RPS v SRH,Daniel Christian,4,20,1,5
2017,RPS v SRH,Imran Tahir,3,23,1,7.66
2017,RPS v SRH,Bhuvneshwar Kumar,4,39,1,9.75
2017,RPS v SRH,Bipul Sharma,4,30,1,7.5
2017,RPS v SRH,Mohammed Siraj,4,42,0,10.5
2017,RPS v SRH,Siddarth Kaul,3,45,0,15
2017,RPS v SRH,Rashid Khan,4,17,1,4.25
2017,RPS v SRH,Moises Henriques,1,4,0,4
2017,MI v DC,Kagiso Rabada,4,30,1,7.5
2017,MI v DC,Chris Morris,4,33,0,8.25
2017,MI v DC,Zaheer Khan,4,36,0,9
2017,MI v DC,Amit Mishra,4,18,2,4.5
2017,MI v DC,Pat Cummins,4,20,2,5
2017,MI v DC,Mitchell Johnson,4,23,0,5.75
2017,MI v DC,Mitchell McClenaghan,4,24,3,6
2017,MI v DC,Jasprit Bumrah,4,21,2,5.25
2017,MI v DC,Hardik Pandya,3,23,1,7.66
2017,MI v DC,Harbhajan Singh,4,26,0,6.5
2017,MI v DC,Krunal Pandya,1,8,0,8
2017,GL v KXIP,Shubham Agarwal,4,42,1,10.5
2017,GL v KXIP,Nathu Singh,2,7,1,3.5
2017,GL v KXIP,Suresh Raina,1,6,0,6
2017,GL v KXIP,Basil Thampi,4,44,0,11
2017,GL v KXIP,Andrew Tye,4,35,2,8.75
2017,GL v KXIP,Ravindra Jadeja,4,32,1,8
2017,GL v KXIP,Dwayne Smith,1,18,1,18
2017,GL v KXIP,Sandeep Sharma,4,40,2,10
2017,GL v KXIP,Mohit Sharma,4,25,1,6.25
2017,GL v KXIP,T Natarajan,3,22,0,7.33
2017,GL v KXIP,KC Cariappa,4,24,2,6
2017,GL v KXIP,Axar Patel,4,36,2,9
2017,GL v KXIP,Marcus Stoinis,1,12,0,12
2017,KKR v RCB,Samuel Badree,4,33,1,8.25
2017,KKR v RCB,Tymal Mills,4,31,2,7.75
2017,KKR v RCB,Sreenath Aravind,3.3,27,1,7.71
2017,KKR v RCB,Stuart Binny,1,9,1,9
2017,KKR v RCB,Yuzvendra Chahal,4,16,3,4
2017,KKR v RCB,Pawan Negi,3,15,2,5
2017,KKR v RCB,Nathan Coulter-Nile,3,21,3,7
2017,KKR v RCB,Umesh Yadav,3,15,1,5
2017,KKR v RCB,Chris Woakes,2,6,3,3
2017,KKR v RCB,Colin de Grandhomme,1.4,4,3,2.4
2017,MI v RPS,Mitchell Johnson,4,34,1,8.5
2017,MI v RPS,Mitchell McClenaghan,4,36,0,9
2017,MI v RPS,Karn Sharma,4,39,2,9.75
2017,MI v RPS,Jasprit Bumrah,4,29,2,7.25
2017,MI v RPS,Harbhajan Singh,4,20,1,5
2017,MI v RPS,Washington Sundar,4,26,1,6.5
2017,MI v RPS,Shardul Thakur,3,29,0,9.66
2017,MI v RPS,Jaydev Unadkat,4,40,2,10
2017,MI v RPS,Ben Stokes,4,21,2,5.25
2017,MI v RPS,Daniel Christian,1,6,1,6
2017,MI v RPS,Imran Tahir,4,32,1,8
2017,RPS v KKR,Umesh Yadav,3,28,1,9.33
2017,RPS v KKR,Chris Woakes,3,38,0,12.66
2017,RPS v KKR,Sunil Narine,4,34,1,8.5
2017,RPS v KKR,Colin de Grandhomme,2,14,0,7
2017,RPS v KKR,Piyush Chawla,4,36,1,9
2017,RPS v KKR,Kuldeep Yadav,4,31,2,7.75
2017,RPS v KKR,Jaydev Unadkat,3,26,1,8.66
2017,RPS v KKR,Shardul Thakur,3.1,31,0,9.78
2017,RPS v KKR,Washington Sundar,3,32,0,10.66
2017,RPS v KKR,Daniel Christian,4,31,1,7.75
2017,RPS v KKR,Imran Tahir,4,48,0,12
2017,RPS v KKR,Rahul Tripathi,1,12,0,12
2017,RCB v GL,Nathu Singh,2,8,0,4
2017,RCB v GL,Basil Thampi,4,34,1,8.5
2017,RCB v GL,Andrew Tye,4,12,3,3
2017,RCB v GL,Ravindra Jadeja,4,28,2,7
2017,RCB v GL,Ankit Soni,3,28,1,9.33
2017,RCB v GL,James Faulkner,3,15,1,5
2017,RCB v GL,Samuel Badree,3,29,2,9.66
2017,RCB v GL,Sreenath Aravind,3,19,0,6.33
2017,RCB v GL,Aniket Choudhary,2,21,0,10.5
2017,RCB v GL,Yuzvendra Chahal,3,29,0,9.66
2017,RCB v GL,Pawan Negi,2,24,1,12
2017,RCB v GL,Travis Head,0.5,11,0,13.2
2017,KKR v DC,Nathan Coulter-Nile,4,34,3,8.5
2017,KKR v DC,Umesh Yadav,4,38,1,9.5
2017,KKR v DC,Chris Woakes,3,20,0,6.66
2017,KKR v DC,Sunil Narine,4,25,1,6.25
2017,KKR v DC,Kuldeep Yadav,4,27,0,6.75
2017,KKR v DC,Colin de Grandhomme,1,15,0,15
2017,KKR v DC,Zaheer Khan,1.1,8,0,6.85
2017,KKR v DC,Kagiso Rabada,3.2,20,2,6
2017,KKR v DC,Corey Anderson,2.5,27,0,9.52
2017,KKR v DC,Chris Morris,3,39,0,13
2017,KKR v DC,Pat Cummins,3,22,0,7.33
2017,KKR v DC,Amit Mishra,3,36,0,12
2017,KXIP v SRH,Ishant Sharma,4,41,0,10.25
2017,KXIP v SRH,Anureet Singh,2,26,0,13
2017,KXIP v SRH,Mohit Sharma,3,34,1,11.33
2017,KXIP v SRH,Axar Patel,3,34,0,11.33
2017,KXIP v SRH,KC Cariappa,4,42,0,10.5
2017,KXIP v SRH,Glenn Maxwell,4,29,2,7.25
2017,KXIP v SRH,Bhuvneshwar Kumar,4,27,2,6.75
2017,KXIP v SRH,Ashish Nehra,4,42,3,10.5
2017,KXIP v SRH,Siddarth Kaul,4,36,3,9
2017,KXIP v SRH,Deepak Hooda,1,17,0,17
2017,KXIP v SRH,Moises Henriques,3,39,0,13
2017,KXIP v SRH,Rashid Khan,4,16,1,4
2017,RPS v RCB,Adam Milne,4,35,0,8.75
2017,RPS v RCB,Samuel Badree,4,31,1,7.75
2017,RPS v RCB,Sreenath Aravind,4,30,0,7.5
2017,RPS v RCB,Yuzvendra Chahal,2,25,0,12.5
2017,RPS v RCB,Pawan Negi,4,18,1,4.5
2017,RPS v RCB,Stuart Binny,2,17,1,8.5
2017,RPS v RCB,Deepak Chahar,2,18,0,9
2017,RPS v RCB,Jaydev Unadkat,4,19,1,4.75
2017,RPS v RCB,Lockie Ferguson,4,7,2,1.75
2017,RPS v RCB,Daniel Christian,4,25,1,6.25
2017,RPS v RCB,Imran Tahir,4,18,3,4.5
2017,RPS v RCB,Washington Sundar,2,7,1,3.5
2017,GL v MI,Mitchell McClenaghan,4,50,0,12.5
2017,GL v MI,Lasith Malinga,4,33,2,8.25
2017,GL v MI,Harbhajan Singh,4,23,1,5.75
2017,GL v MI,Jasprit Bumrah,4,32,2,8
2017,GL v MI,Krunal Pandya,4,14,3,3.5
2017,GL v MI,Basil Thampi,4,29,3,7.25
2017,GL v MI,James Faulkner,4,34,2,8.5
2017,GL v MI,Irfan Pathan,2,26,0,13
2017,GL v MI,Ankit Soni,4,16,1,4
2017,GL v MI,Suresh Raina,4,28,0,7
2017,GL v MI,Andrew Tye,1,9,0,9
2017,GL v MI,Ravindra Jadeja,1,11,0,11
2017,KXIP v DC,Sandeep Sharma,4,20,4,5
2017,KXIP v DC,T Natarajan,2,7,0,3.5
2017,KXIP v DC,Mohit Sharma,1.1,3,1,2.57
2017,KXIP v DC,Axar Patel,4,22,2,5.5
2017,KXIP v DC,Glenn Maxwell,4,12,1,3
2017,KXIP v DC,Varun Aaron,2,3,2,1.5
2017,KXIP v DC,Mohammed Shami,2,19,0,9.5
2017,KXIP v DC,Kagiso Rabada,2,18,0,9
2017,KXIP v DC,Chris Morris,2,13,0,6.5
2017,KXIP v DC,Amit Mishra,1,9,0,9
2017,KXIP v DC,Shahbaz Nadeem,0.5,9,0,10.8
2017,SRH v KKR,Nathan Coulter-Nile,4,34,0,8.5
2017,SRH v KKR,Umesh Yadav,4,30,0,7.5
2017,SRH v KKR,Chris Woakes,4,46,1,11.5
2017,SRH v KKR,Yusuf Pathan,1,17,0,17
2017,SRH v KKR,Sunil Narine,3,37,0,12.33
2017,SRH v KKR,Kuldeep Yadav,4,43,0,10.75
2017,SRH v KKR,Bhuvneshwar Kumar,4,29,2,7.25
2017,SRH v KKR,Mohammed Siraj,4,26,2,6.5
2017,SRH v KKR,Siddarth Kaul,4,26,2,6.5
2017,SRH v KKR,Moises Henriques,3,31,0,10.33
2017,SRH v KKR,Rashid Khan,4,38,1,9.5
2017,SRH v KKR,Bipul Sharma,1,10,0,10
2017,MI v RCB,Mitchell McClenaghan,4,34,3,8.5
2017,MI v RCB,Lasith Malinga,4,31,0,7.75
2017,MI v RCB,Hardik Pandya,1,5,0,5
2017,MI v RCB,Karn Sharma,3,23,1,7.66
2017,MI v RCB,Jasprit Bumrah,4,33,1,8.25
2017,MI v RCB,Krunal Pandya,4,34,2,8.5
2017,MI v RCB,Aniket Choudhary,4,32,1,8
2017,MI v RCB,Yuzvendra Chahal,4,36,1,9
2017,MI v RCB,Adam Milne,2,29,0,14.5
2017,MI v RCB,Sreenath Aravind,2,21,0,10.5
2017,MI v RCB,Shane Watson,3.5,28,1,7.3
2017,MI v RCB,Pawan Negi,4,17,2,4.25
2017,RPS v GL,Jaydev Unadkat,3.5,29,3,7.56
2017,RPS v GL,Washington Sundar,2,12,0,6
2017,RPS v GL,Ben Stokes,4,36,0,9
2017,RPS v GL,Imran Tahir,4,27,3,6.75
2017,RPS v GL,Shardul Thakur,3,25,1,8.33
2017,RPS v GL,Daniel Christian,3,27,1,9
2017,RPS v GL,Pradeep Sangwan,4,38,2,9.5
2017,RPS v GL,Basil Thampi,4,35,2,8.75
2017,RPS v GL,James Faulkner,2.5,30,0,10.58
2017,RPS v GL,Ankit Soni,4,16,0,4
2017,RPS v GL,Ravindra Jadeja,2,19,0,9.5
2017,RPS v GL,Dwayne Smith,3,26,0,8.66
2017,DC v SRH,Jayant Yadav,4,26,0,6.5
2017,DC v SRH,Kagiso Rabada,4,59,0,14.75
2017,DC v SRH,Chris Morris,4,36,0,9
2017,DC v SRH,Mohammed Shami,4,36,2,9
2017,DC v SRH,Amit Mishra,4,23,1,5.75
2017,DC v SRH,Bhuvneshwar Kumar,4,33,1,8.25
2017,DC v SRH,Mohammed Siraj,4,41,2,10.25
2017,DC v SRH,Siddarth Kaul,4,38,1,9.5
2017,DC v SRH,Moises Henriques,2.1,36,0,16.61
2017,DC v SRH,Rashid Khan,4,24,0,6
2017,DC v SRH,Yuvraj Singh,1,16,0,16
2017,KKR v RPS,Jaydev Unadkat,4,28,2,7
2017,KKR v RPS,Ben Stokes,4,24,1,6
2017,KKR v RPS,Washington Sundar,2,18,2,9
2017,KKR v RPS,Shardul Thakur,3,21,0,7
2017,KKR v RPS,Imran Tahir,4,36,1,9
2017,KKR v RPS,Daniel Christian,3,23,1,7.66
2017,KKR v RPS,Nathan Coulter-Nile,3,41,0,13.66
2017,KKR v RPS,Umesh Yadav,4,23,1,5.75
2017,KKR v RPS,Chris Woakes,4,18,3,4.5
2017,KKR v RPS,Sunil Narine,4,28,1,7
2017,KKR v RPS,Kuldeep Yadav,4,35,1,8.75
2017,KKR v RPS,Colin de Grandhomme,0.2,7,0,21
2017,DC v GL,Shahbaz Nadeem,2,28,0,14
2017,DC v GL,Kagiso Rabada,4,28,2,7
2017,DC v GL,Pat Cummins,4,30,2,7.5
2017,DC v GL,Mohammed Shami,3,40,0,13.33
2017,DC v GL,Amit Mishra,2,23,0,11.5
2017,DC v GL,Marlon Samuels,2,22,0,11
2017,DC v GL,Corey Anderson,3,36,1,12
2017,DC v GL,Pradeep Sangwan,4,43,1,10.75
2017,DC v GL,Basil Thampi,4,40,1,10
2017,DC v GL,James Faulkner,2.3,35,0,14
2017,DC v GL,Suresh Raina,2,24,0,12
2017,DC v GL,Ankit Soni,2,26,0,13
2017,DC v GL,Ravindra Jadeja,2,28,1,14
2017,DC v GL,Dwayne Smith,1,11,0,11
2017,RCB v KXIP,Aniket Choudhary,4,17,2,4.25
2017,RCB v KXIP,Sreenath Aravind,2,13,1,6.5
2017,RCB v KXIP,Shane Watson,4,43,1,10.75
2017,RCB v KXIP,Samuel Badree,3,14,0,4.66
2017,RCB v KXIP,Pawan Negi,3,21,1,7
2017,RCB v KXIP,Yuzvendra Chahal,4,21,2,5.25
2017,RCB v KXIP,Sandeep Sharma,4,22,3,5.5
2017,RCB v KXIP,T Natarajan,1,15,0,15
2017,RCB v KXIP,Varun Aaron,4,28,0,7
2017,RCB v KXIP,Mohit Sharma,4,24,2,6
2017,RCB v KXIP,Axar Patel,3,11,3,3.66
2017,RCB v KXIP,Glenn Maxwell,3,15,2,5
2017,SRH v RPS,Bhuvneshwar Kumar,4,39,0,9.75
2017,SRH v RPS,Ashish Nehra,1.1,5,0,4.28
2017,SRH v RPS,Siddarth Kaul,4,29,4,7.25
2017,SRH v RPS,Rashid Khan,4,18,1,4.5
2017,SRH v RPS,Moises Henriques,2.5,15,0,5.29
2017,SRH v RPS,Bipul Sharma,4,39,1,9.75
2017,SRH v RPS,Jaydev Unadkat,4,30,5,7.5
2017,SRH v RPS,Washington Sundar,3,19,0,6.33
2017,SRH v RPS,Ben Stokes,4,30,3,7.5
2017,SRH v RPS,Imran Tahir,4,24,1,6
2017,SRH v RPS,Shardul Thakur,2,12,0,6
2017,SRH v RPS,Daniel Christian,3,21,0,7
2017,DC v MI,Zaheer Khan,4,29,0,7.25
2017,DC v MI,Kagiso Rabada,4,33,1,8.25
2017,DC v MI,Pat Cummins,4,59,0,14.75
2017,DC v MI,Amit Mishra,4,37,1,9.25
2017,DC v MI,Mohammed Shami,2,16,0,8
2017,DC v MI,Corey Anderson,2,29,1,14.5
2017,DC v MI,Mitchell McClenaghan,2,18,1,9
2017,DC v MI,Lasith Malinga,2,5,2,2.5
2017,DC v MI,Jasprit Bumrah,1,6,1,6
2017,DC v MI,Harbhajan Singh,4,22,3,5.5
2017,DC v MI,Karn Sharma,3.4,11,3,3
2017,DC v MI,Hardik Pandya,1,2,0,2
2017,RCB v KKR,Umesh Yadav,4,36,3,9
2017,RCB v KKR,Chris Woakes,4,39,1,9.75
2017,RCB v KKR,Sunil Narine,4,29,2,7.25
2017,RCB v KKR,Ankit Rajpoot,4,25,0,6.25
2017,RCB v KKR,Piyush Chawla,2,13,0,6.5
2017,RCB v KKR,Colin de Grandhomme,2,15,0,7.5
2017,RCB v KKR,Aniket Choudhary,2.5,19,1,6.7
2017,RCB v KKR,Samuel Badree,3,40,0,13.33
2017,RCB v KKR,Yuzvendra Chahal,4,39,1,9.75
2017,RCB v KKR,Sreenath Aravind,1,26,0,26
2017,RCB v KKR,Pawan Negi,3.1,21,2,6.63
2017,RCB v KKR,Travis Head,1.1,11,0,9.42
2017,KXIP v GL,Pradeep Sangwan,3,28,1,9.33
2017,KXIP v GL,Dhawal Kulkarni,4,24,1,6
2017,KXIP v GL,Basil Thampi,4,48,1,12
2017,KXIP v GL,James Faulkner,4,43,0,10.75
2017,KXIP v GL,Ravindra Jadeja,2,19,0,9.5
2017,KXIP v GL,Ankit Soni,3,27,0,9
2017,KXIP v GL,Sandeep Sharma,4,29,2,7.25
2017,KXIP v GL,Mohit Sharma,4,35,0,8.75
2017,KXIP v GL,Varun Aaron,4,43,0,10.75
2017,KXIP v GL,Axar Patel,3,29,0,9.66
2017,KXIP v GL,Glenn Maxwell,2,21,1,10.5
2017,KXIP v GL,T Natarajan,2.4,32,1,12
2017,SRH v MI,Bhuvneshwar Kumar,4,29,2,7.25
2017,SRH v MI,Mohammad Nabi,4,13,1,3.25
2017,SRH v MI,Mohammed Siraj,3,32,0,10.66
2017,SRH v MI,Siddarth Kaul,4,24,3,6
2017,SRH v MI,Rashid Khan,4,22,1,5.5
2017,SRH v MI,Moises Henriques,1,15,0,15
2017,SRH v MI,Harbhajan Singh,4,23,0,5.75
2017,SRH v MI,Mitchell McClenaghan,4,26,1,6.5
2017,SRH v MI,Lasith Malinga,4,34,1,8.5
2017,SRH v MI,Jasprit Bumrah,3.2,23,1,6.9
2017,SRH v MI,Karn Sharma,2,19,0,9.5
2017,SRH v MI,Hardik Pandya,1,13,0,13
2017,KXIP v KKR,Umesh Yadav,3,26,1,8.66
2017,KXIP v KKR,Colin de Grandhomme,4,37,0,9.25
2017,KXIP v KKR,Sunil Narine,4,27,1,6.75
2017,KXIP v KKR,Chris Woakes,4,20,2,5
2017,KXIP v KKR,Ankit Rajpoot,2,17,0,8.5
2017,KXIP v KKR,Kuldeep Yadav,3,34,2,11.33
2017,KXIP v KKR,Sandeep Sharma,4,31,0,7.75
2017,KXIP v KKR,Matt Henry,3,31,1,10.33
2017,KXIP v KKR,Mohit Sharma,3,24,2,8
2017,KXIP v KKR,Axar Patel,4,28,0,7
2017,KXIP v KKR,Rahul Tewatia,4,18,2,4.5
2017,KXIP v KKR,Swapnil Singh,2,19,0,9.5
2017,GL v DC,Zaheer Khan,4,30,0,7.5
2017,GL v DC,Mohammed Shami,4,36,1,9
2017,GL v DC,Pat Cummins,4,38,1,9.5
2017,GL v DC,Amit Mishra,2,27,1,13.5
2017,GL v DC,Carlos Brathwaite,4,38,1,9.5
2017,GL v DC,Corey Anderson,2,19,0,9.5
2017,GL v DC,Dhawal Kulkarni,4,30,1,7.5
2017,GL v DC,Pradeep Sangwan,3,35,1,11.66
2017,GL v DC,Basil Thampi,3.4,43,1,11.72
2017,GL v DC,Dwayne Smith,1,17,0,17
2017,GL v DC,Ravindra Jadeja,4,31,0,7.75
2017,GL v DC,James Faulkner,4,39,2,9.75
2017,MI v KXIP,Hardik Pandya,2,29,0,14.5
2017,MI v KXIP,Mitchell McClenaghan,4,54,1,13.5
2017,MI v KXIP,Jasprit Bumrah,4,24,1,6
2017,MI v KXIP,Lasith Malinga,4,45,0,11.25
2017,MI v KXIP,Karn Sharma,3,32,1,10.66
2017,MI v KXIP,Harbhajan Singh,3,45,0,15
2017,MI v KXIP,Sandeep Sharma,4,42,1,10.5
2017,MI v KXIP,Matt Henry,2,40,0,20
2017,MI v KXIP,Ishant Sharma,3,29,0,9.66
2017,MI v KXIP,Mohit Sharma,4,57,2,14.25
2017,MI v KXIP,Axar Patel,3,28,1,9.33
2017,MI v KXIP,Glenn Maxwell,2,8,1,4
2017,MI v KXIP,Rahul Tewatia,2,17,1,8.5
2017,DC v RPS,Jaydev Unadkat,4,29,2,7.25
2017,DC v RPS,Shardul Thakur,3,35,0,11.66
2017,DC v RPS,Washington Sundar,3,23,1,7.66
2017,DC v RPS,Ben Stokes,4,31,2,7.75
2017,DC v RPS,Adam Zampa,4,29,1,7.25
2017,DC v RPS,Daniel Christian,2,18,1,9
2017,DC v RPS,Zaheer Khan,4,25,2,6.25
2017,DC v RPS,Mohammed Shami,4,37,2,9.25
2017,DC v RPS,Shahbaz Nadeem,3,21,1,7
2017,DC v RPS,Amit Mishra,3,26,0,8.66
2017,DC v RPS,Pat Cummins,4,31,1,7.75
2017,DC v RPS,Marlon Samuels,1,12,0,12
2017,DC v RPS,Corey Anderson,1,4,0,4
2017,GL v SRH,Bhuvneshwar Kumar,3.2,25,2,7.5
2017,GL v SRH,Mohammed Siraj,4,32,4,8
2017,GL v SRH,Siddarth Kaul,4,30,1,7.5
2017,GL v SRH,Mohammad Nabi,3,17,0,5.66
2017,GL v SRH,Rashid Khan,4,34,3,8.5
2017,GL v SRH,Moises Henriques,1,12,0,12
2017,GL v SRH,Praveen Kumar,4,22,2,5.5
2017,GL v SRH,Pradeep Sangwan,4,37,0,9.25
2017,GL v SRH,James Faulkner,2,24,0,12
2017,GL v SRH,Munaf Patel,3,22,0,7.33
2017,GL v SRH,Ravindra Jadeja,3,19,0,6.33
2017,GL v SRH,Ankit Soni,2.1,31,0,14.3
2017,KKR v MI,Trent Boult,4,30,2,7.5
2017,KKR v MI,Colin de Grandhomme,2,16,0,8
2017,KKR v MI,Umesh Yadav,4,40,0,10
2017,KKR v MI,Sunil Narine,4,37,0,9.25
2017,KKR v MI,Kuldeep Yadav,3,25,1,8.33
2017,KKR v MI,Ankit Rajpoot,3,14,1,4.66
2017,KKR v MI,Tim Southee,4,39,2,9.75
2017,KKR v MI,Mitchell Johnson,4,30,1,7.5
2017,KKR v MI,Karn Sharma,3,26,1,8.66
2017,KKR v MI,Vinay Kumar,3,31,2,10.33
2017,KKR v MI,Krunal Pandya,2,14,0,7
2017,KKR v MI,Hardik Pandya,4,22,2,5.5
2017,RPS v KXIP,Jaydev Unadkat,3,12,2,4
2017,RPS v KXIP,Shardul Thakur,4,19,3,4.75
2017,RPS v KXIP,Ben Stokes,3,10,0,3.33
2017,RPS v KXIP,Adam Zampa,3.5,22,2,5.73
2017,RPS v KXIP,Daniel Christian,2,10,2,5
2017,RPS v KXIP,Sandeep Sharma,2,12,0,6
2017,RPS v KXIP,Mohit Sharma,1,6,0,6
2017,RPS v KXIP,Ishant Sharma,1,12,0,12
2017,RPS v KXIP,Rahul Tewatia,3,14,0,4.66
2017,RPS v KXIP,Axar Patel,2,13,1,6.5
2017,RPS v KXIP,Swapnil Singh,1,6,0,6
2017,RPS v KXIP,Glenn Maxwell,2,15,0,7.5
2017,DC v RCB,Zaheer Khan,4,31,1,7.75
2017,DC v RCB,Mohammed Shami,4,31,0,7.75
2017,DC v RCB,Pat Cummins,4,21,2,5.25
2017,DC v RCB,Amit Mishra,2,26,0,13
2017,DC v RCB,Corey Anderson,4,38,0,9.5
2017,DC v RCB,Shahbaz Nadeem,2,12,1,6
2017,DC v RCB,Avesh Khan,4,23,1,5.75
2017,DC v RCB,Yuzvendra Chahal,3,24,0,8
2017,DC v RCB,Harshal Patel,4,43,3,10.75
2017,DC v RCB,Shane Watson,4,16,1,4
2017,DC v RCB,Travis Head,3,30,2,10
2017,DC v RCB,Pawan Negi,2,10,3,5
2017,MI v RPS,Mitchell McClenaghan,4,46,1,11.5
2017,MI v RPS,Lasith Malinga,3,14,1,4.66
2017,MI v RPS,Jasprit Bumrah,4,33,0,8.25
2017,MI v RPS,Karn Sharma,4,30,1,7.5
2017,MI v RPS,Krunal Pandya,4,22,0,5.5
2017,MI v RPS,Hardik Pandya,1,15,0,15
2017,MI v RPS,Jaydev Unadkat,4,24,1,6
2017,MI v RPS,Washington Sundar,4,16,3,4
2017,MI v RPS,Lockie Ferguson,3,21,1,7
2017,MI v RPS,Shardul Thakur,4,37,3,9.25
2017,MI v RPS,Adam Zampa,1,9,0,9
2017,MI v RPS,Daniel Christian,4,33,0,8.25
2017,SRH v KKR,Umesh Yadav,4,21,2,5.25
2017,SRH v KKR,Trent Boult,4,30,1,7.5
2017,SRH v KKR,Sunil Narine,4,20,0,5
2017,SRH v KKR,Yusuf Pathan,1,7,0,7
2017,SRH v KKR,Nathan Coulter-Nile,4,20,3,5
2017,SRH v KKR,Piyush Chawla,3,27,1,9
2017,SRH v KKR,Bhuvneshwar Kumar,1,11,1,11
2017,SRH v KKR,Chris Jordan,1,9,1,9
2017,SRH v KKR,Rashid Khan,2,11,0,5.5
2017,SRH v KKR,Siddarth Kaul,1,14,0,14
2017,SRH v KKR,Bipul Sharma,0.2,2,0,6
2017,MI v KKR,Mitchell Johnson,4,28,2,7
2017,MI v KKR,Jasprit Bumrah,3,7,3,2.33
2017,MI v KKR,Lasith Malinga,3.5,24,1,6.26
2017,MI v KKR,Karn Sharma,4,16,4,4
2017,MI v KKR,Krunal Pandya,3,25,0,8.33
2017,MI v KKR,Hardik Pandya,1,4,0,4
2017,MI v KKR,Umesh Yadav,2.3,23,1,9.2
2017,MI v KKR,Piyush Chawla,4,34,2,8.5
2017,MI v KKR,Nathan Coulter-Nile,3,15,1,5
2017,MI v KKR,Sunil Narine,4,21,0,5.25
2017,MI v KKR,Ankit Rajpoot,1,14,0,14
2017,MI v RPS,Jaydev Unadkat,4,19,2,4.75
2017,MI v RPS,Washington Sundar,4,13,0,3.25
2017,MI v RPS,Shardul Thakur,2,7,0,3.5
2017,MI v RPS,Lockie Ferguson,2,21,0,10.5
2017,MI v RPS,Adam Zampa,4,32,2,8
2017,MI v RPS,Daniel Christian,4,34,2,8.5
2017,MI v RPS,Krunal Pandya,4,31,0,7.75
2017,MI v RPS,Mitchell Johnson,4,26,3,6.5
2017,MI v RPS,Jasprit Bumrah,4,26,2,6.5
2017,MI v RPS,Lasith Malinga,4,21,0,5.25
2017,MI v RPS,Karn Sharma,4,18,0,4.5
