season,match_name,fullName,runs,ballsFaced,strikeRate
2018,MI v CSK,Rohit Sharma,15,18,83.33
2018,MI v CSK,Evin Lewis,0,2,0
2018,MI v CSK,Ishan Kishan,40,29,137.93
2018,MI v CSK,Suryakumar Yadav,43,29,148.27
2018,MI v CSK,Hardik Pandya,22,20,110
2018,MI v CSK,Krunal Pandya,41,22,186.36
2018,MI v CSK,Shane Watson,16,14,114.28
2018,MI v CSK,Ambati Rayudu,22,19,115.78
2018,MI v CSK,Suresh Raina,4,6,66.66
2018,MI v CSK,Kedar Jadhav,24,22,109.09
2018,MI v CSK,MS Dhoni,5,5,100
2018,MI v CSK,Ravindra Jadeja,12,13,92.3
2018,MI v CSK,Dwayne Bravo,68,30,226.66
2018,MI v CSK,Deepak Chahar,0,1,0
2018,MI v CSK,Harbhajan Singh,8,5,160
2018,MI v CSK,Mark Wood,1,3,33.33
2018,MI v CSK,Imran Tahir,2,2,100
2018,KXIP v DC,Colin Munro,4,6,66.66
2018,KXIP v DC,Gautam Gambhir,55,42,130.95
2018,KXIP v DC,Shreyas Iyer,11,11,100
2018,KXIP v DC,Vijay Shankar,13,13,100
2018,KXIP v DC,Rishabh Pant,28,13,215.38
2018,KXIP v DC,Rahul Tewatia,9,7,128.57
2018,KXIP v DC,Chris Morris,27,16,168.75
2018,KXIP v DC,Daniel Christian,13,13,100
2018,KXIP v DC,KL Rahul,51,16,318.75
2018,KXIP v DC,Mayank Agarwal,7,5,140
2018,KXIP v DC,Yuvraj Singh,12,22,54.54
2018,KXIP v DC,Karun Nair,50,33,151.51
2018,KXIP v DC,David Miller,24,23,104.34
2018,KXIP v DC,Marcus Stoinis,22,15,146.66
2018,KKR v RCB,Brendon McCullum,43,27,159.25
2018,KKR v RCB,Quinton de Kock,4,4,100
2018,KKR v RCB,Virat Kohli,31,33,93.93
2018,KKR v RCB,AB de Villiers,44,23,191.3
2018,KKR v RCB,Sarfaraz Khan,6,10,60
2018,KKR v RCB,Mandeep Singh,37,18,205.55
2018,KKR v RCB,Chris Woakes,5,5,100
2018,KKR v RCB,Washington Sundar,0,0,0
2018,KKR v RCB,Sunil Narine,50,19,263.15
2018,KKR v RCB,Chris Lynn,5,8,62.5
2018,KKR v RCB,Robin Uthappa,13,12,108.33
2018,KKR v RCB,Nitish Rana,34,25,136
2018,KKR v RCB,Dinesh Karthik,35,29,120.68
2018,KKR v RCB,Rinku Singh,6,6,100
2018,KKR v RCB,Andre Russell,15,11,136.36
2018,KKR v RCB,Vinay Kumar,6,3,200
2018,SRH v RR,Ajinkya Rahane,13,13,100
2018,SRH v RR,D'Arcy Short,4,4,100
2018,SRH v RR,Sanju Samson,49,42,116.66
2018,SRH v RR,Ben Stokes,5,8,62.5
2018,SRH v RR,Rahul Tripathi,17,15,113.33
2018,SRH v RR,Jos Buttler,6,9,66.66
2018,SRH v RR,Krishnappa Gowtham,0,2,0
2018,SRH v RR,Shreyas Gopal,18,18,100
2018,SRH v RR,Dhawal Kulkarni,3,4,75
2018,SRH v RR,Jaydev Unadkat,1,2,50
2018,SRH v RR,Ben Laughlin,1,3,33.33
2018,SRH v RR,Wriddhiman Saha,5,5,100
2018,SRH v RR,Shikhar Dhawan,78,57,136.84
2018,SRH v RR,Kane Williamson,36,35,102.85
2018,CSK v KKR,Chris Lynn,22,16,137.5
2018,CSK v KKR,Sunil Narine,12,4,300
2018,CSK v KKR,Robin Uthappa,29,16,181.25
2018,CSK v KKR,Nitish Rana,16,14,114.28
2018,CSK v KKR,Dinesh Karthik,26,25,104
2018,CSK v KKR,Rinku Singh,2,4,50
2018,CSK v KKR,Andre Russell,88,36,244.44
2018,CSK v KKR,Tom Curran,2,5,40
2018,CSK v KKR,Shane Watson,42,19,221.05
2018,CSK v KKR,Ambati Rayudu,39,26,150
2018,CSK v KKR,Suresh Raina,14,12,116.66
2018,CSK v KKR,MS Dhoni,25,28,89.28
2018,CSK v KKR,Sam Billings,56,23,243.47
2018,CSK v KKR,Ravindra Jadeja,11,7,157.14
2018,CSK v KKR,Dwayne Bravo,11,5,220
2018,RR v DC,Ajinkya Rahane,45,40,112.5
2018,RR v DC,D'Arcy Short,6,3,200
2018,RR v DC,Ben Stokes,16,12,133.33
2018,RR v DC,Sanju Samson,37,22,168.18
2018,RR v DC,Jos Buttler,29,18,161.11
2018,RR v DC,Rahul Tripathi,15,11,136.36
2018,RR v DC,Krishnappa Gowtham,2,1,200
2018,RR v DC,Glenn Maxwell,17,12,141.66
2018,RR v DC,Colin Munro,0,0,0
2018,RR v DC,Rishabh Pant,20,14,142.85
2018,RR v DC,Chris Morris,17,7,242.85
2018,RR v DC,Vijay Shankar,3,3,100
2018,RR v DC,Shreyas Iyer,0,0,0
2018,SRH v MI,Rohit Sharma,11,10,110
2018,SRH v MI,Evin Lewis,29,17,170.58
2018,SRH v MI,Ishan Kishan,9,9,100
2018,SRH v MI,Suryakumar Yadav,28,31,90.32
2018,SRH v MI,Krunal Pandya,15,10,150
2018,SRH v MI,Kieron Pollard,28,23,121.73
2018,SRH v MI,Ben Cutting,9,9,100
2018,SRH v MI,Pradeep Sangwan,0,4,0
2018,SRH v MI,Mayank Markande,6,3,200
2018,SRH v MI,Jasprit Bumrah,4,5,80
2018,SRH v MI,Wriddhiman Saha,22,20,110
2018,SRH v MI,Shikhar Dhawan,45,28,160.71
2018,SRH v MI,Kane Williamson,6,4,150
2018,SRH v MI,Manish Pandey,11,8,137.5
2018,SRH v MI,Shakib Al Hasan,12,12,100
2018,SRH v MI,Deepak Hooda,32,25,128
2018,SRH v MI,Yusuf Pathan,14,14,100
2018,SRH v MI,Rashid Khan,0,1,0
2018,SRH v MI,Siddarth Kaul,0,4,0
2018,SRH v MI,Sandeep Sharma,0,2,0
2018,SRH v MI,Billy Stanlake,5,2,250
2018,RCB v KXIP,KL Rahul,47,30,156.66
2018,RCB v KXIP,Mayank Agarwal,15,11,136.36
2018,RCB v KXIP,Aaron Finch,0,1,0
2018,RCB v KXIP,Yuvraj Singh,4,4,100
2018,RCB v KXIP,Karun Nair,29,26,111.53
2018,RCB v KXIP,Marcus Stoinis,11,9,122.22
2018,RCB v KXIP,Axar Patel,2,3,66.66
2018,RCB v KXIP,Ravichandran Ashwin,33,21,157.14
2018,RCB v KXIP,Andrew Tye,7,7,100
2018,RCB v KXIP,Mohit Sharma,1,2,50
2018,RCB v KXIP,Mujeeb Ur Rahman,0,2,0
2018,RCB v KXIP,Quinton de Kock,45,34,132.35
2018,RCB v KXIP,Brendon McCullum,0,1,0
2018,RCB v KXIP,Virat Kohli,21,16,131.25
2018,RCB v KXIP,AB de Villiers,57,40,142.5
2018,RCB v KXIP,Sarfaraz Khan,0,1,0
2018,RCB v KXIP,Mandeep Singh,22,19,115.78
2018,RCB v KXIP,Chris Woakes,1,2,50
2018,RCB v KXIP,Washington Sundar,9,4,225
2018,MI v DC,Suryakumar Yadav,53,32,165.62
2018,MI v DC,Evin Lewis,48,28,171.42
2018,MI v DC,Ishan Kishan,44,23,191.3
2018,MI v DC,Rohit Sharma,18,15,120
2018,MI v DC,Kieron Pollard,0,1,0
2018,MI v DC,Krunal Pandya,11,10,110
2018,MI v DC,Hardik Pandya,2,3,66.66
2018,MI v DC,Akila Dananjaya,4,5,80
2018,MI v DC,Mayank Markande,4,3,133.33
2018,MI v DC,Jason Roy,91,53,171.69
2018,MI v DC,Gautam Gambhir,15,16,93.75
2018,MI v DC,Rishabh Pant,47,25,188
2018,MI v DC,Glenn Maxwell,13,6,216.66
2018,MI v DC,Shreyas Iyer,27,20,135
2018,KKR v SRH,Robin Uthappa,3,8,37.5
2018,KKR v SRH,Chris Lynn,49,34,144.11
2018,KKR v SRH,Nitish Rana,18,16,112.5
2018,KKR v SRH,Sunil Narine,9,10,90
2018,KKR v SRH,Dinesh Karthik,29,27,107.4
2018,KKR v SRH,Andre Russell,9,5,180
2018,KKR v SRH,Shubman Gill,3,9,33.33
2018,KKR v SRH,Shivam Mavi,7,8,87.5
2018,KKR v SRH,Mitchell Johnson,4,5,80
2018,KKR v SRH,Wriddhiman Saha,24,15,160
2018,KKR v SRH,Shikhar Dhawan,7,7,100
2018,KKR v SRH,Kane Williamson,50,44,113.63
2018,KKR v SRH,Manish Pandey,4,11,36.36
2018,KKR v SRH,Shakib Al Hasan,27,21,128.57
2018,KKR v SRH,Deepak Hooda,5,9,55.55
2018,KKR v SRH,Yusuf Pathan,17,7,242.85
2018,RCB v RR,Ajinkya Rahane,36,20,180
2018,RCB v RR,D'Arcy Short,11,17,64.7
2018,RCB v RR,Sanju Samson,92,45,204.44
2018,RCB v RR,Ben Stokes,27,21,128.57
2018,RCB v RR,Jos Buttler,23,14,164.28
2018,RCB v RR,Rahul Tripathi,14,5,280
2018,RCB v RR,Brendon McCullum,4,4,100
2018,RCB v RR,Quinton de Kock,26,19,136.84
2018,RCB v RR,Virat Kohli,57,30,190
2018,RCB v RR,AB de Villiers,20,18,111.11
2018,RCB v RR,Mandeep Singh,47,25,188
2018,RCB v RR,Pawan Negi,3,4,75
2018,RCB v RR,Washington Sundar,35,19,184.21
2018,RCB v RR,Chris Woakes,0,1,0
2018,KXIP v CSK,KL Rahul,37,22,168.18
2018,KXIP v CSK,Chris Gayle,63,33,190.9
2018,KXIP v CSK,Mayank Agarwal,30,19,157.89
2018,KXIP v CSK,Yuvraj Singh,20,13,153.84
2018,KXIP v CSK,Aaron Finch,0,1,0
2018,KXIP v CSK,Karun Nair,29,17,170.58
2018,KXIP v CSK,Ravichandran Ashwin,14,11,127.27
2018,KXIP v CSK,Andrew Tye,3,4,75
2018,KXIP v CSK,Barinder Sran,0,0,0
2018,KXIP v CSK,Shane Watson,11,9,122.22
2018,KXIP v CSK,Murali Vijay,12,10,120
2018,KXIP v CSK,Ambati Rayudu,49,35,140
2018,KXIP v CSK,Sam Billings,9,8,112.5
2018,KXIP v CSK,MS Dhoni,79,44,179.54
2018,KXIP v CSK,Ravindra Jadeja,19,13,146.15
2018,KXIP v CSK,Dwayne Bravo,1,1,100
2018,KKR v DC,Chris Lynn,31,29,106.89
2018,KKR v DC,Sunil Narine,1,4,25
2018,KKR v DC,Robin Uthappa,35,19,184.21
2018,KKR v DC,Nitish Rana,59,35,168.57
2018,KKR v DC,Dinesh Karthik,19,10,190
2018,KKR v DC,Andre Russell,41,12,341.66
2018,KKR v DC,Shubman Gill,6,5,120
2018,KKR v DC,Tom Curran,2,3,66.66
2018,KKR v DC,Piyush Chawla,0,3,0
2018,KKR v DC,Shivam Mavi,0,0,0
2018,KKR v DC,Gautam Gambhir,8,7,114.28
2018,KKR v DC,Jason Roy,1,3,33.33
2018,KKR v DC,Shreyas Iyer,4,3,133.33
2018,KKR v DC,Rishabh Pant,43,26,165.38
2018,KKR v DC,Glenn Maxwell,47,22,213.63
2018,KKR v DC,Rahul Tewatia,1,2,50
2018,KKR v DC,Vijay Shankar,2,4,50
2018,KKR v DC,Chris Morris,2,3,66.66
2018,KKR v DC,Mohammed Shami,7,6,116.66
2018,KKR v DC,Shahbaz Nadeem,6,8,75
2018,KKR v DC,Trent Boult,0,2,0
2018,MI v RCB,Suryakumar Yadav,0,1,0
2018,MI v RCB,Evin Lewis,65,42,154.76
2018,MI v RCB,Ishan Kishan,0,1,0
2018,MI v RCB,Rohit Sharma,94,52,180.76
2018,MI v RCB,Krunal Pandya,15,12,125
2018,MI v RCB,Kieron Pollard,5,7,71.42
2018,MI v RCB,Hardik Pandya,17,5,340
2018,MI v RCB,Mitchell McClenaghan,0,0,0
2018,MI v RCB,Virat Kohli,92,62,148.38
2018,MI v RCB,Quinton de Kock,19,12,158.33
2018,MI v RCB,AB de Villiers,1,2,50
2018,MI v RCB,Mandeep Singh,16,14,114.28
2018,MI v RCB,Corey Anderson,0,1,0
2018,MI v RCB,Washington Sundar,7,8,87.5
2018,MI v RCB,Sarfaraz Khan,5,6,83.33
2018,MI v RCB,Chris Woakes,11,11,100
2018,MI v RCB,Umesh Yadav,1,2,50
2018,MI v RCB,Mohammed Siraj,8,3,266.66
2018,RR v KKR,Ajinkya Rahane,36,19,189.47
2018,RR v KKR,D'Arcy Short,44,43,102.32
2018,RR v KKR,Sanju Samson,7,8,87.5
2018,RR v KKR,Rahul Tripathi,15,11,136.36
2018,RR v KKR,Ben Stokes,14,11,127.27
2018,RR v KKR,Jos Buttler,24,18,133.33
2018,RR v KKR,Krishnappa Gowtham,12,7,171.42
2018,RR v KKR,Shreyas Gopal,0,1,0
2018,RR v KKR,Dhawal Kulkarni,3,3,100
2018,RR v KKR,Jaydev Unadkat,0,0,0
2018,RR v KKR,Sunil Narine,35,25,140
2018,RR v KKR,Chris Lynn,0,2,0
2018,RR v KKR,Robin Uthappa,48,36,133.33
2018,RR v KKR,Nitish Rana,35,27,129.62
2018,RR v KKR,Dinesh Karthik,42,23,182.6
2018,KXIP v SRH,KL Rahul,18,21,85.71
2018,KXIP v SRH,Chris Gayle,104,63,165.07
2018,KXIP v SRH,Mayank Agarwal,18,9,200
2018,KXIP v SRH,Karun Nair,31,21,147.61
2018,KXIP v SRH,Aaron Finch,14,6,233.33
2018,KXIP v SRH,Wriddhiman Saha,6,7,85.71
2018,KXIP v SRH,Shikhar Dhawan,0,1,0
2018,KXIP v SRH,Kane Williamson,54,41,131.7
2018,KXIP v SRH,Yusuf Pathan,19,13,146.15
2018,KXIP v SRH,Manish Pandey,57,42,135.71
2018,KXIP v SRH,Deepak Hooda,5,5,100
2018,KXIP v SRH,Shakib Al Hasan,24,12,200
2018,CSK v RR,Shane Watson,106,57,185.96
2018,CSK v RR,Ambati Rayudu,12,8,150
2018,CSK v RR,Suresh Raina,46,29,158.62
2018,CSK v RR,MS Dhoni,5,3,166.66
2018,CSK v RR,Sam Billings,3,7,42.85
2018,CSK v RR,Dwayne Bravo,24,16,150
2018,CSK v RR,Ravindra Jadeja,2,1,200
2018,CSK v RR,Ajinkya Rahane,16,11,145.45
2018,CSK v RR,Heinrich Klaasen,7,7,100
2018,CSK v RR,Sanju Samson,2,3,66.66
2018,CSK v RR,Ben Stokes,45,37,121.62
2018,CSK v RR,Jos Buttler,22,17,129.41
2018,CSK v RR,Rahul Tripathi,5,5,100
2018,CSK v RR,Stuart Binny,10,8,125
2018,CSK v RR,Krishnappa Gowtham,1,2,50
2018,CSK v RR,Shreyas Gopal,8,10,80
2018,CSK v RR,Jaydev Unadkat,16,10,160
2018,CSK v RR,Ben Laughlin,0,1,0
2018,KKR v KXIP,Chris Lynn,74,41,180.48
2018,KKR v KXIP,Sunil Narine,1,4,25
2018,KKR v KXIP,Robin Uthappa,34,23,147.82
2018,KKR v KXIP,Nitish Rana,3,5,60
2018,KKR v KXIP,Dinesh Karthik,43,28,153.57
2018,KKR v KXIP,Andre Russell,10,7,142.85
2018,KKR v KXIP,Shubman Gill,14,8,175
2018,KKR v KXIP,Tom Curran,1,3,33.33
2018,KKR v KXIP,Piyush Chawla,2,2,100
2018,KKR v KXIP,KL Rahul,60,27,222.22
2018,KKR v KXIP,Chris Gayle,62,38,163.15
2018,KKR v KXIP,Mayank Agarwal,2,2,100
2018,RCB v DC,Jason Roy,5,16,31.25
2018,RCB v DC,Gautam Gambhir,3,10,30
2018,RCB v DC,Shreyas Iyer,52,31,167.74
2018,RCB v DC,Rishabh Pant,85,48,177.08
2018,RCB v DC,Glenn Maxwell,4,6,66.66
2018,RCB v DC,Rahul Tewatia,13,9,144.44
2018,RCB v DC,Chris Morris,0,0,0
2018,RCB v DC,Quinton de Kock,18,16,112.5
2018,RCB v DC,Manan Vohra,2,5,40
2018,RCB v DC,Virat Kohli,30,26,115.38
2018,RCB v DC,AB de Villiers,90,39,230.76
2018,RCB v DC,Corey Anderson,15,13,115.38
2018,RCB v DC,Mandeep Singh,17,9,188.88
2018,SRH v CSK,Shane Watson,9,15,60
2018,SRH v CSK,Faf du Plessis,11,13,84.61
2018,SRH v CSK,Suresh Raina,54,43,125.58
2018,SRH v CSK,Ambati Rayudu,79,37,213.51
2018,SRH v CSK,MS Dhoni,25,12,208.33
2018,SRH v CSK,Ricky Bhui,0,5,0
2018,SRH v CSK,Kane Williamson,84,51,164.7
2018,SRH v CSK,Manish Pandey,0,2,0
2018,SRH v CSK,Deepak Hooda,1,7,14.28
2018,SRH v CSK,Shakib Al Hasan,24,19,126.31
2018,SRH v CSK,Yusuf Pathan,45,27,166.66
2018,SRH v CSK,Wriddhiman Saha,5,5,100
2018,SRH v CSK,Rashid Khan,17,4,425
2018,RR v MI,Suryakumar Yadav,72,47,153.19
2018,RR v MI,Evin Lewis,0,1,0
2018,RR v MI,Ishan Kishan,58,42,138.09
2018,RR v MI,Kieron Pollard,21,20,105
2018,RR v MI,Rohit Sharma,0,1,0
2018,RR v MI,Krunal Pandya,7,6,116.66
2018,RR v MI,Hardik Pandya,4,2,200
2018,RR v MI,Mitchell McClenaghan,0,1,0
2018,RR v MI,Mayank Markande,0,1,0
2018,RR v MI,Ajinkya Rahane,14,17,82.35
2018,RR v MI,Rahul Tripathi,9,8,112.5
2018,RR v MI,Sanju Samson,52,39,133.33
2018,RR v MI,Ben Stokes,40,27,148.14
2018,RR v MI,Jos Buttler,6,8,75
2018,RR v MI,Heinrich Klaasen,0,1,0
2018,RR v MI,Jofra Archer,8,9,88.88
2018,RR v MI,Krishnappa Gowtham,33,11,300
2018,RR v MI,Jaydev Unadkat,0,0,0
2018,DC v KXIP,KL Rahul,23,15,153.33
2018,DC v KXIP,Aaron Finch,2,4,50
2018,DC v KXIP,Mayank Agarwal,21,16,131.25
2018,DC v KXIP,Karun Nair,34,32,106.25
2018,DC v KXIP,Yuvraj Singh,14,17,82.35
2018,DC v KXIP,David Miller,26,19,136.84
2018,DC v KXIP,Ravichandran Ashwin,6,7,85.71
2018,DC v KXIP,Andrew Tye,3,9,33.33
2018,DC v KXIP,Barinder Sran,0,1,0
2018,DC v KXIP,Prithvi Shaw,22,10,220
2018,DC v KXIP,Gautam Gambhir,4,13,30.76
2018,DC v KXIP,Glenn Maxwell,12,10,120
2018,DC v KXIP,Shreyas Iyer,57,45,126.66
2018,DC v KXIP,Rishabh Pant,4,7,57.14
2018,DC v KXIP,Daniel Christian,6,11,54.54
2018,DC v KXIP,Rahul Tewatia,24,21,114.28
2018,DC v KXIP,Liam Plunkett,0,1,0
2018,DC v KXIP,Amit Mishra,1,2,50
2018,MI v SRH,Shikhar Dhawan,5,6,83.33
2018,MI v SRH,Kane Williamson,29,21,138.09
2018,MI v SRH,Wriddhiman Saha,0,2,0
2018,MI v SRH,Manish Pandey,16,11,145.45
2018,MI v SRH,Shakib Al Hasan,2,4,50
2018,MI v SRH,Yusuf Pathan,29,33,87.87
2018,MI v SRH,Mohammad Nabi,14,10,140
2018,MI v SRH,Rashid Khan,6,9,66.66
2018,MI v SRH,Basil Thampi,3,6,50
2018,MI v SRH,Siddarth Kaul,2,9,22.22
2018,MI v SRH,Sandeep Sharma,0,1,0
2018,MI v SRH,Suryakumar Yadav,34,38,89.47
2018,MI v SRH,Evin Lewis,5,9,55.55
2018,MI v SRH,Ishan Kishan,0,3,0
2018,MI v SRH,Rohit Sharma,2,6,33.33
2018,MI v SRH,Krunal Pandya,24,20,120
2018,MI v SRH,Kieron Pollard,9,6,150
2018,MI v SRH,Hardik Pandya,3,19,15.78
2018,MI v SRH,Mitchell McClenaghan,0,2,0
2018,MI v SRH,Mayank Markande,1,2,50
2018,MI v SRH,Jasprit Bumrah,6,5,120
2018,MI v SRH,Mustafizur Rahman,1,3,33.33
2018,RCB v CSK,Quinton de Kock,53,37,143.24
2018,RCB v CSK,Virat Kohli,18,15,120
2018,RCB v CSK,AB de Villiers,68,30,226.66
2018,RCB v CSK,Corey Anderson,2,8,25
2018,RCB v CSK,Mandeep Singh,32,17,188.23
2018,RCB v CSK,Colin de Grandhomme,11,7,157.14
2018,RCB v CSK,Pawan Negi,0,1,0
2018,RCB v CSK,Washington Sundar,13,4,325
2018,RCB v CSK,Umesh Yadav,0,1,0
2018,RCB v CSK,Mohammed Siraj,0,0,0
2018,RCB v CSK,Shane Watson,7,4,175
2018,RCB v CSK,Ambati Rayudu,82,53,154.71
2018,RCB v CSK,Suresh Raina,11,9,122.22
2018,RCB v CSK,Sam Billings,9,7,128.57
2018,RCB v CSK,Ravindra Jadeja,3,5,60
2018,RCB v CSK,MS Dhoni,70,34,205.88
2018,RCB v CSK,Dwayne Bravo,14,7,200
2018,SRH v KXIP,Shikhar Dhawan,11,8,137.5
2018,SRH v KXIP,Kane Williamson,0,3,0
2018,SRH v KXIP,Wriddhiman Saha,6,9,66.66
2018,SRH v KXIP,Manish Pandey,54,51,105.88
2018,SRH v KXIP,Shakib Al Hasan,28,29,96.55
2018,SRH v KXIP,Yusuf Pathan,21,19,110.52
2018,SRH v KXIP,Mohammad Nabi,4,2,200
2018,SRH v KXIP,KL Rahul,32,26,123.07
2018,SRH v KXIP,Chris Gayle,23,22,104.54
2018,SRH v KXIP,Mayank Agarwal,12,15,80
2018,SRH v KXIP,Karun Nair,13,17,76.47
2018,SRH v KXIP,Aaron Finch,8,4,200
2018,SRH v KXIP,Manoj Tiwary,1,5,20
2018,SRH v KXIP,Ravichandran Ashwin,4,6,66.66
2018,SRH v KXIP,Andrew Tye,4,2,200
2018,SRH v KXIP,Barinder Sran,2,5,40
2018,SRH v KXIP,Ankit Rajpoot,8,9,88.88
2018,SRH v KXIP,Mujeeb Ur Rahman,10,5,200
2018,DC v KKR,Prithvi Shaw,62,44,140.9
2018,DC v KKR,Colin Munro,33,18,183.33
2018,DC v KKR,Shreyas Iyer,93,40,232.5
2018,DC v KKR,Rishabh Pant,0,1,0
2018,DC v KKR,Glenn Maxwell,27,18,150
2018,DC v KKR,Vijay Shankar,0,0,0
2018,DC v KKR,Chris Lynn,5,6,83.33
2018,DC v KKR,Sunil Narine,26,9,288.88
2018,DC v KKR,Robin Uthappa,1,2,50
2018,DC v KKR,Nitish Rana,8,7,114.28
2018,DC v KKR,Dinesh Karthik,18,18,100
2018,DC v KKR,Shubman Gill,37,29,127.58
2018,DC v KKR,Andre Russell,44,30,146.66
2018,DC v KKR,Shivam Mavi,0,3,0
2018,DC v KKR,Piyush Chawla,2,4,50
2018,DC v KKR,Mitchell Johnson,12,6,200
2018,DC v KKR,Kuldeep Yadav,7,6,116.66
2018,CSK v MI,Shane Watson,12,11,109.09
2018,CSK v MI,Ambati Rayudu,46,35,131.42
2018,CSK v MI,Suresh Raina,75,47,159.57
2018,CSK v MI,MS Dhoni,26,21,123.8
2018,CSK v MI,Dwayne Bravo,0,1,0
2018,CSK v MI,Sam Billings,3,5,60
2018,CSK v MI,Ravindra Jadeja,0,0,0
2018,CSK v MI,Suryakumar Yadav,44,34,129.41
2018,CSK v MI,Evin Lewis,47,43,109.3
2018,CSK v MI,Rohit Sharma,56,33,169.69
2018,CSK v MI,Hardik Pandya,13,8,162.5
2018,RR v SRH,Alex Hales,45,39,115.38
2018,RR v SRH,Shikhar Dhawan,6,4,150
2018,RR v SRH,Kane Williamson,63,43,146.51
2018,RR v SRH,Manish Pandey,16,15,106.66
2018,RR v SRH,Shakib Al Hasan,6,6,100
2018,RR v SRH,Yusuf Pathan,2,3,66.66
2018,RR v SRH,Wriddhiman Saha,11,7,157.14
2018,RR v SRH,Rashid Khan,1,3,33.33
2018,RR v SRH,Basil Thampi,0,0,0
2018,RR v SRH,Ajinkya Rahane,65,53,122.64
2018,RR v SRH,Rahul Tripathi,4,5,80
2018,RR v SRH,Sanju Samson,40,30,133.33
2018,RR v SRH,Ben Stokes,0,3,0
2018,RR v SRH,Jos Buttler,10,11,90.9
2018,RR v SRH,Mahipal Lomror,11,12,91.66
2018,RR v SRH,Krishnappa Gowtham,8,5,160
2018,RR v SRH,Jofra Archer,1,1,100
2018,RCB v KKR,Quinton de Kock,29,27,107.4
2018,RCB v KKR,Brendon McCullum,38,28,135.71
2018,RCB v KKR,Virat Kohli,68,44,154.54
2018,RCB v KKR,Manan Vohra,0,1,0
2018,RCB v KKR,Mandeep Singh,19,14,135.71
2018,RCB v KKR,Colin de Grandhomme,11,6,183.33
2018,RCB v KKR,Chris Lynn,62,52,119.23
2018,RCB v KKR,Sunil Narine,27,19,142.1
2018,RCB v KKR,Robin Uthappa,36,21,171.42
2018,RCB v KKR,Nitish Rana,15,10,150
2018,RCB v KKR,Andre Russell,0,1,0
2018,RCB v KKR,Dinesh Karthik,23,10,230
2018,RCB v KKR,Shubman Gill,5,2,250
2018,CSK v DC,Shane Watson,78,40,195
2018,CSK v DC,Faf du Plessis,33,33,100
2018,CSK v DC,Suresh Raina,1,2,50
2018,CSK v DC,Ambati Rayudu,41,24,170.83
2018,CSK v DC,MS Dhoni,51,22,231.81
2018,CSK v DC,Ravindra Jadeja,0,0,0
2018,CSK v DC,Prithvi Shaw,9,5,180
2018,CSK v DC,Colin Munro,26,16,162.5
2018,CSK v DC,Shreyas Iyer,13,14,92.85
2018,CSK v DC,Rishabh Pant,79,45,175.55
2018,CSK v DC,Glenn Maxwell,6,5,120
2018,CSK v DC,Vijay Shankar,54,31,174.19
2018,CSK v DC,Rahul Tewatia,3,4,75
2018,RCB v MI,Manan Vohra,45,31,145.16
2018,RCB v MI,Quinton de Kock,7,13,53.84
2018,RCB v MI,Brendon McCullum,37,25,148
2018,RCB v MI,Virat Kohli,32,26,123.07
2018,RCB v MI,Mandeep Singh,14,10,140
2018,RCB v MI,Colin de Grandhomme,23,10,230
2018,RCB v MI,Washington Sundar,1,3,33.33
2018,RCB v MI,Tim Southee,1,2,50
2018,RCB v MI,Umesh Yadav,1,2,50
2018,RCB v MI,Suryakumar Yadav,9,9,100
2018,RCB v MI,Ishan Kishan,0,1,0
2018,RCB v MI,Jean0Paul Duminy,23,29,79.31
2018,RCB v MI,Rohit Sharma,0,1,0
2018,RCB v MI,Kieron Pollard,13,13,100
2018,RCB v MI,Hardik Pandya,50,42,119.04
2018,RCB v MI,Krunal Pandya,23,19,121.05
2018,RCB v MI,Ben Cutting,12,6,200
2018,RCB v MI,Mitchell McClenaghan,0,0,0
2018,DC v RR,Prithvi Shaw,47,25,188
2018,DC v RR,Colin Munro,0,1,0
2018,DC v RR,Shreyas Iyer,50,35,142.85
2018,DC v RR,Rishabh Pant,69,29,237.93
2018,DC v RR,Glenn Maxwell,5,5,100
2018,DC v RR,Vijay Shankar,17,6,283.33
2018,DC v RR,Liam Plunkett,1,2,50
2018,DC v RR,D'Arcy Short,44,25,176
2018,DC v RR,Jos Buttler,67,26,257.69
2018,DC v RR,Sanju Samson,3,5,60
2018,DC v RR,Ben Stokes,1,2,50
2018,DC v RR,Rahul Tripathi,9,8,112.5
2018,DC v RR,Krishnappa Gowtham,18,6,300
2018,DC v RR,Jofra Archer,0,0,0
2018,KKR v CSK,Shane Watson,36,25,144
2018,KKR v CSK,Faf du Plessis,27,15,180
2018,KKR v CSK,Suresh Raina,31,26,119.23
2018,KKR v CSK,Ambati Rayudu,21,17,123.52
2018,KKR v CSK,MS Dhoni,43,25,172
2018,KKR v CSK,Ravindra Jadeja,12,12,100
2018,KKR v CSK,Karn Sharma,0,0,0
2018,KKR v CSK,Chris Lynn,12,6,200
2018,KKR v CSK,Sunil Narine,32,20,160
2018,KKR v CSK,Robin Uthappa,6,8,75
2018,KKR v CSK,Shubman Gill,57,36,158.33
2018,KKR v CSK,Rinku Singh,16,18,88.88
2018,KKR v CSK,Dinesh Karthik,45,18,250
2018,KXIP v MI,KL Rahul,24,20,120
2018,KXIP v MI,Chris Gayle,50,40,125
2018,KXIP v MI,Yuvraj Singh,14,14,100
2018,KXIP v MI,Karun Nair,23,12,191.66
2018,KXIP v MI,Axar Patel,13,12,108.33
2018,KXIP v MI,Marcus Stoinis,29,15,193.33
2018,KXIP v MI,Mayank Agarwal,11,7,157.14
2018,KXIP v MI,Ravichandran Ashwin,0,0,0
2018,KXIP v MI,Suryakumar Yadav,57,42,135.71
2018,KXIP v MI,Evin Lewis,10,13,76.92
2018,KXIP v MI,Ishan Kishan,25,19,131.57
2018,KXIP v MI,Hardik Pandya,23,13,176.92
2018,KXIP v MI,Rohit Sharma,24,15,160
2018,KXIP v MI,Krunal Pandya,31,12,258.33
2018,CSK v RCB,Parthiv Patel,53,41,129.26
2018,CSK v RCB,Brendon McCullum,5,3,166.66
2018,CSK v RCB,Virat Kohli,8,11,72.72
2018,CSK v RCB,AB de Villiers,1,4,25
2018,CSK v RCB,Mandeep Singh,7,13,53.84
2018,CSK v RCB,Colin de Grandhomme,8,8,100
2018,CSK v RCB,Murugan Ashwin,1,2,50
2018,CSK v RCB,Tim Southee,36,26,138.46
2018,CSK v RCB,Umesh Yadav,1,5,20
2018,CSK v RCB,Mohammed Siraj,3,7,42.85
2018,CSK v RCB,Shane Watson,11,14,78.57
2018,CSK v RCB,Ambati Rayudu,32,25,128
2018,CSK v RCB,Suresh Raina,25,21,119.04
2018,CSK v RCB,Dhruv Shorey,8,9,88.88
2018,CSK v RCB,MS Dhoni,31,23,134.78
2018,CSK v RCB,Dwayne Bravo,14,17,82.35
2018,SRH v DC,Prithvi Shaw,65,36,180.55
2018,SRH v DC,Glenn Maxwell,2,3,66.66
2018,SRH v DC,Shreyas Iyer,44,36,122.22
2018,SRH v DC,Rishabh Pant,18,19,94.73
2018,SRH v DC,Naman Ojha,1,4,25
2018,SRH v DC,Vijay Shankar,23,13,176.92
2018,SRH v DC,Daniel Christian,7,9,77.77
2018,SRH v DC,Alex Hales,45,31,145.16
2018,SRH v DC,Shikhar Dhawan,33,30,110
2018,SRH v DC,Kane Williamson,32,30,106.66
2018,SRH v DC,Manish Pandey,21,17,123.52
2018,SRH v DC,Yusuf Pathan,27,12,225
2018,MI v KKR,Suryakumar Yadav,59,39,151.28
2018,MI v KKR,Evin Lewis,43,28,153.57
2018,MI v KKR,Rohit Sharma,11,11,100
2018,MI v KKR,Hardik Pandya,35,20,175
2018,MI v KKR,Krunal Pandya,14,11,127.27
2018,MI v KKR,Jean0Paul Duminy,13,11,118.18
2018,MI v KKR,Chris Lynn,17,13,130.76
2018,MI v KKR,Shubman Gill,7,5,140
2018,MI v KKR,Robin Uthappa,54,35,154.28
2018,MI v KKR,Nitish Rana,31,27,114.81
2018,MI v KKR,Dinesh Karthik,36,26,138.46
2018,MI v KKR,Andre Russell,9,10,90
2018,MI v KKR,Sunil Narine,5,4,125
2018,MI v KKR,Piyush Chawla,0,0,0
2018,KXIP v RR,Jos Buttler,51,39,130.76
2018,KXIP v RR,D'Arcy Short,2,2,100
2018,KXIP v RR,Ajinkya Rahane,5,7,71.42
2018,KXIP v RR,Sanju Samson,28,23,121.73
2018,KXIP v RR,Ben Stokes,12,9,133.33
2018,KXIP v RR,Rahul Tripathi,11,13,84.61
2018,KXIP v RR,Jofra Archer,0,1,0
2018,KXIP v RR,Krishnappa Gowtham,5,3,166.66
2018,KXIP v RR,Shreyas Gopal,24,16,150
2018,KXIP v RR,Jaydev Unadkat,6,7,85.71
2018,KXIP v RR,KL Rahul,84,54,155.55
2018,KXIP v RR,Chris Gayle,8,11,72.72
2018,KXIP v RR,Mayank Agarwal,2,3,66.66
2018,KXIP v RR,Karun Nair,31,23,134.78
2018,KXIP v RR,Axar Patel,4,5,80
2018,KXIP v RR,Marcus Stoinis,23,16,143.75
2018,SRH v RCB,Alex Hales,5,5,100
2018,SRH v RCB,Shikhar Dhawan,13,19,68.42
2018,SRH v RCB,Kane Williamson,56,39,143.58
2018,SRH v RCB,Manish Pandey,5,7,71.42
2018,SRH v RCB,Shakib Al Hasan,35,32,109.37
2018,SRH v RCB,Yusuf Pathan,12,7,171.42
2018,SRH v RCB,Wriddhiman Saha,8,5,160
2018,SRH v RCB,Rashid Khan,1,3,33.33
2018,SRH v RCB,Bhuvneshwar Kumar,1,2,50
2018,SRH v RCB,Siddarth Kaul,1,1,100
2018,SRH v RCB,Sandeep Sharma,0,1,0
2018,SRH v RCB,Manan Vohra,8,10,80
2018,SRH v RCB,Parthiv Patel,20,13,153.84
2018,SRH v RCB,Virat Kohli,39,30,130
2018,SRH v RCB,AB de Villiers,5,8,62.5
2018,SRH v RCB,Moeen Ali,10,7,142.85
2018,SRH v RCB,Mandeep Singh,21,23,91.3
2018,SRH v RCB,Colin de Grandhomme,33,29,113.79
2018,RR v KXIP,Ajinkya Rahane,9,10,90
2018,RR v KXIP,Jos Buttler,82,58,141.37
2018,RR v KXIP,Krishnappa Gowtham,8,6,133.33
2018,RR v KXIP,Sanju Samson,22,18,122.22
2018,RR v KXIP,Ben Stokes,14,11,127.27
2018,RR v KXIP,Stuart Binny,11,7,157.14
2018,RR v KXIP,Mahipal Lomror,9,9,100
2018,RR v KXIP,Jofra Archer,0,1,0
2018,RR v KXIP,Jaydev Unadkat,0,1,0
2018,RR v KXIP,KL Rahul,95,70,135.71
2018,RR v KXIP,Chris Gayle,1,1,100
2018,RR v KXIP,Ravichandran Ashwin,0,2,0
2018,RR v KXIP,Karun Nair,3,5,60
2018,RR v KXIP,Akshdeep Nath,9,13,69.23
2018,RR v KXIP,Manoj Tiwary,7,8,87.5
2018,RR v KXIP,Axar Patel,9,5,180
2018,RR v KXIP,Marcus Stoinis,11,16,68.75
2018,RR v KXIP,Andrew Tye,1,1,100
2018,KKR v MI,Suryakumar Yadav,36,32,112.5
2018,KKR v MI,Evin Lewis,18,13,138.46
2018,KKR v MI,Rohit Sharma,36,31,116.12
2018,KKR v MI,Ishan Kishan,62,21,295.23
2018,KKR v MI,Hardik Pandya,19,13,146.15
2018,KKR v MI,Ben Cutting,24,9,266.66
2018,KKR v MI,Krunal Pandya,8,2,400
2018,KKR v MI,Jean0Paul Duminy,0,0,0
2018,KKR v MI,Sunil Narine,4,2,200
2018,KKR v MI,Chris Lynn,21,15,140
2018,KKR v MI,Robin Uthappa,14,13,107.69
2018,KKR v MI,Nitish Rana,21,19,110.52
2018,KKR v MI,Andre Russell,2,4,50
2018,KKR v MI,Dinesh Karthik,5,3,166.66
2018,KKR v MI,Rinku Singh,5,3,166.66
2018,KKR v MI,Tom Curran,18,17,105.88
2018,KKR v MI,Piyush Chawla,11,13,84.61
2018,KKR v MI,Kuldeep Yadav,5,15,33.33
2018,KKR v MI,Prasidh Krishna,1,5,20
2018,DC v SRH,Prithvi Shaw,9,11,81.81
2018,DC v SRH,Jason Roy,11,13,84.61
2018,DC v SRH,Shreyas Iyer,3,8,37.5
2018,DC v SRH,Rishabh Pant,128,63,203.17
2018,DC v SRH,Harshal Patel,24,17,141.17
2018,DC v SRH,Glenn Maxwell,9,8,112.5
2018,DC v SRH,Vijay Shankar,0,0,0
2018,DC v SRH,Alex Hales,14,10,140
2018,DC v SRH,Shikhar Dhawan,92,50,184
2018,DC v SRH,Kane Williamson,83,53,156.6
2018,RR v CSK,Shane Watson,39,31,125.8
2018,RR v CSK,Ambati Rayudu,12,9,133.33
2018,RR v CSK,Suresh Raina,52,35,148.57
2018,RR v CSK,MS Dhoni,33,23,143.47
2018,RR v CSK,Sam Billings,27,22,122.72
2018,RR v CSK,Dwayne Bravo,1,1,100
2018,RR v CSK,Jos Buttler,95,60,158.33
2018,RR v CSK,Ben Stokes,11,7,157.14
2018,RR v CSK,Ajinkya Rahane,4,3,133.33
2018,RR v CSK,Sanju Samson,21,22,95.45
2018,RR v CSK,Prashant Chopra,8,6,133.33
2018,RR v CSK,Stuart Binny,22,17,129.41
2018,RR v CSK,Krishnappa Gowtham,13,4,325
2018,RR v CSK,Jofra Archer,0,0,0
2018,KXIP v KKR,Chris Lynn,27,17,158.82
2018,KXIP v KKR,Sunil Narine,75,36,208.33
2018,KXIP v KKR,Robin Uthappa,24,17,141.17
2018,KXIP v KKR,Andre Russell,31,14,221.42
2018,KXIP v KKR,Dinesh Karthik,50,23,217.39
2018,KXIP v KKR,Nitish Rana,11,4,275
2018,KXIP v KKR,Shubman Gill,16,8,200
2018,KXIP v KKR,Javon Searles,6,1,600
2018,KXIP v KKR,KL Rahul,66,29,227.58
2018,KXIP v KKR,Chris Gayle,21,17,123.52
2018,KXIP v KKR,Mayank Agarwal,0,1,0
2018,KXIP v KKR,Karun Nair,3,6,50
2018,KXIP v KKR,Aaron Finch,34,20,170
2018,KXIP v KKR,Axar Patel,19,11,172.72
2018,KXIP v KKR,Ravichandran Ashwin,45,22,204.54
2018,KXIP v KKR,Andrew Tye,14,10,140
2018,KXIP v KKR,Barinder Sran,1,1,100
2018,KXIP v KKR,Mohit Sharma,4,3,133.33
2018,DC v RCB,Prithvi Shaw,2,4,50
2018,DC v RCB,Jason Roy,12,9,133.33
2018,DC v RCB,Shreyas Iyer,32,35,91.42
2018,DC v RCB,Rishabh Pant,61,34,179.41
2018,DC v RCB,Vijay Shankar,21,20,105
2018,DC v RCB,Abhishek Sharma,46,19,242.1
2018,DC v RCB,Parthiv Patel,6,8,75
2018,DC v RCB,Moeen Ali,1,3,33.33
2018,DC v RCB,Virat Kohli,70,40,175
2018,DC v RCB,AB de Villiers,72,37,194.59
2018,DC v RCB,Mandeep Singh,13,14,92.85
2018,DC v RCB,Sarfaraz Khan,11,8,137.5
2018,DC v RCB,Colin de Grandhomme,3,4,75
2018,CSK v SRH,Shikhar Dhawan,79,49,161.22
2018,CSK v SRH,Alex Hales,2,9,22.22
2018,CSK v SRH,Kane Williamson,51,39,130.76
2018,CSK v SRH,Manish Pandey,5,6,83.33
2018,CSK v SRH,Deepak Hooda,21,11,190.9
2018,CSK v SRH,Shakib Al Hasan,8,6,133.33
2018,CSK v SRH,Shane Watson,57,35,162.85
2018,CSK v SRH,Ambati Rayudu,100,62,161.29
2018,CSK v SRH,Suresh Raina,2,3,66.66
2018,CSK v SRH,MS Dhoni,20,14,142.85
2018,MI v RR,Suryakumar Yadav,38,31,122.58
2018,MI v RR,Evin Lewis,60,42,142.85
2018,MI v RR,Rohit Sharma,0,1,0
2018,MI v RR,Ishan Kishan,12,11,109.09
2018,MI v RR,Hardik Pandya,36,21,171.42
2018,MI v RR,Krunal Pandya,3,7,42.85
2018,MI v RR,Ben Cutting,10,7,142.85
2018,MI v RR,Jean0Paul Duminy,0,0,0
2018,MI v RR,D'Arcy Short,4,5,80
2018,MI v RR,Jos Buttler,94,53,177.35
2018,MI v RR,Ajinkya Rahane,37,36,102.77
2018,MI v RR,Sanju Samson,26,14,185.71
2018,MI v RR,Ben Stokes,0,0,0
2018,KXIP v RCB,KL Rahul,21,15,140
2018,KXIP v RCB,Chris Gayle,18,14,128.57
2018,KXIP v RCB,Karun Nair,1,3,33.33
2018,KXIP v RCB,Aaron Finch,26,23,113.04
2018,KXIP v RCB,Marcus Stoinis,2,3,66.66
2018,KXIP v RCB,Mayank Agarwal,2,6,33.33
2018,KXIP v RCB,Axar Patel,9,13,69.23
2018,KXIP v RCB,Ravichandran Ashwin,0,1,0
2018,KXIP v RCB,Andrew Tye,0,3,0
2018,KXIP v RCB,Mohit Sharma,3,5,60
2018,KXIP v RCB,Ankit Rajpoot,1,5,20
2018,KXIP v RCB,Virat Kohli,48,28,171.42
2018,KXIP v RCB,Parthiv Patel,40,22,181.81
2018,KKR v RR,Rahul Tripathi,27,15,180
2018,KKR v RR,Jos Buttler,39,22,177.27
2018,KKR v RR,Ajinkya Rahane,11,12,91.66
2018,KKR v RR,Sanju Samson,12,10,120
2018,KKR v RR,Ben Stokes,11,13,84.61
2018,KKR v RR,Stuart Binny,1,4,25
2018,KKR v RR,Krishnappa Gowtham,3,5,60
2018,KKR v RR,Jaydev Unadkat,26,18,144.44
2018,KKR v RR,Ish Sodhi,1,6,16.66
2018,KKR v RR,Jofra Archer,6,5,120
2018,KKR v RR,Anureet Singh,3,4,75
2018,KKR v RR,Sunil Narine,21,7,300
2018,KKR v RR,Chris Lynn,45,42,107.14
2018,KKR v RR,Robin Uthappa,4,6,66.66
2018,KKR v RR,Nitish Rana,21,17,123.52
2018,KKR v RR,Dinesh Karthik,41,31,132.25
2018,KKR v RR,Andre Russell,11,5,220
2018,MI v KXIP,Suryakumar Yadav,27,15,180
2018,MI v KXIP,Evin Lewis,9,7,128.57
2018,MI v KXIP,Ishan Kishan,20,12,166.66
2018,MI v KXIP,Rohit Sharma,6,10,60
2018,MI v KXIP,Krunal Pandya,32,23,139.13
2018,MI v KXIP,Kieron Pollard,50,23,217.39
2018,MI v KXIP,Hardik Pandya,9,12,75
2018,MI v KXIP,Ben Cutting,4,7,57.14
2018,MI v KXIP,Mitchell McClenaghan,11,7,157.14
2018,MI v KXIP,Mayank Markande,7,5,140
2018,MI v KXIP,KL Rahul,94,60,156.66
2018,MI v KXIP,Chris Gayle,18,11,163.63
2018,MI v KXIP,Aaron Finch,46,35,131.42
2018,MI v KXIP,Marcus Stoinis,1,2,50
2018,MI v KXIP,Axar Patel,10,8,125
2018,MI v KXIP,Yuvraj Singh,1,3,33.33
2018,MI v KXIP,Manoj Tiwary,4,1,400
2018,RCB v SRH,Parthiv Patel,1,4,25
2018,RCB v SRH,Virat Kohli,12,11,109.09
2018,RCB v SRH,AB de Villiers,69,39,176.92
2018,RCB v SRH,Moeen Ali,65,34,191.17
2018,RCB v SRH,Colin de Grandhomme,40,17,235.29
2018,RCB v SRH,Mandeep Singh,4,6,66.66
2018,RCB v SRH,Sarfaraz Khan,22,8,275
2018,RCB v SRH,Tim Southee,1,1,100
2018,RCB v SRH,Shikhar Dhawan,18,15,120
2018,RCB v SRH,Alex Hales,37,24,154.16
2018,RCB v SRH,Kane Williamson,81,42,192.85
2018,RCB v SRH,Manish Pandey,62,38,163.15
2018,RCB v SRH,Deepak Hooda,1,1,100
2018,DC v CSK,Prithvi Shaw,17,17,100
2018,DC v CSK,Shreyas Iyer,19,22,86.36
2018,DC v CSK,Rishabh Pant,38,26,146.15
2018,DC v CSK,Glenn Maxwell,5,7,71.42
2018,DC v CSK,Vijay Shankar,36,28,128.57
2018,DC v CSK,Abhishek Sharma,2,4,50
2018,DC v CSK,Harshal Patel,36,16,225
2018,DC v CSK,Shane Watson,14,23,60.86
2018,DC v CSK,Ambati Rayudu,50,29,172.41
2018,DC v CSK,Suresh Raina,15,18,83.33
2018,DC v CSK,MS Dhoni,17,23,73.91
2018,DC v CSK,Sam Billings,1,5,20
2018,DC v CSK,Ravindra Jadeja,27,18,150
2018,DC v CSK,Dwayne Bravo,1,2,50
2018,DC v CSK,Deepak Chahar,1,2,50
2018,RR v RCB,Rahul Tripathi,80,58,137.93
2018,RR v RCB,Jofra Archer,0,4,0
2018,RR v RCB,Ajinkya Rahane,33,31,106.45
2018,RR v RCB,Sanju Samson,0,1,0
2018,RR v RCB,Heinrich Klaasen,32,21,152.38
2018,RR v RCB,Krishnappa Gowtham,14,5,280
2018,RR v RCB,Virat Kohli,4,9,44.44
2018,RR v RCB,Parthiv Patel,33,21,157.14
2018,RR v RCB,AB de Villiers,53,35,151.42
2018,RR v RCB,Moeen Ali,1,2,50
2018,RR v RCB,Mandeep Singh,3,4,75
2018,RR v RCB,Colin de Grandhomme,2,3,66.66
2018,RR v RCB,Sarfaraz Khan,7,8,87.5
2018,RR v RCB,Tim Southee,14,17,82.35
2018,RR v RCB,Umesh Yadav,0,1,0
2018,RR v RCB,Mohammed Siraj,14,12,116.66
2018,RR v RCB,Yuzvendra Chahal,0,4,0
2018,SRH v KKR,Shikhar Dhawan,50,39,128.2
2018,SRH v KKR,Shreevats Goswami,35,26,134.61
2018,SRH v KKR,Kane Williamson,36,17,211.76
2018,SRH v KKR,Manish Pandey,25,22,113.63
2018,SRH v KKR,Yusuf Pathan,2,4,50
2018,SRH v KKR,Carlos Brathwaite,3,4,75
2018,SRH v KKR,Shakib Al Hasan,10,7,142.85
2018,SRH v KKR,Rashid Khan,0,1,0
2018,SRH v KKR,Bhuvneshwar Kumar,0,1,0
2018,SRH v KKR,Siddarth Kaul,0,0,0
2018,SRH v KKR,Chris Lynn,55,43,127.9
2018,SRH v KKR,Sunil Narine,29,10,290
2018,SRH v KKR,Robin Uthappa,45,34,132.35
2018,SRH v KKR,Dinesh Karthik,26,22,118.18
2018,SRH v KKR,Andre Russell,4,4,100
2018,SRH v KKR,Nitish Rana,7,5,140
2018,SRH v KKR,Shubman Gill,0,0,0
2018,DC v MI,Prithvi Shaw,12,8,150
2018,DC v MI,Glenn Maxwell,22,18,122.22
2018,DC v MI,Shreyas Iyer,6,10,60
2018,DC v MI,Rishabh Pant,64,44,145.45
2018,DC v MI,Vijay Shankar,43,30,143.33
2018,DC v MI,Abhishek Sharma,15,10,150
2018,DC v MI,Suryakumar Yadav,12,4,300
2018,DC v MI,Evin Lewis,48,31,154.83
2018,DC v MI,Ishan Kishan,5,13,38.46
2018,DC v MI,Kieron Pollard,7,7,100
2018,DC v MI,Rohit Sharma,13,11,118.18
2018,DC v MI,Krunal Pandya,4,3,133.33
2018,DC v MI,Hardik Pandya,27,17,158.82
2018,DC v MI,Ben Cutting,37,20,185
2018,DC v MI,Mayank Markande,3,10,30
2018,DC v MI,Jasprit Bumrah,0,1,0
2018,DC v MI,Mustafizur Rahman,0,0,0
2018,CSK v KXIP,KL Rahul,7,11,63.63
2018,CSK v KXIP,Chris Gayle,0,2,0
2018,CSK v KXIP,Aaron Finch,4,6,66.66
2018,CSK v KXIP,Manoj Tiwary,35,30,116.66
2018,CSK v KXIP,David Miller,24,22,109.09
2018,CSK v KXIP,Karun Nair,54,26,207.69
2018,CSK v KXIP,Axar Patel,14,12,116.66
2018,CSK v KXIP,Ravichandran Ashwin,0,1,0
2018,CSK v KXIP,Andrew Tye,0,2,0
2018,CSK v KXIP,Mohit Sharma,2,3,66.66
2018,CSK v KXIP,Ankit Rajpoot,2,4,50
2018,CSK v KXIP,Ambati Rayudu,1,3,33.33
2018,CSK v KXIP,Faf du Plessis,14,15,93.33
2018,CSK v KXIP,Suresh Raina,61,48,127.08
2018,CSK v KXIP,Sam Billings,0,1,0
2018,CSK v KXIP,Harbhajan Singh,19,22,86.36
2018,CSK v KXIP,Deepak Chahar,39,20,195
2018,CSK v KXIP,MS Dhoni,16,7,228.57
2018,SRH v CSK,Shikhar Dhawan,0,1,0
2018,SRH v CSK,Shreevats Goswami,12,9,133.33
2018,SRH v CSK,Kane Williamson,24,15,160
2018,SRH v CSK,Manish Pandey,8,16,50
2018,SRH v CSK,Shakib Al Hasan,12,10,120
2018,SRH v CSK,Yusuf Pathan,24,29,82.75
2018,SRH v CSK,Carlos Brathwaite,43,29,148.27
2018,SRH v CSK,Bhuvneshwar Kumar,7,11,63.63
2018,SRH v CSK,Shane Watson,0,5,0
2018,SRH v CSK,Faf du Plessis,67,42,159.52
2018,SRH v CSK,Suresh Raina,22,13,169.23
2018,SRH v CSK,Ambati Rayudu,0,1,0
2018,SRH v CSK,MS Dhoni,9,18,50
2018,SRH v CSK,Dwayne Bravo,7,11,63.63
2018,SRH v CSK,Ravindra Jadeja,3,5,60
2018,SRH v CSK,Deepak Chahar,10,6,166.66
2018,SRH v CSK,Harbhajan Singh,2,9,22.22
2018,SRH v CSK,Shardul Thakur,15,5,300
2018,KKR v RR,Sunil Narine,4,2,200
2018,KKR v RR,Chris Lynn,18,22,81.81
2018,KKR v RR,Robin Uthappa,3,7,42.85
2018,KKR v RR,Nitish Rana,3,5,60
2018,KKR v RR,Dinesh Karthik,52,38,136.84
2018,KKR v RR,Shubman Gill,28,17,164.7
2018,KKR v RR,Andre Russell,49,25,196
2018,KKR v RR,Javon Searles,2,5,40
2018,KKR v RR,Piyush Chawla,0,0,0
2018,KKR v RR,Ajinkya Rahane,46,41,112.19
2018,KKR v RR,Rahul Tripathi,20,13,153.84
2018,KKR v RR,Sanju Samson,50,38,131.57
2018,KKR v RR,Heinrich Klaasen,18,18,100
2018,KKR v RR,Stuart Binny,0,3,0
2018,KKR v RR,Krishnappa Gowtham,9,7,128.57
2018,KKR v SRH,Wriddhiman Saha,35,27,129.62
2018,KKR v SRH,Shikhar Dhawan,34,24,141.66
2018,KKR v SRH,Kane Williamson,3,3,100
2018,KKR v SRH,Shakib Al Hasan,28,24,116.66
2018,KKR v SRH,Deepak Hooda,19,19,100
2018,KKR v SRH,Yusuf Pathan,3,7,42.85
2018,KKR v SRH,Carlos Brathwaite,8,4,200
2018,KKR v SRH,Rashid Khan,34,10,340
2018,KKR v SRH,Bhuvneshwar Kumar,5,2,250
2018,KKR v SRH,Chris Lynn,48,31,154.83
2018,KKR v SRH,Sunil Narine,26,13,200
2018,KKR v SRH,Nitish Rana,22,16,137.5
2018,KKR v SRH,Robin Uthappa,2,8,25
2018,KKR v SRH,Dinesh Karthik,8,6,133.33
2018,KKR v SRH,Shubman Gill,30,20,150
2018,KKR v SRH,Andre Russell,3,7,42.85
2018,KKR v SRH,Piyush Chawla,12,12,100
2018,KKR v SRH,Shivam Mavi,6,4,150
2018,KKR v SRH,Kuldeep Yadav,0,3,0
2018,KKR v SRH,Prasidh Krishna,0,0,0
2018,CSK v SRH,Shreevats Goswami,5,5,100
2018,CSK v SRH,Shikhar Dhawan,26,25,104
2018,CSK v SRH,Kane Williamson,47,36,130.55
2018,CSK v SRH,Shakib Al Hasan,23,15,153.33
2018,CSK v SRH,Yusuf Pathan,45,25,180
2018,CSK v SRH,Deepak Hooda,3,4,75
2018,CSK v SRH,Carlos Brathwaite,21,11,190.9
2018,CSK v SRH,Shane Watson,117,57,205.26
2018,CSK v SRH,Faf du Plessis,10,11,90.9
2018,CSK v SRH,Suresh Raina,32,24,133.33
2018,CSK v SRH,Ambati Rayudu,16,19,84.21
