season,match_name,fullName,runs,ballsFaced,strikeRate
2019,CSK v RCB,Virat Kohli,6,12,50
2019,CSK v RCB,Parthiv Patel,29,35,82.85
2019,CSK v RCB,Moeen Ali,9,8,112.5
2019,CSK v RCB,AB de Villiers,9,10,90
2019,CSK v RCB,Shimron Hetmyer,0,2,0
2019,CSK v RCB,Shivam Dube,2,5,40
2019,CSK v RCB,Colin de Grandhomme,4,6,66.66
2019,CSK v RCB,Navdeep Saini,2,3,66.66
2019,CSK v RCB,Yuzvendra Chahal,4,12,33.33
2019,CSK v RCB,Umesh Yadav,1,10,10
2019,CSK v RCB,Mohammed Siraj,0,1,0
2019,CSK v RCB,Shane Watson,0,10,0
2019,CSK v RCB,Ambati Rayudu,28,42,66.66
2019,CSK v RCB,Suresh Raina,19,21,90.47
2019,CSK v RCB,Kedar Jadhav,13,19,68.42
2019,CSK v RCB,Ravindra Jadeja,6,15,40
2019,KKR v SRH,David Warner,85,53,160.37
2019,KKR v SRH,Jonny Bairstow,39,35,111.42
2019,KKR v SRH,Vijay Shankar,40,24,166.66
2019,KKR v SRH,Yusuf Pathan,1,4,25
2019,KKR v SRH,Manish Pandey,8,5,160
2019,KKR v SRH,Chris Lynn,7,11,63.63
2019,KKR v SRH,Nitish Rana,68,47,144.68
2019,KKR v SRH,Robin Uthappa,35,27,129.62
2019,KKR v SRH,Dinesh Karthik,2,4,50
2019,KKR v SRH,Andre Russell,49,19,257.89
2019,KKR v SRH,Shubman Gill,18,10,180
2019,MI v DC,Prithvi Shaw,7,6,116.66
2019,MI v DC,Shikhar Dhawan,43,36,119.44
2019,MI v DC,Shreyas Iyer,16,10,160
2019,MI v DC,Colin Ingram,47,32,146.87
2019,MI v DC,Rishabh Pant,78,27,288.88
2019,MI v DC,Keemo Paul,3,5,60
2019,MI v DC,Axar Patel,4,2,200
2019,MI v DC,Rahul Tewatia,9,4,225
2019,MI v DC,Rohit Sharma,14,13,107.69
2019,MI v DC,Quinton de Kock,27,16,168.75
2019,MI v DC,Suryakumar Yadav,2,6,33.33
2019,MI v DC,Yuvraj Singh,53,35,151.42
2019,MI v DC,Kieron Pollard,21,13,161.53
2019,MI v DC,Hardik Pandya,0,2,0
2019,MI v DC,Krunal Pandya,32,15,213.33
2019,MI v DC,Ben Cutting,3,4,75
2019,MI v DC,Mitchell McClenaghan,10,8,125
2019,MI v DC,Rasikh Salam,5,4,125
2019,MI v DC,Jasprit Bumrah,0,,0
2019,RR v KXIP,KL Rahul,4,4,100
2019,RR v KXIP,Chris Gayle,79,47,168.08
2019,RR v KXIP,Mayank Agarwal,22,24,91.66
2019,RR v KXIP,Sarfaraz Khan,46,29,158.62
2019,RR v KXIP,Nicholas Pooran,12,14,85.71
2019,RR v KXIP,Mandeep Singh,5,2,250
2019,RR v KXIP,Ajinkya Rahane,27,20,135
2019,RR v KXIP,Jos Buttler,69,43,160.46
2019,RR v KXIP,Sanju Samson,30,25,120
2019,RR v KXIP,Steven Smith,20,16,125
2019,RR v KXIP,Ben Stokes,6,2,300
2019,RR v KXIP,Rahul Tripathi,1,4,25
2019,RR v KXIP,Krishnappa Gowtham,3,4,75
2019,RR v KXIP,Jofra Archer,2,2,100
2019,RR v KXIP,Jaydev Unadkat,1,2,50
2019,RR v KXIP,Shreyas Gopal,1,1,100
2019,RR v KXIP,Dhawal Kulkarni,5,3,166.66
2019,DC v CSK,Prithvi Shaw,24,16,150
2019,DC v CSK,Shikhar Dhawan,51,47,108.51
2019,DC v CSK,Shreyas Iyer,18,20,90
2019,DC v CSK,Rishabh Pant,25,13,192.3
2019,DC v CSK,Colin Ingram,2,2,100
2019,DC v CSK,Keemo Paul,0,4,0
2019,DC v CSK,Axar Patel,9,9,100
2019,DC v CSK,Rahul Tewatia,11,9,122.22
2019,DC v CSK,Shane Watson,44,26,169.23
2019,DC v CSK,Ambati Rayudu,5,5,100
2019,DC v CSK,Suresh Raina,30,16,187.5
2019,DC v CSK,Kedar Jadhav,27,34,79.41
2019,DC v CSK,MS Dhoni,32,35,91.42
2019,DC v CSK,Dwayne Bravo,4,3,133.33
2019,KKR v KXIP,Chris Lynn,10,10,100
2019,KKR v KXIP,Sunil Narine,24,9,266.66
2019,KKR v KXIP,Robin Uthappa,67,50,134
2019,KKR v KXIP,Nitish Rana,63,34,185.29
2019,KKR v KXIP,Andre Russell,48,17,282.35
2019,KKR v KXIP,Dinesh Karthik,1,1,100
2019,KKR v KXIP,KL Rahul,1,5,20
2019,KKR v KXIP,Chris Gayle,20,13,153.84
2019,KKR v KXIP,Mayank Agarwal,58,34,170.58
2019,KKR v KXIP,Sarfaraz Khan,13,13,100
2019,KKR v KXIP,David Miller,59,40,147.5
2019,KKR v KXIP,Mandeep Singh,33,15,220
2019,RCB v MI,Quinton de Kock,23,20,115
2019,RCB v MI,Rohit Sharma,48,33,145.45
2019,RCB v MI,Suryakumar Yadav,38,24,158.33
2019,RCB v MI,Yuvraj Singh,23,12,191.66
2019,RCB v MI,Kieron Pollard,5,6,83.33
2019,RCB v MI,Krunal Pandya,1,2,50
2019,RCB v MI,Hardik Pandya,32,14,228.57
2019,RCB v MI,Mitchell McClenaghan,1,4,25
2019,RCB v MI,Mayank Markande,6,5,120
2019,RCB v MI,Jasprit Bumrah,0,1,0
2019,RCB v MI,Parthiv Patel,31,22,140.9
2019,RCB v MI,Moeen Ali,13,7,185.71
2019,RCB v MI,Virat Kohli,46,32,143.75
2019,RCB v MI,AB de Villiers,70,41,170.73
2019,RCB v MI,Shimron Hetmyer,5,6,83.33
2019,RCB v MI,Colin de Grandhomme,2,7,28.57
2019,RCB v MI,Shivam Dube,9,5,180
2019,SRH v RR,Ajinkya Rahane,70,49,142.85
2019,SRH v RR,Jos Buttler,5,8,62.5
2019,SRH v RR,Sanju Samson,102,55,185.45
2019,SRH v RR,Ben Stokes,16,9,177.77
2019,SRH v RR,David Warner,69,37,186.48
2019,SRH v RR,Jonny Bairstow,45,28,160.71
2019,SRH v RR,Kane Williamson,14,10,140
2019,SRH v RR,Vijay Shankar,35,15,233.33
2019,SRH v RR,Manish Pandey,1,4,25
2019,SRH v RR,Yusuf Pathan,16,12,133.33
2019,SRH v RR,Rashid Khan,15,8,187.5
2019,KXIP v MI,Rohit Sharma,32,18,177.77
2019,KXIP v MI,Quinton de Kock,60,39,153.84
2019,KXIP v MI,Suryakumar Yadav,11,6,183.33
2019,KXIP v MI,Yuvraj Singh,18,22,81.81
2019,KXIP v MI,Kieron Pollard,7,9,77.77
2019,KXIP v MI,Hardik Pandya,31,19,163.15
2019,KXIP v MI,Krunal Pandya,10,5,200
2019,KXIP v MI,Mitchell McClenaghan,0,2,0
2019,KXIP v MI,Mayank Markande,0,0,0
2019,KXIP v MI,KL Rahul,71,57,124.56
2019,KXIP v MI,Chris Gayle,40,24,166.66
2019,KXIP v MI,Mayank Agarwal,43,21,204.76
2019,KXIP v MI,David Miller,15,10,150
2019,DC v KKR,Nikhil Naik,7,16,43.75
2019,DC v KKR,Chris Lynn,20,18,111.11
2019,DC v KKR,Robin Uthappa,11,6,183.33
2019,DC v KKR,Nitish Rana,1,2,50
2019,DC v KKR,Dinesh Karthik,50,36,138.88
2019,DC v KKR,Shubman Gill,4,5,80
2019,DC v KKR,Andre Russell,62,28,221.42
2019,DC v KKR,Piyush Chawla,12,5,240
2019,DC v KKR,Kuldeep Yadav,10,5,200
2019,DC v KKR,Prithvi Shaw,99,55,180
2019,DC v KKR,Shikhar Dhawan,16,8,200
2019,DC v KKR,Shreyas Iyer,43,32,134.37
2019,DC v KKR,Rishabh Pant,11,15,73.33
2019,DC v KKR,Colin Ingram,10,7,142.85
2019,DC v KKR,Hanuma Vihari,2,3,66.66
2019,DC v KKR,Harshal Patel,0,0,0
2019,SRH v RCB,Jonny Bairstow,114,56,203.57
2019,SRH v RCB,David Warner,100,55,181.81
2019,SRH v RCB,Vijay Shankar,9,3,300
2019,SRH v RCB,Yusuf Pathan,6,6,100
2019,SRH v RCB,Parthiv Patel,11,8,137.5
2019,SRH v RCB,Shimron Hetmyer,9,9,100
2019,SRH v RCB,Virat Kohli,3,10,30
2019,SRH v RCB,AB de Villiers,1,2,50
2019,SRH v RCB,Moeen Ali,2,8,25
2019,SRH v RCB,Shivam Dube,5,7,71.42
2019,SRH v RCB,Colin de Grandhomme,37,32,115.62
2019,SRH v RCB,Prayas Ray Barman,19,24,79.16
2019,SRH v RCB,Umesh Yadav,14,9,155.55
2019,SRH v RCB,Mohammed Siraj,3,8,37.5
2019,SRH v RCB,Yuzvendra Chahal,1,3,33.33
2019,CSK v RR,Ambati Rayudu,1,8,12.5
2019,CSK v RR,Shane Watson,13,13,100
2019,CSK v RR,Suresh Raina,36,32,112.5
2019,CSK v RR,Kedar Jadhav,8,3,266.66
2019,CSK v RR,MS Dhoni,75,46,163.04
2019,CSK v RR,Dwayne Bravo,27,16,168.75
2019,CSK v RR,Ravindra Jadeja,8,3,266.66
2019,CSK v RR,Ajinkya Rahane,0,2,0
2019,CSK v RR,Jos Buttler,6,7,85.71
2019,CSK v RR,Sanju Samson,8,10,80
2019,CSK v RR,Rahul Tripathi,39,24,162.5
2019,CSK v RR,Steven Smith,28,30,93.33
2019,CSK v RR,Ben Stokes,46,26,176.92
2019,CSK v RR,Krishnappa Gowtham,9,8,112.5
2019,CSK v RR,Jofra Archer,24,11,218.18
2019,CSK v RR,Shreyas Gopal,0,3,0
2019,CSK v RR,Jaydev Unadkat,0,0,0
2019,KXIP v DC,KL Rahul,15,11,136.36
2019,KXIP v DC,Sam Curran,20,10,200
2019,KXIP v DC,Mayank Agarwal,6,9,66.66
2019,KXIP v DC,Sarfaraz Khan,39,29,134.48
2019,KXIP v DC,David Miller,43,30,143.33
2019,KXIP v DC,Mandeep Singh,29,21,138.09
2019,KXIP v DC,Hardus Viljoen,1,3,33.33
2019,KXIP v DC,Ravichandran Ashwin,3,4,75
2019,KXIP v DC,Murugan Ashwin,1,2,50
2019,KXIP v DC,Mohammed Shami,0,1,0
2019,KXIP v DC,Mujeeb Ur Rahman,0,0,0
2019,KXIP v DC,Prithvi Shaw,0,1,0
2019,KXIP v DC,Shikhar Dhawan,30,25,120
2019,KXIP v DC,Shreyas Iyer,28,22,127.27
2019,KXIP v DC,Rishabh Pant,39,26,150
2019,KXIP v DC,Colin Ingram,38,29,131.03
2019,KXIP v DC,Chris Morris,0,1,0
2019,KXIP v DC,Hanuma Vihari,2,5,40
2019,KXIP v DC,Harshal Patel,0,2,0
2019,KXIP v DC,Kagiso Rabada,0,1,0
2019,KXIP v DC,Avesh Khan,4,3,133.33
2019,KXIP v DC,Sandeep Lamichhane,0,1,0
2019,RR v RCB,Virat Kohli,23,25,92
2019,RR v RCB,Parthiv Patel,67,41,163.41
2019,RR v RCB,AB de Villiers,13,9,144.44
2019,RR v RCB,Shimron Hetmyer,1,9,11.11
2019,RR v RCB,Marcus Stoinis,31,28,110.71
2019,RR v RCB,Moeen Ali,18,9,200
2019,RR v RCB,Ajinkya Rahane,22,20,110
2019,RR v RCB,Jos Buttler,59,43,137.2
2019,RR v RCB,Steven Smith,38,31,122.58
2019,RR v RCB,Rahul Tripathi,34,23,147.82
2019,RR v RCB,Ben Stokes,1,2,50
2019,MI v CSK,Quinton de Kock,4,7,57.14
2019,MI v CSK,Rohit Sharma,13,18,72.22
2019,MI v CSK,Suryakumar Yadav,59,43,137.2
2019,MI v CSK,Yuvraj Singh,4,6,66.66
2019,MI v CSK,Krunal Pandya,42,32,131.25
2019,MI v CSK,Hardik Pandya,25,8,312.5
2019,MI v CSK,Kieron Pollard,17,7,242.85
2019,MI v CSK,Shane Watson,5,6,83.33
2019,MI v CSK,Ambati Rayudu,0,1,0
2019,MI v CSK,Suresh Raina,16,15,106.66
2019,MI v CSK,Kedar Jadhav,58,54,107.4
2019,MI v CSK,MS Dhoni,12,21,57.14
2019,MI v CSK,Ravindra Jadeja,1,2,50
2019,MI v CSK,Dwayne Bravo,8,9,88.88
2019,MI v CSK,Deepak Chahar,7,7,100
2019,MI v CSK,Shardul Thakur,12,5,240
2019,MI v CSK,Mohit Sharma,0,2,0
2019,DC v SRH,Prithvi Shaw,11,11,100
2019,DC v SRH,Shikhar Dhawan,12,14,85.71
2019,DC v SRH,Shreyas Iyer,43,41,104.87
2019,DC v SRH,Rishabh Pant,5,7,71.42
2019,DC v SRH,Rahul Tewatia,5,7,71.42
2019,DC v SRH,Colin Ingram,5,8,62.5
2019,DC v SRH,Chris Morris,17,15,113.33
2019,DC v SRH,Axar Patel,23,13,176.92
2019,DC v SRH,Kagiso Rabada,3,4,75
2019,DC v SRH,Ishant Sharma,0,0,0
2019,DC v SRH,David Warner,10,18,55.55
2019,DC v SRH,Jonny Bairstow,48,28,171.42
2019,DC v SRH,Vijay Shankar,16,21,76.19
2019,DC v SRH,Manish Pandey,10,13,76.92
2019,DC v SRH,Deepak Hooda,10,11,90.9
2019,DC v SRH,Yusuf Pathan,9,11,81.81
2019,DC v SRH,Mohammad Nabi,17,9,188.88
2019,RCB v KKR,Parthiv Patel,25,24,104.16
2019,RCB v KKR,Virat Kohli,84,49,171.42
2019,RCB v KKR,AB de Villiers,63,32,196.87
2019,RCB v KKR,Marcus Stoinis,28,13,215.38
2019,RCB v KKR,Moeen Ali,0,2,0
2019,RCB v KKR,Chris Lynn,43,31,138.7
2019,RCB v KKR,Sunil Narine,10,8,125
2019,RCB v KKR,Robin Uthappa,33,25,132
2019,RCB v KKR,Nitish Rana,37,23,160.86
2019,RCB v KKR,Dinesh Karthik,19,15,126.66
2019,RCB v KKR,Andre Russell,48,13,369.23
2019,RCB v KKR,Shubman Gill,3,3,100
2019,CSK v KXIP,Shane Watson,26,24,108.33
2019,CSK v KXIP,Faf du Plessis,54,38,142.1
2019,CSK v KXIP,Suresh Raina,17,20,85
2019,CSK v KXIP,MS Dhoni,37,23,160.86
2019,CSK v KXIP,Ambati Rayudu,21,15,140
2019,CSK v KXIP,KL Rahul,55,47,117.02
2019,CSK v KXIP,Chris Gayle,5,7,71.42
2019,CSK v KXIP,Mayank Agarwal,0,2,0
2019,CSK v KXIP,Sarfaraz Khan,67,59,113.55
2019,CSK v KXIP,David Miller,6,5,120
2019,CSK v KXIP,Mandeep Singh,1,1,100
2019,CSK v KXIP,Sam Curran,0,1,0
2019,SRH v MI,Rohit Sharma,11,14,78.57
2019,SRH v MI,Quinton de Kock,19,18,105.55
2019,SRH v MI,Suryakumar Yadav,7,8,87.5
2019,SRH v MI,Ishan Kishan,17,21,80.95
2019,SRH v MI,Krunal Pandya,6,13,46.15
2019,SRH v MI,Kieron Pollard,46,26,176.92
2019,SRH v MI,Hardik Pandya,14,14,100
2019,SRH v MI,Rahul Chahar,10,7,142.85
2019,SRH v MI,Alzarri Joseph,0,0,0
2019,SRH v MI,David Warner,15,13,115.38
2019,SRH v MI,Jonny Bairstow,16,10,160
2019,SRH v MI,Vijay Shankar,5,10,50
2019,SRH v MI,Manish Pandey,16,21,76.19
2019,SRH v MI,Deepak Hooda,20,24,83.33
2019,SRH v MI,Yusuf Pathan,0,4,0
2019,SRH v MI,Mohammad Nabi,11,14,78.57
2019,SRH v MI,Rashid Khan,0,1,0
2019,SRH v MI,Bhuvneshwar Kumar,2,6,33.33
2019,SRH v MI,Siddarth Kaul,0,1,0
2019,SRH v MI,Sandeep Sharma,5,2,250
2019,RCB v DC,Parthiv Patel,9,9,100
2019,RCB v DC,Virat Kohli,41,33,124.24
2019,RCB v DC,AB de Villiers,17,16,106.25
2019,RCB v DC,Marcus Stoinis,15,17,88.23
2019,RCB v DC,Moeen Ali,32,18,177.77
2019,RCB v DC,Akshdeep Nath,19,12,158.33
2019,RCB v DC,Pawan Negi,0,1,0
2019,RCB v DC,Tim Southee,9,9,100
2019,RCB v DC,Mohammed Siraj,1,5,20
2019,RCB v DC,Yuzvendra Chahal,1,1,100
2019,RCB v DC,Prithvi Shaw,28,22,127.27
2019,RCB v DC,Shikhar Dhawan,0,1,0
2019,RCB v DC,Shreyas Iyer,67,50,134
2019,RCB v DC,Colin Ingram,22,21,104.76
2019,RCB v DC,Rishabh Pant,18,14,128.57
2019,RCB v DC,Chris Morris,0,3,0
2019,RCB v DC,Axar Patel,4,1,400
2019,RCB v DC,Rahul Tewatia,1,2,50
2019,RR v KKR,Ajinkya Rahane,5,7,71.42
2019,RR v KKR,Jos Buttler,37,34,108.82
2019,RR v KKR,Steven Smith,73,59,123.72
2019,RR v KKR,Rahul Tripathi,6,8,75
2019,RR v KKR,Ben Stokes,7,14,50
2019,RR v KKR,Chris Lynn,50,32,156.25
2019,RR v KKR,Sunil Narine,47,25,188
2019,RR v KKR,Robin Uthappa,26,16,162.5
2019,RR v KKR,Shubman Gill,6,10,60
2019,KXIP v SRH,David Warner,70,62,112.9
2019,KXIP v SRH,Jonny Bairstow,1,6,16.66
2019,KXIP v SRH,Vijay Shankar,26,27,96.29
2019,KXIP v SRH,Mohammad Nabi,12,7,171.42
2019,KXIP v SRH,Manish Pandey,19,15,126.66
2019,KXIP v SRH,Deepak Hooda,14,3,466.66
2019,KXIP v SRH,KL Rahul,71,53,133.96
2019,KXIP v SRH,Chris Gayle,16,14,114.28
2019,KXIP v SRH,Mayank Agarwal,55,43,127.9
2019,KXIP v SRH,David Miller,1,3,33.33
2019,KXIP v SRH,Mandeep Singh,2,3,66.66
2019,KXIP v SRH,Sam Curran,5,3,166.66
2019,CSK v KKR,Chris Lynn,0,5,0
2019,CSK v KKR,Sunil Narine,6,5,120
2019,CSK v KKR,Robin Uthappa,11,9,122.22
2019,CSK v KKR,Nitish Rana,0,3,0
2019,CSK v KKR,Dinesh Karthik,19,21,90.47
2019,CSK v KKR,Shubman Gill,9,12,75
2019,CSK v KKR,Andre Russell,50,44,113.63
2019,CSK v KKR,Piyush Chawla,8,13,61.53
2019,CSK v KKR,Kuldeep Yadav,0,1,0
2019,CSK v KKR,Prasidh Krishna,0,2,0
2019,CSK v KKR,Harry Gurney,1,5,20
2019,CSK v KKR,Shane Watson,17,9,188.88
2019,CSK v KKR,Faf du Plessis,43,45,95.55
2019,CSK v KKR,Suresh Raina,14,13,107.69
2019,CSK v KKR,Ambati Rayudu,21,31,67.74
2019,CSK v KKR,Kedar Jadhav,8,8,100
2019,MI v KXIP,KL Rahul,100,64,156.25
2019,MI v KXIP,Chris Gayle,63,36,175
2019,MI v KXIP,David Miller,7,8,87.5
2019,MI v KXIP,Karun Nair,5,6,83.33
2019,MI v KXIP,Sam Curran,8,3,266.66
2019,MI v KXIP,Mandeep Singh,7,3,233.33
2019,MI v KXIP,Quinton de Kock,24,23,104.34
2019,MI v KXIP,Siddhesh Lad,15,13,115.38
2019,MI v KXIP,Suryakumar Yadav,21,15,140
2019,MI v KXIP,Kieron Pollard,83,31,267.74
2019,MI v KXIP,Ishan Kishan,7,10,70
2019,MI v KXIP,Hardik Pandya,19,13,146.15
2019,MI v KXIP,Krunal Pandya,1,2,50
2019,MI v KXIP,Alzarri Joseph,15,13,115.38
2019,MI v KXIP,Rahul Chahar,1,1,100
2019,RR v CSK,Ajinkya Rahane,14,11,127.27
2019,RR v CSK,Jos Buttler,23,10,230
2019,RR v CSK,Sanju Samson,6,6,100
2019,RR v CSK,Steven Smith,15,22,68.18
2019,RR v CSK,Rahul Tripathi,10,12,83.33
2019,RR v CSK,Ben Stokes,28,26,107.69
2019,RR v CSK,Riyan Parag,16,14,114.28
2019,RR v CSK,Jofra Archer,13,12,108.33
2019,RR v CSK,Shreyas Gopal,19,7,271.42
2019,RR v CSK,Shane Watson,0,4,0
2019,RR v CSK,Faf du Plessis,7,10,70
2019,RR v CSK,Suresh Raina,4,4,100
2019,RR v CSK,Ambati Rayudu,57,47,121.27
2019,RR v CSK,Kedar Jadhav,1,6,16.66
2019,RR v CSK,MS Dhoni,58,43,134.88
2019,RR v CSK,Ravindra Jadeja,9,4,225
2019,RR v CSK,Mitchell Santner,10,3,333.33
2019,KKR v DC,Joe Denly,0,1,0
2019,KKR v DC,Shubman Gill,65,39,166.66
2019,KKR v DC,Robin Uthappa,28,30,93.33
2019,KKR v DC,Nitish Rana,11,12,91.66
2019,KKR v DC,Andre Russell,45,21,214.28
2019,KKR v DC,Dinesh Karthik,2,3,66.66
2019,KKR v DC,Carlos Brathwaite,6,7,85.71
2019,KKR v DC,Piyush Chawla,14,6,233.33
2019,KKR v DC,Kuldeep Yadav,2,2,100
2019,KKR v DC,Prithvi Shaw,14,7,200
2019,KKR v DC,Shikhar Dhawan,97,63,153.96
2019,KKR v DC,Shreyas Iyer,6,6,100
2019,KKR v DC,Rishabh Pant,46,31,148.38
2019,KKR v DC,Colin Ingram,14,6,233.33
2019,MI v RR,Rohit Sharma,47,32,146.87
2019,MI v RR,Quinton de Kock,81,52,155.76
2019,MI v RR,Suryakumar Yadav,16,10,160
2019,MI v RR,Kieron Pollard,6,12,50
2019,MI v RR,Hardik Pandya,28,11,254.54
2019,MI v RR,Ishan Kishan,5,3,166.66
2019,MI v RR,Krunal Pandya,0,0,0
2019,MI v RR,Ajinkya Rahane,37,21,176.19
2019,MI v RR,Jos Buttler,89,43,206.97
2019,MI v RR,Sanju Samson,31,26,119.23
2019,MI v RR,Steven Smith,12,15,80
2019,MI v RR,Rahul Tripathi,1,2,50
2019,MI v RR,Liam Livingstone,1,2,50
2019,MI v RR,Shreyas Gopal,13,7,185.71
2019,MI v RR,Krishnappa Gowtham,0,1,0
2019,KXIP v RCB,KL Rahul,18,15,120
2019,KXIP v RCB,Chris Gayle,99,64,154.68
2019,KXIP v RCB,Mayank Agarwal,15,9,166.66
2019,KXIP v RCB,Sarfaraz Khan,15,13,115.38
2019,KXIP v RCB,Sam Curran,1,3,33.33
2019,KXIP v RCB,Mandeep Singh,18,16,112.5
2019,KXIP v RCB,Parthiv Patel,19,9,211.11
2019,KXIP v RCB,Virat Kohli,67,53,126.41
2019,KXIP v RCB,AB de Villiers,59,38,155.26
2019,KXIP v RCB,Marcus Stoinis,28,16,175
2019,KKR v CSK,Chris Lynn,82,51,160.78
2019,KKR v CSK,Sunil Narine,2,7,28.57
2019,KKR v CSK,Nitish Rana,21,18,116.66
2019,KKR v CSK,Robin Uthappa,0,1,0
2019,KKR v CSK,Dinesh Karthik,18,14,128.57
2019,KKR v CSK,Andre Russell,10,4,250
2019,KKR v CSK,Shubman Gill,15,20,75
2019,KKR v CSK,Piyush Chawla,4,5,80
2019,KKR v CSK,Kuldeep Yadav,0,0,0
2019,KKR v CSK,Shane Watson,6,7,85.71
2019,KKR v CSK,Faf du Plessis,24,16,150
2019,KKR v CSK,Suresh Raina,58,42,138.09
2019,KKR v CSK,Ambati Rayudu,5,11,45.45
2019,KKR v CSK,Kedar Jadhav,20,12,166.66
2019,KKR v CSK,MS Dhoni,16,13,123.07
2019,KKR v CSK,Ravindra Jadeja,31,17,182.35
2019,SRH v DC,Prithvi Shaw,4,5,80
2019,SRH v DC,Shikhar Dhawan,7,8,87.5
2019,SRH v DC,Colin Munro,40,24,166.66
2019,SRH v DC,Shreyas Iyer,45,40,112.5
2019,SRH v DC,Rishabh Pant,23,19,121.05
2019,SRH v DC,Chris Morris,4,8,50
2019,SRH v DC,Axar Patel,14,11,127.27
2019,SRH v DC,Keemo Paul,7,4,175
2019,SRH v DC,Kagiso Rabada,2,2,100
2019,SRH v DC,David Warner,51,47,108.51
2019,SRH v DC,Jonny Bairstow,41,31,132.25
2019,SRH v DC,Kane Williamson,3,8,37.5
2019,SRH v DC,Ricky Bhui,7,12,58.33
2019,SRH v DC,Vijay Shankar,1,2,50
2019,SRH v DC,Deepak Hooda,3,4,75
2019,SRH v DC,Abhishek Sharma,2,3,66.66
2019,SRH v DC,Rashid Khan,0,1,0
2019,SRH v DC,Bhuvneshwar Kumar,2,4,50
2019,SRH v DC,Sandeep Sharma,1,1,100
2019,SRH v DC,Khaleel Ahmed,0,1,0
2019,MI v RCB,Parthiv Patel,28,20,140
2019,MI v RCB,Virat Kohli,8,9,88.88
2019,MI v RCB,AB de Villiers,75,51,147.05
2019,MI v RCB,Moeen Ali,50,32,156.25
2019,MI v RCB,Marcus Stoinis,0,2,0
2019,MI v RCB,Akshdeep Nath,2,3,66.66
2019,MI v RCB,Pawan Negi,0,2,0
2019,MI v RCB,Umesh Yadav,0,1,0
2019,MI v RCB,Mohammed Siraj,0,0,0
2019,MI v RCB,Quinton de Kock,40,26,153.84
2019,MI v RCB,Rohit Sharma,28,19,147.36
2019,MI v RCB,Suryakumar Yadav,29,23,126.08
2019,MI v RCB,Ishan Kishan,21,9,233.33
2019,MI v RCB,Krunal Pandya,11,21,52.38
2019,MI v RCB,Hardik Pandya,37,16,231.25
2019,MI v RCB,Kieron Pollard,0,0,0
2019,KXIP v RR,KL Rahul,52,47,110.63
2019,KXIP v RR,Chris Gayle,30,22,136.36
2019,KXIP v RR,Mayank Agarwal,26,12,216.66
2019,KXIP v RR,David Miller,40,27,148.14
2019,KXIP v RR,Nicholas Pooran,5,6,83.33
2019,KXIP v RR,Mandeep Singh,0,2,0
2019,KXIP v RR,Ravichandran Ashwin,17,4,425
2019,KXIP v RR,Mujeeb Ur Rahman,0,1,0
2019,KXIP v RR,Rahul Tripathi,50,45,111.11
2019,KXIP v RR,Jos Buttler,23,17,135.29
2019,KXIP v RR,Sanju Samson,27,21,128.57
2019,KXIP v RR,Ajinkya Rahane,26,21,123.8
2019,KXIP v RR,Ashton Turner,0,1,0
2019,KXIP v RR,Jofra Archer,1,3,33.33
2019,KXIP v RR,Stuart Binny,33,11,300
2019,KXIP v RR,Shreyas Gopal,0,1,0
2019,KXIP v RR,Jaydev Unadkat,0,0,0
2019,SRH v CSK,Shane Watson,31,29,106.89
2019,SRH v CSK,Faf du Plessis,45,31,145.16
2019,SRH v CSK,Suresh Raina,13,13,100
2019,SRH v CSK,Ambati Rayudu,25,21,119.04
2019,SRH v CSK,Kedar Jadhav,1,2,50
2019,SRH v CSK,Sam Billings,0,4,0
2019,SRH v CSK,Ravindra Jadeja,10,20,50
2019,SRH v CSK,David Warner,50,25,200
2019,SRH v CSK,Jonny Bairstow,61,44,138.63
2019,SRH v CSK,Kane Williamson,3,5,60
2019,SRH v CSK,Vijay Shankar,7,11,63.63
2019,SRH v CSK,Deepak Hooda,13,16,81.25
2019,SRH v CSK,Yusuf Pathan,0,0,0
2019,DC v MI,Rohit Sharma,30,22,136.36
2019,DC v MI,Quinton de Kock,35,27,129.62
2019,DC v MI,Ben Cutting,2,4,50
2019,DC v MI,Suryakumar Yadav,26,27,96.29
2019,DC v MI,Krunal Pandya,37,26,142.3
2019,DC v MI,Hardik Pandya,32,15,213.33
2019,DC v MI,Kieron Pollard,0,0,0
2019,DC v MI,Prithvi Shaw,20,24,83.33
2019,DC v MI,Shikhar Dhawan,35,22,159.09
2019,DC v MI,Colin Munro,3,9,33.33
2019,DC v MI,Shreyas Iyer,3,6,50
2019,DC v MI,Rishabh Pant,7,11,63.63
2019,DC v MI,Axar Patel,26,23,113.04
2019,DC v MI,Chris Morris,11,9,122.22
2019,DC v MI,Keemo Paul,0,0,0
2019,DC v MI,Kagiso Rabada,9,8,112.5
2019,DC v MI,Amit Mishra,6,8,75
2019,DC v MI,Ishant Sharma,0,0,0
2019,KKR v RCB,Parthiv Patel,11,11,100
2019,KKR v RCB,Virat Kohli,100,58,172.41
2019,KKR v RCB,Akshdeep Nath,13,15,86.66
2019,KKR v RCB,Moeen Ali,66,28,235.71
2019,KKR v RCB,Marcus Stoinis,17,8,212.5
2019,KKR v RCB,Chris Lynn,1,2,50
2019,KKR v RCB,Sunil Narine,18,16,112.5
2019,KKR v RCB,Shubman Gill,9,11,81.81
2019,KKR v RCB,Robin Uthappa,9,20,45
2019,KKR v RCB,Nitish Rana,85,46,184.78
2019,KKR v RCB,Andre Russell,65,25,260
2019,KKR v RCB,Dinesh Karthik,0,0,0
2019,RR v MI,Quinton de Kock,65,47,138.29
2019,RR v MI,Rohit Sharma,5,7,71.42
2019,RR v MI,Suryakumar Yadav,34,33,103.03
2019,RR v MI,Hardik Pandya,23,15,153.33
2019,RR v MI,Kieron Pollard,10,7,142.85
2019,RR v MI,Ben Cutting,13,9,144.44
2019,RR v MI,Krunal Pandya,2,2,100
2019,RR v MI,Ajinkya Rahane,12,12,100
2019,RR v MI,Sanju Samson,35,19,184.21
2019,RR v MI,Steven Smith,59,48,122.91
2019,RR v MI,Ben Stokes,0,2,0
2019,RR v MI,Riyan Parag,43,29,148.27
2019,RR v MI,Ashton Turner,0,1,0
2019,RR v MI,Stuart Binny,7,4,175
2019,DC v KXIP,KL Rahul,12,9,133.33
2019,DC v KXIP,Chris Gayle,69,37,186.48
2019,DC v KXIP,Mayank Agarwal,2,9,22.22
2019,DC v KXIP,David Miller,7,5,140
2019,DC v KXIP,Mandeep Singh,30,27,111.11
2019,DC v KXIP,Sam Curran,0,4,0
2019,DC v KXIP,Ravichandran Ashwin,16,14,114.28
2019,DC v KXIP,Harpreet Brar,20,12,166.66
2019,DC v KXIP,Hardus Viljoen,2,3,66.66
2019,DC v KXIP,Prithvi Shaw,13,11,118.18
2019,DC v KXIP,Shikhar Dhawan,56,41,136.58
2019,DC v KXIP,Shreyas Iyer,58,49,118.36
2019,DC v KXIP,Rishabh Pant,6,7,85.71
2019,DC v KXIP,Colin Ingram,19,9,211.11
2019,DC v KXIP,Axar Patel,1,1,100
2019,DC v KXIP,Sherfane Rutherford,2,2,100
2019,SRH v KKR,Chris Lynn,51,47,108.51
2019,SRH v KKR,Sunil Narine,25,8,312.5
2019,SRH v KKR,Shubman Gill,3,4,75
2019,SRH v KKR,Nitish Rana,11,11,100
2019,SRH v KKR,Dinesh Karthik,6,4,150
2019,SRH v KKR,Rinku Singh,30,25,120
2019,SRH v KKR,Andre Russell,15,9,166.66
2019,SRH v KKR,Piyush Chawla,4,8,50
2019,SRH v KKR,Prithvi Raj,0,1,0
2019,SRH v KKR,KC Cariappa,9,3,300
2019,SRH v KKR,David Warner,67,38,176.31
2019,SRH v KKR,Jonny Bairstow,80,43,186.04
2019,SRH v KKR,Kane Williamson,8,9,88.88
2019,RCB v CSK,Parthiv Patel,53,37,143.24
2019,RCB v CSK,Virat Kohli,9,8,112.5
2019,RCB v CSK,AB de Villiers,25,19,131.57
2019,RCB v CSK,Akshdeep Nath,24,20,120
2019,RCB v CSK,Marcus Stoinis,14,13,107.69
2019,RCB v CSK,Moeen Ali,26,16,162.5
2019,RCB v CSK,Pawan Negi,5,6,83.33
2019,RCB v CSK,Umesh Yadav,1,1,100
2019,RCB v CSK,Dale Steyn,0,0,0
2019,RCB v CSK,Shane Watson,5,3,166.66
2019,RCB v CSK,Faf du Plessis,5,15,33.33
2019,RCB v CSK,Suresh Raina,0,1,0
2019,RCB v CSK,Ambati Rayudu,29,29,100
2019,RCB v CSK,Kedar Jadhav,9,9,100
2019,RCB v CSK,MS Dhoni,84,48,175
2019,RCB v CSK,Ravindra Jadeja,11,12,91.66
2019,RCB v CSK,Dwayne Bravo,5,4,125
2019,RCB v CSK,Shardul Thakur,0,0,0
2019,RR v DC,Ajinkya Rahane,105,63,166.66
2019,RR v DC,Sanju Samson,0,0,0
2019,RR v DC,Steven Smith,50,32,156.25
2019,RR v DC,Ben Stokes,8,8,100
2019,RR v DC,Ashton Turner,0,1,0
2019,RR v DC,Stuart Binny,19,13,146.15
2019,RR v DC,Riyan Parag,4,3,133.33
2019,RR v DC,Prithvi Shaw,42,39,107.69
2019,RR v DC,Shikhar Dhawan,54,27,200
2019,RR v DC,Shreyas Iyer,4,5,80
2019,RR v DC,Rishabh Pant,78,36,216.66
2019,RR v DC,Sherfane Rutherford,11,5,220
2019,RR v DC,Colin Ingram,3,5,60
2019,CSK v SRH,David Warner,57,45,126.66
2019,CSK v SRH,Jonny Bairstow,0,2,0
2019,CSK v SRH,Manish Pandey,83,49,169.38
2019,CSK v SRH,Vijay Shankar,26,20,130
2019,CSK v SRH,Yusuf Pathan,5,4,125
2019,CSK v SRH,Shane Watson,96,53,181.13
2019,CSK v SRH,Faf du Plessis,1,7,14.28
2019,CSK v SRH,Suresh Raina,38,24,158.33
2019,CSK v SRH,Ambati Rayudu,21,25,84
2019,CSK v SRH,Kedar Jadhav,11,10,110
2019,CSK v SRH,Dwayne Bravo,0,0,0
2019,RCB v KXIP,Parthiv Patel,43,24,179.16
2019,RCB v KXIP,Virat Kohli,13,8,162.5
2019,RCB v KXIP,AB de Villiers,82,44,186.36
2019,RCB v KXIP,Moeen Ali,4,5,80
2019,RCB v KXIP,Akshdeep Nath,3,7,42.85
2019,RCB v KXIP,Marcus Stoinis,46,34,135.29
2019,RCB v KXIP,KL Rahul,42,27,155.55
2019,RCB v KXIP,Chris Gayle,23,10,230
2019,RCB v KXIP,Mayank Agarwal,35,21,166.66
2019,RCB v KXIP,David Miller,24,25,96
2019,RCB v KXIP,Nicholas Pooran,46,28,164.28
2019,RCB v KXIP,Mandeep Singh,4,4,100
2019,RCB v KXIP,Ravichandran Ashwin,6,2,300
2019,RCB v KXIP,Hardus Viljoen,0,1,0
2019,RCB v KXIP,Murugan Ashwin,1,2,50
2019,KKR v RR,Chris Lynn,0,3,0
2019,KKR v RR,Shubman Gill,14,14,100
2019,KKR v RR,Nitish Rana,21,26,80.76
2019,KKR v RR,Dinesh Karthik,97,50,194
2019,KKR v RR,Sunil Narine,11,8,137.5
2019,KKR v RR,Andre Russell,14,14,100
2019,KKR v RR,Carlos Brathwaite,5,3,166.66
2019,KKR v RR,Rinku Singh,3,3,100
2019,KKR v RR,Ajinkya Rahane,34,21,161.9
2019,KKR v RR,Sanju Samson,22,15,146.66
2019,KKR v RR,Steven Smith,2,6,33.33
2019,KKR v RR,Ben Stokes,11,10,110
2019,KKR v RR,Riyan Parag,47,31,151.61
2019,KKR v RR,Stuart Binny,11,11,100
2019,KKR v RR,Shreyas Gopal,18,9,200
2019,KKR v RR,Jofra Archer,27,12,225
2019,KKR v RR,Jaydev Unadkat,0,1,0
2019,CSK v MI,Rohit Sharma,67,48,139.58
2019,CSK v MI,Quinton de Kock,15,9,166.66
2019,CSK v MI,Evin Lewis,32,30,106.66
2019,CSK v MI,Krunal Pandya,1,3,33.33
2019,CSK v MI,Hardik Pandya,23,18,127.77
2019,CSK v MI,Kieron Pollard,13,12,108.33
2019,CSK v MI,Murali Vijay,38,35,108.57
2019,CSK v MI,Shane Watson,8,4,200
2019,CSK v MI,Suresh Raina,2,4,50
2019,CSK v MI,Ambati Rayudu,0,3,0
2019,CSK v MI,Kedar Jadhav,6,11,54.54
2019,CSK v MI,Dhruv Shorey,5,8,62.5
2019,CSK v MI,Dwayne Bravo,20,17,117.64
2019,CSK v MI,Mitchell Santner,22,20,110
2019,CSK v MI,Deepak Chahar,0,2,0
2019,CSK v MI,Harbhajan Singh,1,3,33.33
2019,CSK v MI,Imran Tahir,0,0,0
2019,RR v SRH,David Warner,37,32,115.62
2019,RR v SRH,Kane Williamson,13,14,92.85
2019,RR v SRH,Manish Pandey,61,36,169.44
2019,RR v SRH,Vijay Shankar,8,10,80
2019,RR v SRH,Shakib Al Hasan,9,10,90
2019,RR v SRH,Deepak Hooda,0,1,0
2019,RR v SRH,Wriddhiman Saha,5,5,100
2019,RR v SRH,Rashid Khan,17,8,212.5
2019,RR v SRH,Bhuvneshwar Kumar,1,4,25
2019,RR v SRH,Siddarth Kaul,0,0,0
2019,RR v SRH,Ajinkya Rahane,39,34,114.7
2019,RR v SRH,Liam Livingstone,44,26,169.23
2019,RR v SRH,Sanju Samson,48,32,150
2019,RR v SRH,Steven Smith,22,16,137.5
2019,RR v SRH,Ashton Turner,3,7,42.85
2019,DC v RCB,Prithvi Shaw,18,10,180
2019,DC v RCB,Shikhar Dhawan,50,37,135.13
2019,DC v RCB,Shreyas Iyer,52,37,140.54
2019,DC v RCB,Rishabh Pant,7,7,100
2019,DC v RCB,Colin Ingram,11,7,157.14
2019,DC v RCB,Sherfane Rutherford,28,13,215.38
2019,DC v RCB,Axar Patel,16,9,177.77
2019,DC v RCB,Parthiv Patel,39,20,195
2019,DC v RCB,Virat Kohli,23,17,135.29
2019,DC v RCB,AB de Villiers,17,19,89.47
2019,DC v RCB,Shivam Dube,24,16,150
2019,DC v RCB,Heinrich Klaasen,3,3,100
2019,DC v RCB,Gurkeerat Singh Mann,27,19,142.1
2019,DC v RCB,Marcus Stoinis,32,24,133.33
2019,DC v RCB,Washington Sundar,1,2,50
2019,DC v RCB,Umesh Yadav,0,0,0
2019,KKR v MI,Shubman Gill,76,45,168.88
2019,KKR v MI,Chris Lynn,54,29,186.2
2019,KKR v MI,Andre Russell,80,40,200
2019,KKR v MI,Dinesh Karthik,15,7,214.28
2019,KKR v MI,Quinton de Kock,0,4,0
2019,KKR v MI,Rohit Sharma,12,9,133.33
2019,KKR v MI,Evin Lewis,15,16,93.75
2019,KKR v MI,Suryakumar Yadav,26,14,185.71
2019,KKR v MI,Kieron Pollard,20,21,95.23
2019,KKR v MI,Hardik Pandya,91,34,267.64
2019,KKR v MI,Krunal Pandya,24,18,133.33
2019,KKR v MI,Barinder Sran,3,3,100
2019,KKR v MI,Rahul Chahar,1,1,100
2019,SRH v KXIP,David Warner,81,56,144.64
2019,SRH v KXIP,Wriddhiman Saha,28,13,215.38
2019,SRH v KXIP,Manish Pandey,36,25,144
2019,SRH v KXIP,Mohammad Nabi,20,10,200
2019,SRH v KXIP,Kane Williamson,14,7,200
2019,SRH v KXIP,Rashid Khan,1,2,50
2019,SRH v KXIP,Vijay Shankar,7,4,175
2019,SRH v KXIP,Abhishek Sharma,5,3,166.66
2019,SRH v KXIP,KL Rahul,79,56,141.07
2019,SRH v KXIP,Chris Gayle,4,3,133.33
2019,SRH v KXIP,Mayank Agarwal,27,18,150
2019,SRH v KXIP,Nicholas Pooran,21,10,210
2019,SRH v KXIP,David Miller,11,11,100
2019,SRH v KXIP,Ravichandran Ashwin,0,1,0
2019,SRH v KXIP,Prabhsimran Singh,16,17,94.11
2019,SRH v KXIP,Murugan Ashwin,1,1,100
2019,SRH v KXIP,Mujeeb Ur Rahman,0,3,0
2019,SRH v KXIP,Mohammed Shami,1,1,100
2019,RCB v RR,Virat Kohli,25,7,357.14
2019,RCB v RR,AB de Villiers,10,4,250
2019,RCB v RR,Marcus Stoinis,0,1,0
2019,RCB v RR,Heinrich Klaasen,6,7,85.71
2019,RCB v RR,Gurkeerat Singh Mann,6,3,200
2019,RCB v RR,Parthiv Patel,8,5,160
2019,RCB v RR,Pawan Negi,4,3,133.33
2019,RCB v RR,Umesh Yadav,0,0,0
2019,RCB v RR,Navdeep Saini,0,1,0
2019,RCB v RR,Sanju Samson,28,13,215.38
2019,RCB v RR,Liam Livingstone,11,7,157.14
2019,CSK v DC,Faf du Plessis,39,41,95.12
2019,CSK v DC,Shane Watson,0,9,0
2019,CSK v DC,Suresh Raina,59,37,159.45
2019,CSK v DC,MS Dhoni,44,22,200
2019,CSK v DC,Ravindra Jadeja,25,10,250
2019,CSK v DC,Ambati Rayudu,5,2,250
2019,CSK v DC,Prithvi Shaw,4,5,80
2019,CSK v DC,Shikhar Dhawan,19,13,146.15
2019,CSK v DC,Shreyas Iyer,44,31,141.93
2019,CSK v DC,Rishabh Pant,5,3,166.66
2019,CSK v DC,Colin Ingram,1,5,20
2019,CSK v DC,Axar Patel,9,9,100
2019,CSK v DC,Sherfane Rutherford,2,4,50
2019,CSK v DC,Chris Morris,0,1,0
2019,CSK v DC,Jagadeesha Suchith,6,15,40
2019,CSK v DC,Amit Mishra,8,11,72.72
2019,CSK v DC,Trent Boult,1,1,100
2019,MI v SRH,Rohit Sharma,24,18,133.33
2019,MI v SRH,Quinton de Kock,69,58,118.96
2019,MI v SRH,Suryakumar Yadav,23,17,135.29
2019,MI v SRH,Evin Lewis,1,6,16.66
2019,MI v SRH,Hardik Pandya,18,10,180
2019,MI v SRH,Kieron Pollard,10,9,111.11
2019,MI v SRH,Krunal Pandya,9,3,300
2019,MI v SRH,Wriddhiman Saha,25,15,166.66
2019,MI v SRH,Martin Guptill,15,11,136.36
2019,MI v SRH,Manish Pandey,71,47,151.06
2019,MI v SRH,Kane Williamson,3,7,42.85
2019,MI v SRH,Vijay Shankar,12,17,70.58
2019,MI v SRH,Abhishek Sharma,2,3,66.66
2019,MI v SRH,Mohammad Nabi,31,20,155
2019,MI v SRH,Rashid Khan,0,0,0
2019,KXIP v KKR,Chris Gayle,14,14,100
2019,KXIP v KKR,KL Rahul,2,7,28.57
2019,KXIP v KKR,Mayank Agarwal,36,26,138.46
2019,KXIP v KKR,Nicholas Pooran,48,27,177.77
2019,KXIP v KKR,Mandeep Singh,25,17,147.05
2019,KXIP v KKR,Sam Curran,55,24,229.16
2019,KXIP v KKR,Ravichandran Ashwin,0,3,0
2019,KXIP v KKR,Andrew Tye,0,2,0
2019,KXIP v KKR,Shubman Gill,65,49,132.65
2019,KXIP v KKR,Chris Lynn,46,22,209.09
2019,KXIP v KKR,Robin Uthappa,22,14,157.14
2019,KXIP v KKR,Andre Russell,24,14,171.42
2019,KXIP v KKR,Dinesh Karthik,21,9,233.33
2019,DC v RR,Ajinkya Rahane,2,4,50
2019,DC v RR,Liam Livingstone,14,13,107.69
2019,DC v RR,Sanju Samson,5,8,62.5
2019,DC v RR,Mahipal Lomror,8,3,266.66
2019,DC v RR,Shreyas Gopal,12,18,66.66
2019,DC v RR,Riyan Parag,50,49,102.04
2019,DC v RR,Stuart Binny,0,1,0
2019,DC v RR,Krishnappa Gowtham,6,6,100
2019,DC v RR,Ish Sodhi,6,11,54.54
2019,DC v RR,Varun Aaron,3,7,42.85
2019,DC v RR,Prithvi Shaw,8,8,100
2019,DC v RR,Shikhar Dhawan,16,12,133.33
2019,DC v RR,Shreyas Iyer,15,9,166.66
2019,DC v RR,Rishabh Pant,53,38,139.47
2019,DC v RR,Colin Ingram,12,23,52.17
2019,DC v RR,Sherfane Rutherford,11,6,183.33
2019,DC v RR,Axar Patel,1,1,100
2019,RCB v SRH,Wriddhiman Saha,20,11,181.81
2019,RCB v SRH,Martin Guptill,30,23,130.43
2019,RCB v SRH,Manish Pandey,9,12,75
2019,RCB v SRH,Kane Williamson,70,43,162.79
2019,RCB v SRH,Vijay Shankar,27,18,150
2019,RCB v SRH,Yusuf Pathan,3,4,75
2019,RCB v SRH,Mohammad Nabi,4,3,133.33
2019,RCB v SRH,Rashid Khan,1,2,50
2019,RCB v SRH,Bhuvneshwar Kumar,7,5,140
2019,RCB v SRH,Parthiv Patel,0,3,0
2019,RCB v SRH,Virat Kohli,16,7,228.57
2019,RCB v SRH,AB de Villiers,1,2,50
2019,RCB v SRH,Shimron Hetmyer,75,47,159.57
2019,RCB v SRH,Gurkeerat Singh Mann,65,48,135.41
2019,RCB v SRH,Colin de Grandhomme,3,4,75
2019,RCB v SRH,Washington Sundar,0,1,0
2019,RCB v SRH,Umesh Yadav,9,4,225
2019,KXIP v CSK,Faf du Plessis,96,55,174.54
2019,KXIP v CSK,Shane Watson,7,11,63.63
2019,KXIP v CSK,Suresh Raina,53,38,139.47
2019,KXIP v CSK,MS Dhoni,10,12,83.33
2019,KXIP v CSK,Ambati Rayudu,1,2,50
2019,KXIP v CSK,Kedar Jadhav,0,1,0
2019,KXIP v CSK,Dwayne Bravo,1,1,100
2019,KXIP v CSK,KL Rahul,71,36,197.22
2019,KXIP v CSK,Chris Gayle,28,28,100
2019,KXIP v CSK,Nicholas Pooran,36,22,163.63
2019,KXIP v CSK,Mayank Agarwal,7,6,116.66
2019,KXIP v CSK,Mandeep Singh,11,9,122.22
2019,KXIP v CSK,Sam Curran,6,7,85.71
2019,MI v KKR,Shubman Gill,9,16,56.25
2019,MI v KKR,Chris Lynn,41,29,141.37
2019,MI v KKR,Robin Uthappa,40,47,85.1
2019,MI v KKR,Dinesh Karthik,3,9,33.33
2019,MI v KKR,Andre Russell,0,1,0
2019,MI v KKR,Nitish Rana,26,13,200
2019,MI v KKR,Rinku Singh,4,6,66.66
2019,MI v KKR,Sunil Narine,0,0,0
2019,MI v KKR,Quinton de Kock,30,23,130.43
2019,MI v KKR,Rohit Sharma,55,48,114.58
2019,MI v KKR,Suryakumar Yadav,46,27,170.37
2019,MI v CSK,Faf du Plessis,6,11,54.54
2019,MI v CSK,Shane Watson,10,13,76.92
2019,MI v CSK,Suresh Raina,5,7,71.42
2019,MI v CSK,Murali Vijay,26,26,100
2019,MI v CSK,Ambati Rayudu,42,37,113.51
2019,MI v CSK,MS Dhoni,37,29,127.58
2019,MI v CSK,Rohit Sharma,4,2,200
2019,MI v CSK,Quinton de Kock,8,12,66.66
2019,MI v CSK,Suryakumar Yadav,71,54,131.48
2019,MI v CSK,Ishan Kishan,28,31,90.32
2019,MI v CSK,Krunal Pandya,0,1,0
2019,MI v CSK,Hardik Pandya,13,11,118.18
2019,DC v SRH,Wriddhiman Saha,8,9,88.88
2019,DC v SRH,Martin Guptill,36,19,189.47
2019,DC v SRH,Manish Pandey,30,36,83.33
2019,DC v SRH,Kane Williamson,28,27,103.7
2019,DC v SRH,Vijay Shankar,25,11,227.27
2019,DC v SRH,Mohammad Nabi,20,13,153.84
2019,DC v SRH,Deepak Hooda,4,4,100
2019,DC v SRH,Rashid Khan,0,1,0
2019,DC v SRH,Bhuvneshwar Kumar,0,0,0
2019,DC v SRH,Basil Thampi,1,1,100
2019,DC v SRH,Prithvi Shaw,56,38,147.36
2019,DC v SRH,Shikhar Dhawan,17,16,106.25
2019,DC v SRH,Shreyas Iyer,8,10,80
2019,DC v SRH,Rishabh Pant,49,21,233.33
2019,DC v SRH,Colin Munro,14,13,107.69
2019,DC v SRH,Axar Patel,0,3,0
2019,DC v SRH,Sherfane Rutherford,9,12,75
2019,DC v SRH,Keemo Paul,5,4,125
2019,DC v SRH,Amit Mishra,1,2,50
2019,DC v SRH,Trent Boult,0,0,0
2019,CSK v DC,Prithvi Shaw,5,6,83.33
2019,CSK v DC,Shikhar Dhawan,18,14,128.57
2019,CSK v DC,Colin Munro,27,24,112.5
2019,CSK v DC,Shreyas Iyer,13,18,72.22
2019,CSK v DC,Rishabh Pant,38,25,152
2019,CSK v DC,Axar Patel,3,6,50
2019,CSK v DC,Sherfane Rutherford,10,12,83.33
2019,CSK v DC,Keemo Paul,3,7,42.85
2019,CSK v DC,Amit Mishra,6,3,200
2019,CSK v DC,Trent Boult,6,3,200
2019,CSK v DC,Ishant Sharma,10,3,333.33
2019,CSK v DC,Faf du Plessis,50,39,128.2
2019,CSK v DC,Shane Watson,50,32,156.25
2019,CSK v DC,Suresh Raina,11,13,84.61
2019,CSK v DC,Ambati Rayudu,20,20,100
2019,CSK v DC,MS Dhoni,9,9,100
2019,CSK v DC,Dwayne Bravo,0,1,0
2019,MI v CSK,Quinton de Kock,29,17,170.58
2019,MI v CSK,Rohit Sharma,15,14,107.14
2019,MI v CSK,Suryakumar Yadav,15,17,88.23
2019,MI v CSK,Ishan Kishan,23,26,88.46
2019,MI v CSK,Krunal Pandya,7,7,100
2019,MI v CSK,Kieron Pollard,41,25,164
2019,MI v CSK,Hardik Pandya,16,10,160
2019,MI v CSK,Rahul Chahar,0,2,0
2019,MI v CSK,Mitchell McClenaghan,0,2,0
2019,MI v CSK,Jasprit Bumrah,0,0,0
2019,MI v CSK,Faf du Plessis,26,13,200
2019,MI v CSK,Shane Watson,80,59,135.59
2019,MI v CSK,Suresh Raina,8,14,57.14
2019,MI v CSK,Ambati Rayudu,1,4,25
2019,MI v CSK,MS Dhoni,2,8,25
2019,MI v CSK,Dwayne Bravo,15,15,100
2019,MI v CSK,Ravindra Jadeja,5,5,100
2019,MI v CSK,Shardul Thakur,2,2,100
