season,match_name,fullName,runs,ballsFaced,strikeRate
2021,CSK v KKR,Ruturaj Gaikwad,32,27,118.51
2021,CSK v KKR,Faf du Plessis,86,59,145.76
2021,CSK v KKR,Robin Uthappa,31,15,206.66
2021,CSK v KKR,Moeen Ali,37,20,185
2021,CSK v KKR,Shubman Gill,51,43,118.6
2021,CSK v KKR,Venkatesh Iyer,50,32,156.25
2021,CSK v KKR,Nitish Rana,0,1,0
2021,CSK v KKR,Sunil Narine,2,2,100
2021,CSK v KKR,Eoin Morgan,4,8,50
2021,CSK v KKR,Dinesh Karthik,9,7,128.57
2021,CSK v KKR,Shakib Al Hasan,0,1,0
2021,CSK v KKR,Rahul Tripathi,2,3,66.66
2021,CSK v KKR,Lockie Ferguson,18,11,163.63
2021,CSK v KKR,Shivam Mavi,20,13,153.84
2021,CSK v KKR,Varun Chakravarthy,0,0,0
2021,DC v KKR,Prithvi Shaw,18,12,150
2021,DC v KKR,Shikhar Dhawan,36,39,92.3
2021,DC v KKR,Marcus Stoinis,18,23,78.26
2021,DC v KKR,Shreyas Iyer,30,27,111.11
2021,DC v KKR,Rishabh Pant,6,6,100
2021,DC v KKR,Shimron Hetmyer,17,10,170
2021,DC v KKR,Axar Patel,4,4,100
2021,DC v KKR,Shubman Gill,46,46,100
2021,DC v KKR,Venkatesh Iyer,55,41,134.14
2021,DC v KKR,Nitish Rana,13,12,108.33
2021,DC v KKR,Rahul Tripathi,12,11,109.09
2021,DC v KKR,Dinesh Karthik,0,3,0
2021,DC v KKR,Eoin Morgan,0,3,0
2021,DC v KKR,Shakib Al Hasan,0,2,0
2021,DC v KKR,Sunil Narine,0,1,0
2021,DC v KKR,Lockie Ferguson,0,0,0
2021,RCB v KKR,Devdutt Padikkal,21,18,116.66
2021,RCB v KKR,Virat Kohli,39,33,118.18
2021,RCB v KKR,Srikar Bharat,9,16,56.25
2021,RCB v KKR,Glenn Maxwell,15,18,83.33
2021,RCB v KKR,AB de Villiers,11,9,122.22
2021,RCB v KKR,Shahbaz Ahmed,13,14,92.85
2021,RCB v KKR,Dan Christian,9,8,112.5
2021,RCB v KKR,Harshal Patel,8,6,133.33
2021,RCB v KKR,George Garton,0,0,0
2021,RCB v KKR,Shubman Gill,29,18,161.11
2021,RCB v KKR,Venkatesh Iyer,26,30,86.66
2021,RCB v KKR,Rahul Tripathi,6,5,120
2021,RCB v KKR,Nitish Rana,23,25,92
2021,RCB v KKR,Sunil Narine,26,15,173.33
2021,RCB v KKR,Dinesh Karthik,10,12,83.33
2021,RCB v KKR,Eoin Morgan,5,7,71.42
2021,RCB v KKR,Shakib Al Hasan,9,6,150
2021,DC v CSK,Prithvi Shaw,60,34,176.47
2021,DC v CSK,Shikhar Dhawan,7,7,100
2021,DC v CSK,Shreyas Iyer,1,8,12.5
2021,DC v CSK,Axar Patel,10,11,90.9
2021,DC v CSK,Rishabh Pant,51,35,145.71
2021,DC v CSK,Shimron Hetmyer,37,24,154.16
2021,DC v CSK,Tom Curran,0,1,0
2021,DC v CSK,Ruturaj Gaikwad,70,50,140
2021,DC v CSK,Faf du Plessis,1,2,50
2021,DC v CSK,Robin Uthappa,63,44,143.18
2021,DC v CSK,Shardul Thakur,0,1,0
2021,DC v CSK,Ambati Rayudu,1,3,33.33
2021,DC v CSK,Moeen Ali,16,12,133.33
2021,DC v CSK,MS Dhoni,18,6,300
2021,DC v CSK,Ravindra Jadeja,0,0,0
2021,RCB v DC,Prithvi Shaw,48,31,154.83
2021,RCB v DC,Shikhar Dhawan,43,35,122.85
2021,RCB v DC,Rishabh Pant,10,8,125
2021,RCB v DC,Shreyas Iyer,18,18,100
2021,RCB v DC,Shimron Hetmyer,29,22,131.81
2021,RCB v DC,Ripal Patel,7,7,100
2021,RCB v DC,Virat Kohli,4,8,50
2021,RCB v DC,Devdutt Padikkal,0,1,0
2021,RCB v DC,Srikar Bharat,78,52,150
2021,RCB v DC,AB de Villiers,26,26,100
2021,RCB v DC,Glenn Maxwell,51,33,154.54
2021,SRH v MI,Rohit Sharma,18,13,138.46
2021,SRH v MI,Ishan Kishan,84,32,262.5
2021,SRH v MI,Hardik Pandya,10,8,125
2021,SRH v MI,Kieron Pollard,13,12,108.33
2021,SRH v MI,Suryakumar Yadav,82,40,205
2021,SRH v MI,James Neesham,0,1,0
2021,SRH v MI,Krunal Pandya,9,7,128.57
2021,SRH v MI,Nathan Coulter0Nile,3,3,100
2021,SRH v MI,Piyush Chawla,0,2,0
2021,SRH v MI,Jasprit Bumrah,5,2,250
2021,SRH v MI,Trent Boult,0,0,0
2021,SRH v MI,Jason Roy,34,21,161.9
2021,SRH v MI,Abhishek Sharma,33,16,206.25
2021,SRH v MI,Manish Pandey,69,41,168.29
2021,SRH v MI,Mohammad Nabi,3,4,75
2021,SRH v MI,Abdul Samad,2,3,66.66
2021,SRH v MI,Priyam Garg,29,21,138.09
2021,SRH v MI,Jason Holder,1,2,50
2021,SRH v MI,Rashid Khan,9,5,180
2021,SRH v MI,Wriddhiman Saha,2,5,40
2021,SRH v MI,Siddarth Kaul,1,3,33.33
2021,KKR v RR,Shubman Gill,56,44,127.27
2021,KKR v RR,Venkatesh Iyer,38,35,108.57
2021,KKR v RR,Nitish Rana,12,5,240
2021,KKR v RR,Rahul Tripathi,21,14,150
2021,KKR v RR,Dinesh Karthik,14,11,127.27
2021,KKR v RR,Eoin Morgan,13,11,118.18
2021,KKR v RR,Yashasvi Jaiswal,0,3,0
2021,KKR v RR,Liam Livingstone,6,6,100
2021,KKR v RR,Sanju Samson,1,4,25
2021,KKR v RR,Shivam Dube,18,20,90
2021,KKR v RR,Anuj Rawat,0,1,0
2021,KKR v RR,Glenn Phillips,8,12,66.66
2021,KKR v RR,Rahul Tewatia,44,36,122.22
2021,KKR v RR,Chris Morris,0,2,0
2021,KKR v RR,Jaydev Unadkat,6,5,120
2021,KKR v RR,Chetan Sakariya,1,5,20
2021,KKR v RR,Mustafizur Rahman,0,3,0
2021,CSK v PBKS,Ruturaj Gaikwad,12,14,85.71
2021,CSK v PBKS,Faf du Plessis,76,55,138.18
2021,CSK v PBKS,Moeen Ali,0,6,0
2021,CSK v PBKS,Robin Uthappa,2,6,33.33
2021,CSK v PBKS,Ambati Rayudu,4,5,80
2021,CSK v PBKS,MS Dhoni,12,15,80
2021,CSK v PBKS,Ravindra Jadeja,15,17,88.23
2021,CSK v PBKS,Dwayne Bravo,4,2,200
2021,CSK v PBKS,KL Rahul,98,42,233.33
2021,CSK v PBKS,Mayank Agarwal,12,12,100
2021,CSK v PBKS,Sarfaraz Khan,0,3,0
2021,CSK v PBKS,M Shahrukh Khan,8,10,80
2021,CSK v PBKS,Aiden Markram,13,8,162.5
2021,CSK v PBKS,Moises Henriques,3,3,100
2021,RCB v SRH,Jason Roy,44,38,115.78
2021,RCB v SRH,Abhishek Sharma,13,10,130
2021,RCB v SRH,Kane Williamson,31,29,106.89
2021,RCB v SRH,Priyam Garg,15,11,136.36
2021,RCB v SRH,Abdul Samad,1,3,33.33
2021,RCB v SRH,Wriddhiman Saha,10,8,125
2021,RCB v SRH,Jason Holder,16,13,123.07
2021,RCB v SRH,Rashid Khan,7,9,77.77
2021,RCB v SRH,Virat Kohli,5,4,125
2021,RCB v SRH,Devdutt Padikkal,41,52,78.84
2021,RCB v SRH,Dan Christian,1,4,25
2021,RCB v SRH,Srikar Bharat,12,10,120
2021,RCB v SRH,Glenn Maxwell,40,25,160
2021,RCB v SRH,AB de Villiers,19,13,146.15
2021,RCB v SRH,Shahbaz Ahmed,14,9,155.55
2021,RCB v SRH,George Garton,2,3,66.66
2021,RR v MI,Evin Lewis,24,19,126.31
2021,RR v MI,Yashasvi Jaiswal,12,9,133.33
2021,RR v MI,Sanju Samson,3,6,50
2021,RR v MI,Shivam Dube,3,8,37.5
2021,RR v MI,Glenn Phillips,4,13,30.76
2021,RR v MI,David Miller,15,23,65.21
2021,RR v MI,Rahul Tewatia,12,20,60
2021,RR v MI,Shreyas Gopal,0,1,0
2021,RR v MI,Chetan Sakariya,6,11,54.54
2021,RR v MI,Kuldip Yadav,0,4,0
2021,RR v MI,Mustafizur Rahman,8,7,114.28
2021,RR v MI,Rohit Sharma,22,13,169.23
2021,RR v MI,Ishan Kishan,50,25,200
2021,RR v MI,Suryakumar Yadav,13,8,162.5
2021,RR v MI,Hardik Pandya,5,6,83.33
2021,DC v CSK,Ruturaj Gaikwad,13,13,100
2021,DC v CSK,Faf du Plessis,10,8,125
2021,DC v CSK,Robin Uthappa,19,19,100
2021,DC v CSK,Moeen Ali,5,8,62.5
2021,DC v CSK,Ambati Rayudu,55,43,127.9
2021,DC v CSK,MS Dhoni,18,27,66.66
2021,DC v CSK,Ravindra Jadeja,1,2,50
2021,DC v CSK,Prithvi Shaw,18,12,150
2021,DC v CSK,Shikhar Dhawan,39,35,111.42
2021,DC v CSK,Shreyas Iyer,2,7,28.57
2021,DC v CSK,Rishabh Pant,15,12,125
2021,DC v CSK,Ripal Patel,18,20,90
2021,DC v CSK,Ravichandran Ashwin,2,3,66.66
2021,DC v CSK,Shimron Hetmyer,28,18,155.55
2021,DC v CSK,Axar Patel,5,10,50
2021,DC v CSK,Kagiso Rabada,4,1,400
2021,KKR v SRH,Jason Roy,10,13,76.92
2021,KKR v SRH,Wriddhiman Saha,0,1,0
2021,KKR v SRH,Kane Williamson,26,21,123.8
2021,KKR v SRH,Priyam Garg,21,31,67.74
2021,KKR v SRH,Abhishek Sharma,6,10,60
2021,KKR v SRH,Abdul Samad,25,18,138.88
2021,KKR v SRH,Jason Holder,2,9,22.22
2021,KKR v SRH,Rashid Khan,8,6,133.33
2021,KKR v SRH,Bhuvneshwar Kumar,7,7,100
2021,KKR v SRH,Siddarth Kaul,7,5,140
2021,KKR v SRH,Shubman Gill,57,51,111.76
2021,KKR v SRH,Venkatesh Iyer,8,14,57.14
2021,KKR v SRH,Rahul Tripathi,7,6,116.66
2021,KKR v SRH,Nitish Rana,25,33,75.75
2021,KKR v SRH,Dinesh Karthik,18,12,150
2021,KKR v SRH,Eoin Morgan,2,2,100
2021,RCB v PBKS,Virat Kohli,25,24,104.16
2021,RCB v PBKS,Devdutt Padikkal,40,38,105.26
2021,RCB v PBKS,Dan Christian,0,1,0
2021,RCB v PBKS,Glenn Maxwell,57,33,172.72
2021,RCB v PBKS,AB de Villiers,23,18,127.77
2021,RCB v PBKS,Shahbaz Ahmed,8,4,200
2021,RCB v PBKS,Srikar Bharat,0,0,0
2021,RCB v PBKS,George Garton,0,1,0
2021,RCB v PBKS,Harshal Patel,1,1,100
2021,RCB v PBKS,KL Rahul,39,35,111.42
2021,RCB v PBKS,Mayank Agarwal,57,42,135.71
2021,RCB v PBKS,Nicholas Pooran,3,7,42.85
2021,RCB v PBKS,Aiden Markram,20,14,142.85
2021,RCB v PBKS,Sarfaraz Khan,0,1,0
2021,RCB v PBKS,M Shahrukh Khan,16,11,145.45
2021,RCB v PBKS,Moises Henriques,12,9,133.33
2021,RCB v PBKS,Harpreet Brar,3,2,150
2021,RR v CSK,Ruturaj Gaikwad,101,60,168.33
2021,RR v CSK,Faf du Plessis,25,19,131.57
2021,RR v CSK,Suresh Raina,3,5,60
2021,RR v CSK,Moeen Ali,21,17,123.52
2021,RR v CSK,Ambati Rayudu,2,4,50
2021,RR v CSK,Ravindra Jadeja,32,15,213.33
2021,RR v CSK,Evin Lewis,27,12,225
2021,RR v CSK,Yashasvi Jaiswal,50,21,238.09
2021,RR v CSK,Sanju Samson,28,24,116.66
2021,RR v CSK,Shivam Dube,64,42,152.38
2021,RR v CSK,Glenn Phillips,14,8,175
2021,MI v DC,Rohit Sharma,7,10,70
2021,MI v DC,Quinton de Kock,19,18,105.55
2021,MI v DC,Suryakumar Yadav,33,26,126.92
2021,MI v DC,Saurabh Tiwary,15,18,83.33
2021,MI v DC,Kieron Pollard,6,9,66.66
2021,MI v DC,Hardik Pandya,17,18,94.44
2021,MI v DC,Krunal Pandya,13,15,86.66
2021,MI v DC,Nathan Coulter0Nile,1,2,50
2021,MI v DC,Jayant Yadav,11,4,275
2021,MI v DC,Jasprit Bumrah,1,1,100
2021,MI v DC,Prithvi Shaw,6,7,85.71
2021,MI v DC,Shikhar Dhawan,8,7,114.28
2021,MI v DC,Steven Smith,9,8,112.5
2021,MI v DC,Rishabh Pant,26,22,118.18
2021,MI v DC,Shreyas Iyer,33,33,100
2021,MI v DC,Axar Patel,9,9,100
2021,MI v DC,Shimron Hetmyer,15,8,187.5
2021,MI v DC,Ravichandran Ashwin,20,21,95.23
2021,KKR v PBKS,Venkatesh Iyer,67,49,136.73
2021,KKR v PBKS,Shubman Gill,7,7,100
2021,KKR v PBKS,Rahul Tripathi,34,26,130.76
2021,KKR v PBKS,Nitish Rana,31,18,172.22
2021,KKR v PBKS,Eoin Morgan,2,2,100
2021,KKR v PBKS,Dinesh Karthik,11,11,100
2021,KKR v PBKS,Tim Seifert,2,4,50
2021,KKR v PBKS,Sunil Narine,3,3,100
2021,KKR v PBKS,KL Rahul,67,55,121.81
2021,KKR v PBKS,Mayank Agarwal,40,27,148.14
2021,KKR v PBKS,Nicholas Pooran,12,7,171.42
2021,KKR v PBKS,Aiden Markram,18,16,112.5
2021,KKR v PBKS,Deepak Hooda,3,4,75
2021,KKR v PBKS,M Shahrukh Khan,22,9,244.44
2021,KKR v PBKS,Fabian Allen,0,0,0
2021,SRH v CSK,Jason Roy,2,7,28.57
2021,SRH v CSK,Wriddhiman Saha,44,46,95.65
2021,SRH v CSK,Kane Williamson,11,11,100
2021,SRH v CSK,Priyam Garg,7,10,70
2021,SRH v CSK,Abhishek Sharma,18,13,138.46
2021,SRH v CSK,Abdul Samad,18,14,128.57
2021,SRH v CSK,Jason Holder,5,5,100
2021,SRH v CSK,Rashid Khan,17,13,130.76
2021,SRH v CSK,Bhuvneshwar Kumar,2,2,100
2021,SRH v CSK,Ruturaj Gaikwad,45,38,118.42
2021,SRH v CSK,Faf du Plessis,41,36,113.88
2021,SRH v CSK,Moeen Ali,17,17,100
2021,SRH v CSK,Suresh Raina,2,3,66.66
2021,SRH v CSK,Ambati Rayudu,17,13,130.76
2021,SRH v CSK,MS Dhoni,14,11,127.27
2021,RR v RCB,Evin Lewis,58,37,156.75
2021,RR v RCB,Yashasvi Jaiswal,31,22,140.9
2021,RR v RCB,Sanju Samson,19,15,126.66
2021,RR v RCB,Mahipal Lomror,3,4,75
2021,RR v RCB,Liam Livingstone,6,9,66.66
2021,RR v RCB,Rahul Tewatia,2,3,66.66
2021,RR v RCB,Riyan Parag,9,16,56.25
2021,RR v RCB,Chris Morris,14,11,127.27
2021,RR v RCB,Chetan Sakariya,2,2,100
2021,RR v RCB,Kartik Tyagi,1,1,100
2021,RR v RCB,Virat Kohli,25,20,125
2021,RR v RCB,Devdutt Padikkal,22,17,129.41
2021,RR v RCB,Srikar Bharat,44,35,125.71
2021,RR v RCB,Glenn Maxwell,50,30,166.66
2021,RR v RCB,AB de Villiers,4,1,400
2021,MI v PBKS,KL Rahul,21,22,95.45
2021,MI v PBKS,Mandeep Singh,15,14,107.14
2021,MI v PBKS,Chris Gayle,1,4,25
2021,MI v PBKS,Aiden Markram,42,29,144.82
2021,MI v PBKS,Nicholas Pooran,2,3,66.66
2021,MI v PBKS,Deepak Hooda,28,26,107.69
2021,MI v PBKS,Harpreet Brar,14,19,73.68
2021,MI v PBKS,Nathan Ellis,6,4,150
2021,MI v PBKS,Rohit Sharma,8,10,80
2021,MI v PBKS,Quinton de Kock,27,29,93.1
2021,MI v PBKS,Suryakumar Yadav,0,1,0
2021,MI v PBKS,Saurabh Tiwary,45,37,121.62
2021,MI v PBKS,Hardik Pandya,40,30,133.33
2021,MI v PBKS,Kieron Pollard,15,7,214.28
2021,KKR v DC,Steven Smith,39,34,114.7
2021,KKR v DC,Shikhar Dhawan,24,20,120
2021,KKR v DC,Shreyas Iyer,1,5,20
2021,KKR v DC,Rishabh Pant,39,36,108.33
2021,KKR v DC,Shimron Hetmyer,4,5,80
2021,KKR v DC,Lalit Yadav,0,3,0
2021,KKR v DC,Axar Patel,0,5,0
2021,KKR v DC,Ravichandran Ashwin,9,8,112.5
2021,KKR v DC,Kagiso Rabada,0,1,0
2021,KKR v DC,Avesh Khan,5,3,166.66
2021,KKR v DC,Shubman Gill,30,33,90.9
2021,KKR v DC,Venkatesh Iyer,14,15,93.33
2021,KKR v DC,Rahul Tripathi,9,5,180
2021,KKR v DC,Nitish Rana,36,27,133.33
2021,KKR v DC,Eoin Morgan,0,2,0
2021,KKR v DC,Dinesh Karthik,12,14,85.71
2021,KKR v DC,Sunil Narine,21,10,210
2021,KKR v DC,Tim Southee,3,5,60
2021,KKR v DC,Lockie Ferguson,0,0,0
2021,SRH v RR,Evin Lewis,6,4,150
2021,SRH v RR,Yashasvi Jaiswal,36,23,156.52
2021,SRH v RR,Sanju Samson,82,57,143.85
2021,SRH v RR,Liam Livingstone,4,6,66.66
2021,SRH v RR,Mahipal Lomror,29,28,103.57
2021,SRH v RR,Riyan Parag,0,1,0
2021,SRH v RR,Rahul Tewatia,0,1,0
2021,SRH v RR,Jason Roy,60,42,142.85
2021,SRH v RR,Wriddhiman Saha,18,11,163.63
2021,SRH v RR,Kane Williamson,51,41,124.39
2021,SRH v RR,Priyam Garg,0,1,0
2021,SRH v RR,Abhishek Sharma,21,16,131.25
2021,RCB v MI,Virat Kohli,51,42,121.42
2021,RCB v MI,Devdutt Padikkal,0,4,0
2021,RCB v MI,Srikar Bharat,32,24,133.33
2021,RCB v MI,Glenn Maxwell,56,37,151.35
2021,RCB v MI,AB de Villiers,11,6,183.33
2021,RCB v MI,Dan Christian,1,3,33.33
2021,RCB v MI,Shahbaz Ahmed,1,3,33.33
2021,RCB v MI,Kyle Jamieson,2,2,100
2021,RCB v MI,Rohit Sharma,43,28,153.57
2021,RCB v MI,Quinton de Kock,24,23,104.34
2021,RCB v MI,Ishan Kishan,9,12,75
2021,RCB v MI,Suryakumar Yadav,8,9,88.88
2021,RCB v MI,Krunal Pandya,5,11,45.45
2021,RCB v MI,Kieron Pollard,7,10,70
2021,RCB v MI,Hardik Pandya,3,6,50
2021,RCB v MI,Adam Milne,0,1,0
2021,RCB v MI,Rahul Chahar,0,1,0
2021,RCB v MI,Jasprit Bumrah,5,6,83.33
2021,RCB v MI,Trent Boult,0,3,0
2021,CSK v KKR,Shubman Gill,9,5,180
2021,CSK v KKR,Venkatesh Iyer,18,15,120
2021,CSK v KKR,Rahul Tripathi,45,33,136.36
2021,CSK v KKR,Eoin Morgan,8,14,57.14
2021,CSK v KKR,Nitish Rana,37,27,137.03
2021,CSK v KKR,Andre Russell,20,15,133.33
2021,CSK v KKR,Dinesh Karthik,26,11,236.36
2021,CSK v KKR,Sunil Narine,0,1,0
2021,CSK v KKR,Ruturaj Gaikwad,40,28,142.85
2021,CSK v KKR,Faf du Plessis,43,30,143.33
2021,CSK v KKR,Moeen Ali,32,28,114.28
2021,CSK v KKR,Ambati Rayudu,10,9,111.11
2021,CSK v KKR,Suresh Raina,11,7,157.14
2021,CSK v KKR,MS Dhoni,1,4,25
2021,CSK v KKR,Ravindra Jadeja,22,8,275
2021,CSK v KKR,Sam Curran,4,4,100
2021,CSK v KKR,Shardul Thakur,3,2,150
2021,CSK v KKR,Deepak Chahar,1,1,100
2021,SRH v PBKS,KL Rahul,21,21,100
2021,SRH v PBKS,Mayank Agarwal,5,6,83.33
2021,SRH v PBKS,Chris Gayle,14,17,82.35
2021,SRH v PBKS,Aiden Markram,27,32,84.37
2021,SRH v PBKS,Nicholas Pooran,8,4,200
2021,SRH v PBKS,Deepak Hooda,13,10,130
2021,SRH v PBKS,Harpreet Brar,18,18,100
2021,SRH v PBKS,Nathan Ellis,12,12,100
2021,SRH v PBKS,Mohammed Shami,0,0,0
2021,SRH v PBKS,David Warner,2,3,66.66
2021,SRH v PBKS,Wriddhiman Saha,31,37,83.78
2021,SRH v PBKS,Kane Williamson,1,6,16.66
2021,SRH v PBKS,Manish Pandey,13,23,56.52
2021,SRH v PBKS,Kedar Jadhav,12,12,100
2021,SRH v PBKS,Abdul Samad,1,2,50
2021,SRH v PBKS,Jason Holder,47,29,162.06
2021,SRH v PBKS,Rashid Khan,3,4,75
2021,SRH v PBKS,Bhuvneshwar Kumar,3,4,75
2021,DC v RR,Prithvi Shaw,10,12,83.33
2021,DC v RR,Shikhar Dhawan,8,8,100
2021,DC v RR,Shreyas Iyer,43,32,134.37
2021,DC v RR,Rishabh Pant,24,24,100
2021,DC v RR,Shimron Hetmyer,28,16,175
2021,DC v RR,Lalit Yadav,14,15,93.33
2021,DC v RR,Axar Patel,12,7,171.42
2021,DC v RR,Ravichandran Ashwin,6,6,100
2021,DC v RR,Liam Livingstone,1,3,33.33
2021,DC v RR,Yashasvi Jaiswal,5,4,125
2021,DC v RR,Sanju Samson,70,53,132.07
2021,DC v RR,David Miller,7,10,70
2021,DC v RR,Mahipal Lomror,19,24,79.16
2021,DC v RR,Riyan Parag,2,7,28.57
2021,DC v RR,Rahul Tewatia,9,15,60
2021,DC v RR,Tabraiz Shamsi,2,4,50
2021,RCB v CSK,Virat Kohli,53,41,129.26
2021,RCB v CSK,Devdutt Padikkal,70,50,140
2021,RCB v CSK,AB de Villiers,12,11,109.09
2021,RCB v CSK,Glenn Maxwell,11,9,122.22
2021,RCB v CSK,Tim David,1,3,33.33
2021,RCB v CSK,Harshal Patel,3,5,60
2021,RCB v CSK,Wanindu Hasaranga de Silva,1,1,100
2021,RCB v CSK,Ruturaj Gaikwad,38,26,146.15
2021,RCB v CSK,Faf du Plessis,31,26,119.23
2021,RCB v CSK,Moeen Ali,23,18,127.77
2021,RCB v CSK,Ambati Rayudu,32,22,145.45
2021,RCB v CSK,Suresh Raina,17,10,170
2021,RCB v CSK,MS Dhoni,11,9,122.22
2021,MI v KKR,Rohit Sharma,33,30,110
2021,MI v KKR,Quinton de Kock,55,42,130.95
2021,MI v KKR,Suryakumar Yadav,5,10,50
2021,MI v KKR,Ishan Kishan,14,13,107.69
2021,MI v KKR,Kieron Pollard,21,15,140
2021,MI v KKR,Krunal Pandya,12,9,133.33
2021,MI v KKR,Saurabh Tiwary,5,2,250
2021,MI v KKR,Adam Milne,1,1,100
2021,MI v KKR,Shubman Gill,13,9,144.44
2021,MI v KKR,Venkatesh Iyer,53,30,176.66
2021,MI v KKR,Rahul Tripathi,74,42,176.19
2021,MI v KKR,Eoin Morgan,7,8,87.5
2021,MI v KKR,Nitish Rana,5,2,250
2021,DC v SRH,David Warner,0,3,0
2021,DC v SRH,Wriddhiman Saha,18,17,105.88
2021,DC v SRH,Kane Williamson,18,26,69.23
2021,DC v SRH,Manish Pandey,17,16,106.25
2021,DC v SRH,Kedar Jadhav,3,8,37.5
2021,DC v SRH,Abdul Samad,28,21,133.33
2021,DC v SRH,Jason Holder,10,9,111.11
2021,DC v SRH,Rashid Khan,22,19,115.78
2021,DC v SRH,Bhuvneshwar Kumar,5,3,166.66
2021,DC v SRH,Sandeep Sharma,0,1,0
2021,DC v SRH,Prithvi Shaw,11,8,137.5
2021,DC v SRH,Shikhar Dhawan,42,37,113.51
2021,DC v SRH,Shreyas Iyer,47,41,114.63
2021,DC v SRH,Rishabh Pant,35,21,166.66
2021,PBKS v RR,Evin Lewis,36,21,171.42
2021,PBKS v RR,Yashasvi Jaiswal,49,36,136.11
2021,PBKS v RR,Sanju Samson,4,5,80
2021,PBKS v RR,Liam Livingstone,25,17,147.05
2021,PBKS v RR,Mahipal Lomror,43,17,252.94
2021,PBKS v RR,Riyan Parag,4,5,80
2021,PBKS v RR,Rahul Tewatia,2,5,40
2021,PBKS v RR,Chris Morris,5,5,100
2021,PBKS v RR,Chetan Sakariya,7,6,116.66
2021,PBKS v RR,Kartik Tyagi,1,3,33.33
2021,PBKS v RR,Mustafizur Rahman,0,0,0
2021,PBKS v RR,KL Rahul,49,33,148.48
2021,PBKS v RR,Mayank Agarwal,67,43,155.81
2021,PBKS v RR,Aiden Markram,26,20,130
2021,PBKS v RR,Nicholas Pooran,32,22,145.45
2021,PBKS v RR,Deepak Hooda,0,2,0
2021,PBKS v RR,Fabian Allen,0,1,0
2021,KKR v RCB,Virat Kohli,5,4,125
2021,KKR v RCB,Devdutt Padikkal,22,20,110
2021,KKR v RCB,Srikar Bharat,16,19,84.21
2021,KKR v RCB,Glenn Maxwell,10,17,58.82
2021,KKR v RCB,AB de Villiers,0,1,0
2021,KKR v RCB,Sachin Baby,7,17,41.17
2021,KKR v RCB,Wanindu Hasaranga de Silva,0,1,0
2021,KKR v RCB,Kyle Jamieson,4,12,33.33
2021,KKR v RCB,Harshal Patel,12,10,120
2021,KKR v RCB,Mohammed Siraj,8,10,80
2021,KKR v RCB,Yuzvendra Chahal,2,6,33.33
2021,KKR v RCB,Shubman Gill,48,34,141.17
2021,KKR v RCB,Venkatesh Iyer,41,27,151.85
2021,KKR v RCB,Andre Russell,0,0,0
2021,CSK v MI,Ruturaj Gaikwad,88,58,151.72
2021,CSK v MI,Faf du Plessis,0,3,0
2021,CSK v MI,Moeen Ali,0,3,0
2021,CSK v MI,Ambati Rayudu,0,3,0
2021,CSK v MI,Suresh Raina,4,6,66.66
2021,CSK v MI,MS Dhoni,3,5,60
2021,CSK v MI,Ravindra Jadeja,26,33,78.78
2021,CSK v MI,Dwayne Bravo,23,8,287.5
2021,CSK v MI,Shardul Thakur,1,1,100
2021,CSK v MI,Quinton de Kock,17,12,141.66
2021,CSK v MI,Anmolpreet Singh,16,14,114.28
2021,CSK v MI,Suryakumar Yadav,3,7,42.85
2021,CSK v MI,Ishan Kishan,11,10,110
2021,CSK v MI,Saurabh Tiwary,50,40,125
2021,CSK v MI,Kieron Pollard,15,14,107.14
2021,CSK v MI,Krunal Pandya,4,5,80
2021,CSK v MI,Adam Milne,15,15,100
2021,CSK v MI,Rahul Chahar,0,1,0
2021,CSK v MI,Jasprit Bumrah,1,2,50
2021,PBKS v DC,Prabhsimran Singh,12,16,75
2021,PBKS v DC,Mayank Agarwal,99,58,170.68
2021,PBKS v DC,Chris Gayle,13,9,144.44
2021,PBKS v DC,Dawid Malan,26,26,100
2021,PBKS v DC,Deepak Hooda,1,1,100
2021,PBKS v DC,M Shahrukh Khan,4,5,80
2021,PBKS v DC,Chris Jordan,2,3,66.66
2021,PBKS v DC,Harpreet Brar,4,2,200
2021,PBKS v DC,Prithvi Shaw,39,22,177.27
2021,PBKS v DC,Shikhar Dhawan,69,47,146.8
2021,PBKS v DC,Steven Smith,24,22,109.09
2021,PBKS v DC,Rishabh Pant,14,11,127.27
2021,PBKS v DC,Shimron Hetmyer,16,4,400
2021,RR v SRH,Jos Buttler,124,64,193.75
2021,RR v SRH,Yashasvi Jaiswal,12,13,92.3
2021,RR v SRH,Sanju Samson,48,33,145.45
2021,RR v SRH,Riyan Parag,15,8,187.5
2021,RR v SRH,David Miller,7,3,233.33
2021,RR v SRH,Manish Pandey,31,20,155
2021,RR v SRH,Jonny Bairstow,30,21,142.85
2021,RR v SRH,Kane Williamson,20,21,95.23
2021,RR v SRH,Vijay Shankar,8,8,100
2021,RR v SRH,Kedar Jadhav,19,19,100
2021,RR v SRH,Mohammad Nabi,17,5,340
2021,RR v SRH,Abdul Samad,10,8,125
2021,RR v SRH,Rashid Khan,0,2,0
2021,RR v SRH,Bhuvneshwar Kumar,14,10,140
2021,RR v SRH,Sandeep Sharma,8,6,133.33
2021,MI v CSK,Ruturaj Gaikwad,4,4,100
2021,MI v CSK,Faf du Plessis,50,28,178.57
2021,MI v CSK,Moeen Ali,58,36,161.11
2021,MI v CSK,Suresh Raina,2,4,50
2021,MI v CSK,Ambati Rayudu,72,27,266.66
2021,MI v CSK,Ravindra Jadeja,22,22,100
2021,MI v CSK,Quinton de Kock,38,28,135.71
2021,MI v CSK,Rohit Sharma,35,24,145.83
2021,MI v CSK,Suryakumar Yadav,3,3,100
2021,MI v CSK,Krunal Pandya,32,23,139.13
2021,MI v CSK,Kieron Pollard,87,34,255.88
2021,MI v CSK,Hardik Pandya,16,7,228.57
2021,MI v CSK,James Neesham,0,1,0
2021,MI v CSK,Dhawal Kulkarni,0,0,0
2021,PBKS v RCB,KL Rahul,91,57,159.64
2021,PBKS v RCB,Prabhsimran Singh,7,7,100
2021,PBKS v RCB,Chris Gayle,46,24,191.66
2021,PBKS v RCB,Nicholas Pooran,0,3,0
2021,PBKS v RCB,Deepak Hooda,5,9,55.55
2021,PBKS v RCB,M Shahrukh Khan,0,3,0
2021,PBKS v RCB,Harpreet Brar,25,17,147.05
2021,PBKS v RCB,Virat Kohli,35,34,102.94
2021,PBKS v RCB,Devdutt Padikkal,7,6,116.66
2021,PBKS v RCB,Rajat Patidar,31,30,103.33
2021,PBKS v RCB,Glenn Maxwell,0,1,0
2021,PBKS v RCB,AB de Villiers,3,9,33.33
2021,PBKS v RCB,Shahbaz Ahmed,8,11,72.72
2021,PBKS v RCB,Daniel Sams,3,4,75
2021,PBKS v RCB,Kyle Jamieson,16,11,145.45
2021,PBKS v RCB,Harshal Patel,31,13,238.46
2021,PBKS v RCB,Mohammed Siraj,0,1,0
2021,DC v KKR,Nitish Rana,15,12,125
2021,DC v KKR,Shubman Gill,43,38,113.15
2021,DC v KKR,Rahul Tripathi,19,17,111.76
2021,DC v KKR,Eoin Morgan,0,2,0
2021,DC v KKR,Sunil Narine,0,1,0
2021,DC v KKR,Andre Russell,45,27,166.66
2021,DC v KKR,Dinesh Karthik,14,10,140
2021,DC v KKR,Pat Cummins,11,13,84.61
2021,DC v KKR,Prithvi Shaw,82,41,200
2021,DC v KKR,Shikhar Dhawan,46,47,97.87
2021,DC v KKR,Rishabh Pant,16,8,200
2021,DC v KKR,Marcus Stoinis,6,3,200
2021,DC v KKR,Shimron Hetmyer,0,1,0
2021,MI v RR,Jos Buttler,41,32,128.12
2021,MI v RR,Yashasvi Jaiswal,32,20,160
2021,MI v RR,Sanju Samson,42,27,155.55
2021,MI v RR,Shivam Dube,35,31,112.9
2021,MI v RR,David Miller,7,4,175
2021,MI v RR,Riyan Parag,8,7,114.28
2021,MI v RR,Rohit Sharma,14,17,82.35
2021,MI v RR,Quinton de Kock,70,50,140
2021,MI v RR,Suryakumar Yadav,16,10,160
2021,MI v RR,Krunal Pandya,39,26,150
2021,MI v RR,Kieron Pollard,16,8,200
2021,CSK v SRH,David Warner,57,55,103.63
2021,CSK v SRH,Jonny Bairstow,7,5,140
2021,CSK v SRH,Manish Pandey,61,46,132.6
2021,CSK v SRH,Kane Williamson,26,10,260
2021,CSK v SRH,Kedar Jadhav,12,4,300
2021,CSK v SRH,Ruturaj Gaikwad,75,44,170.45
2021,CSK v SRH,Faf du Plessis,56,38,147.36
2021,CSK v SRH,Moeen Ali,15,8,187.5
2021,CSK v SRH,Ravindra Jadeja,7,6,116.66
2021,CSK v SRH,Suresh Raina,17,15,113.33
2021,DC v RCB,Virat Kohli,12,11,109.09
2021,DC v RCB,Devdutt Padikkal,17,14,121.42
2021,DC v RCB,Rajat Patidar,31,22,140.9
2021,DC v RCB,Glenn Maxwell,25,20,125
2021,DC v RCB,AB de Villiers,75,42,178.57
2021,DC v RCB,Washington Sundar,6,9,66.66
2021,DC v RCB,Daniel Sams,3,2,150
2021,DC v RCB,Prithvi Shaw,21,18,116.66
2021,DC v RCB,Shikhar Dhawan,6,7,85.71
2021,DC v RCB,Steven Smith,4,5,80
2021,DC v RCB,Rishabh Pant,58,48,120.83
2021,DC v RCB,Marcus Stoinis,22,17,129.41
2021,DC v RCB,Shimron Hetmyer,53,25,212
2021,PBKS v KKR,KL Rahul,19,20,95
2021,PBKS v KKR,Mayank Agarwal,31,34,91.17
2021,PBKS v KKR,Chris Gayle,0,1,0
2021,PBKS v KKR,Deepak Hooda,1,4,25
2021,PBKS v KKR,Nicholas Pooran,19,19,100
2021,PBKS v KKR,Moises Henriques,2,3,66.66
2021,PBKS v KKR,M Shahrukh Khan,13,14,92.85
2021,PBKS v KKR,Chris Jordan,30,18,166.66
2021,PBKS v KKR,Ravi Bishnoi,1,4,25
2021,PBKS v KKR,Mohammed Shami,1,2,50
2021,PBKS v KKR,Arshdeep Singh,1,1,100
2021,PBKS v KKR,Shubman Gill,9,8,112.5
2021,PBKS v KKR,Nitish Rana,0,1,0
2021,PBKS v KKR,Rahul Tripathi,41,32,128.12
2021,PBKS v KKR,Sunil Narine,0,4,0
2021,PBKS v KKR,Eoin Morgan,47,40,117.5
2021,PBKS v KKR,Andre Russell,10,9,111.11
2021,PBKS v KKR,Dinesh Karthik,12,6,200
2021,SRH v DC,Prithvi Shaw,53,39,135.89
2021,SRH v DC,Shikhar Dhawan,28,26,107.69
2021,SRH v DC,Rishabh Pant,37,27,137.03
2021,SRH v DC,Steven Smith,34,25,136
2021,SRH v DC,Shimron Hetmyer,1,2,50
2021,SRH v DC,Marcus Stoinis,2,2,100
2021,SRH v DC,David Warner,6,8,75
2021,SRH v DC,Jonny Bairstow,38,18,211.11
2021,SRH v DC,Kane Williamson,66,51,129.41
2021,SRH v DC,Virat Singh,4,14,28.57
2021,SRH v DC,Kedar Jadhav,9,9,100
2021,SRH v DC,Abhishek Sharma,5,6,83.33
2021,SRH v DC,Rashid Khan,0,1,0
2021,SRH v DC,Vijay Shankar,8,7,114.28
2021,SRH v DC,Jagadeesha Suchith,14,6,233.33
2021,CSK v RCB,Ruturaj Gaikwad,33,25,132
2021,CSK v RCB,Faf du Plessis,50,41,121.95
2021,CSK v RCB,Suresh Raina,24,18,133.33
2021,CSK v RCB,Ambati Rayudu,14,7,200
2021,CSK v RCB,Ravindra Jadeja,62,28,221.42
2021,CSK v RCB,MS Dhoni,2,3,66.66
2021,CSK v RCB,Virat Kohli,8,7,114.28
2021,CSK v RCB,Devdutt Padikkal,34,15,226.66
2021,CSK v RCB,Washington Sundar,7,11,63.63
2021,CSK v RCB,Glenn Maxwell,22,15,146.66
2021,CSK v RCB,AB de Villiers,4,9,44.44
2021,CSK v RCB,Dan Christian,1,3,33.33
2021,CSK v RCB,Kyle Jamieson,16,13,123.07
2021,CSK v RCB,Harshal Patel,0,8,0
2021,CSK v RCB,Navdeep Saini,2,4,50
2021,CSK v RCB,Yuzvendra Chahal,8,21,38.09
2021,CSK v RCB,Mohammed Siraj,12,14,85.71
2021,RR v KKR,Nitish Rana,22,25,88
2021,RR v KKR,Shubman Gill,11,19,57.89
2021,RR v KKR,Rahul Tripathi,36,26,138.46
2021,RR v KKR,Sunil Narine,6,7,85.71
2021,RR v KKR,Eoin Morgan,0,0,0
2021,RR v KKR,Dinesh Karthik,25,24,104.16
2021,RR v KKR,Andre Russell,9,7,128.57
2021,RR v KKR,Pat Cummins,10,6,166.66
2021,RR v KKR,Shivam Mavi,5,7,71.42
2021,RR v KKR,Prasidh Krishna,0,0,0
2021,RR v KKR,Jos Buttler,5,7,71.42
2021,RR v KKR,Yashasvi Jaiswal,22,17,129.41
2021,RR v KKR,Sanju Samson,42,41,102.43
2021,RR v KKR,Shivam Dube,22,18,122.22
2021,RR v KKR,Rahul Tewatia,5,8,62.5
2021,RR v KKR,David Miller,24,23,104.34
2021,PBKS v MI,Quinton de Kock,3,5,60
2021,PBKS v MI,Rohit Sharma,63,52,121.15
2021,PBKS v MI,Ishan Kishan,6,17,35.29
2021,PBKS v MI,Suryakumar Yadav,33,27,122.22
2021,PBKS v MI,Kieron Pollard,16,12,133.33
2021,PBKS v MI,Hardik Pandya,1,4,25
2021,PBKS v MI,Krunal Pandya,3,3,100
2021,PBKS v MI,Jayant Yadav,0,0,0
2021,PBKS v MI,KL Rahul,60,52,115.38
2021,PBKS v MI,Mayank Agarwal,25,20,125
2021,PBKS v MI,Chris Gayle,43,35,122.85
2021,RCB v RR,Jos Buttler,8,8,100
2021,RCB v RR,Manan Vohra,7,9,77.77
2021,RCB v RR,Sanju Samson,21,18,116.66
2021,RCB v RR,David Miller,0,2,0
2021,RCB v RR,Shivam Dube,46,32,143.75
2021,RCB v RR,Riyan Parag,25,16,156.25
2021,RCB v RR,Rahul Tewatia,40,23,173.91
2021,RCB v RR,Chris Morris,10,7,142.85
2021,RCB v RR,Shreyas Gopal,7,4,175
2021,RCB v RR,Chetan Sakariya,0,1,0
2021,RCB v RR,Mustafizur Rahman,0,0,0
2021,RCB v RR,Virat Kohli,72,47,153.19
2021,RCB v RR,Devdutt Padikkal,101,52,194.23
2021,KKR v CSK,Ruturaj Gaikwad,64,42,152.38
2021,KKR v CSK,Faf du Plessis,95,60,158.33
2021,KKR v CSK,Moeen Ali,25,12,208.33
2021,KKR v CSK,MS Dhoni,17,8,212.5
2021,KKR v CSK,Ravindra Jadeja,6,1,600
2021,KKR v CSK,Nitish Rana,9,12,75
2021,KKR v CSK,Shubman Gill,0,1,0
2021,KKR v CSK,Rahul Tripathi,8,9,88.88
2021,KKR v CSK,Eoin Morgan,7,7,100
2021,KKR v CSK,Sunil Narine,4,3,133.33
2021,KKR v CSK,Dinesh Karthik,40,24,166.66
2021,KKR v CSK,Andre Russell,54,22,245.45
2021,KKR v CSK,Pat Cummins,66,34,194.11
2021,KKR v CSK,Kamlesh Nagarkoti,0,2,0
2021,KKR v CSK,Varun Chakravarthy,0,1,0
2021,KKR v CSK,Prasidh Krishna,0,1,0
2021,PBKS v SRH,KL Rahul,4,6,66.66
2021,PBKS v SRH,Mayank Agarwal,22,25,88
2021,PBKS v SRH,Chris Gayle,15,17,88.23
2021,PBKS v SRH,Nicholas Pooran,0,0,0
2021,PBKS v SRH,Deepak Hooda,13,11,118.18
2021,PBKS v SRH,Moises Henriques,14,17,82.35
2021,PBKS v SRH,M Shahrukh Khan,22,17,129.41
2021,PBKS v SRH,Fabian Allen,6,11,54.54
2021,PBKS v SRH,Murugan Ashwin,9,10,90
2021,PBKS v SRH,Mohammed Shami,3,3,100
2021,PBKS v SRH,Arshdeep Singh,1,2,50
2021,PBKS v SRH,David Warner,37,37,100
2021,PBKS v SRH,Jonny Bairstow,63,56,112.5
2021,PBKS v SRH,Kane Williamson,16,19,84.21
2021,DC v MI,Rohit Sharma,44,30,146.66
2021,DC v MI,Quinton de Kock,2,4,50
2021,DC v MI,Suryakumar Yadav,24,15,160
2021,DC v MI,Ishan Kishan,26,28,92.85
2021,DC v MI,Hardik Pandya,0,1,0
2021,DC v MI,Krunal Pandya,1,5,20
2021,DC v MI,Kieron Pollard,2,5,40
2021,DC v MI,Jayant Yadav,23,22,104.54
2021,DC v MI,Rahul Chahar,6,6,100
2021,DC v MI,Jasprit Bumrah,3,3,100
2021,DC v MI,Trent Boult,1,1,100
2021,DC v MI,Prithvi Shaw,7,5,140
2021,DC v MI,Shikhar Dhawan,45,42,107.14
2021,DC v MI,Steven Smith,33,29,113.79
2021,DC v MI,Lalit Yadav,22,25,88
2021,DC v MI,Rishabh Pant,7,8,87.5
2021,DC v MI,Shimron Hetmyer,14,9,155.55
2021,CSK v RR,Ruturaj Gaikwad,10,13,76.92
2021,CSK v RR,Faf du Plessis,33,17,194.11
2021,CSK v RR,Moeen Ali,26,20,130
2021,CSK v RR,Suresh Raina,18,15,120
2021,CSK v RR,Ambati Rayudu,27,17,158.82
2021,CSK v RR,Ravindra Jadeja,8,7,114.28
2021,CSK v RR,MS Dhoni,18,17,105.88
2021,CSK v RR,Sam Curran,13,6,216.66
2021,CSK v RR,Dwayne Bravo,20,8,250
2021,CSK v RR,Shardul Thakur,1,1,100
2021,CSK v RR,Deepak Chahar,0,0,0
2021,CSK v RR,Jos Buttler,49,35,140
2021,CSK v RR,Manan Vohra,14,11,127.27
2021,CSK v RR,Sanju Samson,1,5,20
2021,CSK v RR,Shivam Dube,17,20,85
2021,CSK v RR,David Miller,2,5,40
2021,CSK v RR,Riyan Parag,3,7,42.85
2021,CSK v RR,Rahul Tewatia,20,15,133.33
2021,CSK v RR,Chris Morris,0,2,0
2021,CSK v RR,Jaydev Unadkat,24,17,141.17
2021,CSK v RR,Chetan Sakariya,0,0,0
2021,CSK v RR,Mustafizur Rahman,0,4,0
2021,DC v PBKS,KL Rahul,61,51,119.6
2021,DC v PBKS,Mayank Agarwal,69,36,191.66
2021,DC v PBKS,Chris Gayle,11,9,122.22
2021,DC v PBKS,Deepak Hooda,22,13,169.23
2021,DC v PBKS,Nicholas Pooran,9,8,112.5
2021,DC v PBKS,M Shahrukh Khan,15,5,300
2021,DC v PBKS,Prithvi Shaw,32,17,188.23
2021,DC v PBKS,Shikhar Dhawan,92,49,187.75
2021,DC v PBKS,Steven Smith,9,12,75
2021,DC v PBKS,Rishabh Pant,15,16,93.75
2021,DC v PBKS,Marcus Stoinis,27,13,207.69
2021,DC v PBKS,Lalit Yadav,12,6,200
2021,RCB v KKR,Virat Kohli,5,6,83.33
2021,RCB v KKR,Devdutt Padikkal,25,28,89.28
2021,RCB v KKR,Rajat Patidar,1,2,50
2021,RCB v KKR,Glenn Maxwell,78,49,159.18
2021,RCB v KKR,AB de Villiers,76,34,223.52
2021,RCB v KKR,Kyle Jamieson,11,4,275
2021,RCB v KKR,Nitish Rana,18,11,163.63
2021,RCB v KKR,Shubman Gill,21,9,233.33
2021,RCB v KKR,Rahul Tripathi,25,20,125
2021,RCB v KKR,Eoin Morgan,29,23,126.08
2021,RCB v KKR,Dinesh Karthik,2,5,40
2021,RCB v KKR,Shakib Al Hasan,26,25,104
2021,RCB v KKR,Andre Russell,31,20,155
2021,RCB v KKR,Pat Cummins,6,2,300
2021,RCB v KKR,Harbhajan Singh,2,2,100
2021,RCB v KKR,Varun Chakravarthy,2,3,66.66
2021,MI v SRH,Quinton de Kock,40,39,102.56
2021,MI v SRH,Rohit Sharma,32,25,128
2021,MI v SRH,Suryakumar Yadav,10,6,166.66
2021,MI v SRH,Ishan Kishan,12,21,57.14
2021,MI v SRH,Kieron Pollard,35,22,159.09
2021,MI v SRH,Hardik Pandya,7,5,140
2021,MI v SRH,Krunal Pandya,3,3,100
2021,MI v SRH,David Warner,36,34,105.88
2021,MI v SRH,Jonny Bairstow,43,22,195.45
2021,MI v SRH,Manish Pandey,2,7,28.57
2021,MI v SRH,Virat Singh,11,12,91.66
2021,MI v SRH,Vijay Shankar,28,25,112
2021,MI v SRH,Abhishek Sharma,2,4,50
2021,MI v SRH,Abdul Samad,7,8,87.5
2021,MI v SRH,Rashid Khan,0,1,0
2021,MI v SRH,Bhuvneshwar Kumar,1,2,50
2021,MI v SRH,Mujeeb Ur Rahman,1,1,100
2021,MI v SRH,Khaleel Ahmed,1,2,50
2021,PBKS v CSK,KL Rahul,5,7,71.42
2021,PBKS v CSK,Mayank Agarwal,0,2,0
2021,PBKS v CSK,Chris Gayle,10,10,100
2021,PBKS v CSK,Deepak Hooda,10,15,66.66
2021,PBKS v CSK,Nicholas Pooran,0,2,0
2021,PBKS v CSK,M Shahrukh Khan,47,36,130.55
2021,PBKS v CSK,Jhye Richardson,15,22,68.18
2021,PBKS v CSK,Murugan Ashwin,6,14,42.85
2021,PBKS v CSK,Mohammed Shami,9,12,75
2021,PBKS v CSK,Riley Meredith,0,0,0
2021,PBKS v CSK,Ruturaj Gaikwad,5,16,31.25
2021,PBKS v CSK,Faf du Plessis,36,33,109.09
2021,PBKS v CSK,Moeen Ali,46,31,148.38
2021,PBKS v CSK,Suresh Raina,8,9,88.88
2021,PBKS v CSK,Ambati Rayudu,0,1,0
2021,PBKS v CSK,Sam Curran,5,4,125
2021,RR v DC,Prithvi Shaw,2,5,40
2021,RR v DC,Shikhar Dhawan,9,11,81.81
2021,RR v DC,Ajinkya Rahane,8,8,100
2021,RR v DC,Rishabh Pant,51,32,159.37
2021,RR v DC,Marcus Stoinis,0,5,0
2021,RR v DC,Lalit Yadav,20,24,83.33
2021,RR v DC,Tom Curran,21,16,131.25
2021,RR v DC,Chris Woakes,15,11,136.36
2021,RR v DC,Ravichandran Ashwin,7,4,175
2021,RR v DC,Kagiso Rabada,9,4,225
2021,RR v DC,Jos Buttler,2,7,28.57
2021,RR v DC,Manan Vohra,9,11,81.81
2021,RR v DC,Sanju Samson,4,3,133.33
2021,RR v DC,Shivam Dube,2,7,28.57
2021,RR v DC,David Miller,62,43,144.18
2021,RR v DC,Riyan Parag,2,5,40
2021,RR v DC,Rahul Tewatia,19,17,111.76
2021,RR v DC,Chris Morris,36,18,200
2021,RR v DC,Jaydev Unadkat,11,7,157.14
2021,SRH v RCB,Virat Kohli,33,29,113.79
2021,SRH v RCB,Devdutt Padikkal,11,13,84.61
2021,SRH v RCB,Shahbaz Ahmed,14,10,140
2021,SRH v RCB,Glenn Maxwell,59,41,143.9
2021,SRH v RCB,AB de Villiers,1,5,20
2021,SRH v RCB,Washington Sundar,8,11,72.72
2021,SRH v RCB,Dan Christian,1,2,50
2021,SRH v RCB,Kyle Jamieson,12,9,133.33
2021,SRH v RCB,Harshal Patel,0,0,0
2021,SRH v RCB,Wriddhiman Saha,1,9,11.11
2021,SRH v RCB,David Warner,54,37,145.94
2021,SRH v RCB,Manish Pandey,38,39,97.43
2021,SRH v RCB,Jonny Bairstow,12,13,92.3
2021,SRH v RCB,Abdul Samad,0,2,0
2021,SRH v RCB,Vijay Shankar,3,5,60
2021,SRH v RCB,Jason Holder,4,5,80
2021,SRH v RCB,Rashid Khan,17,9,188.88
2021,SRH v RCB,Bhuvneshwar Kumar,2,2,100
2021,SRH v RCB,Shahbaz Nadeem,0,1,0
2021,SRH v RCB,T Natarajan,0,0,0
2021,KKR v MI,Rohit Sharma,43,32,134.37
2021,KKR v MI,Quinton de Kock,2,6,33.33
2021,KKR v MI,Suryakumar Yadav,56,36,155.55
2021,KKR v MI,Ishan Kishan,1,3,33.33
2021,KKR v MI,Hardik Pandya,15,17,88.23
2021,KKR v MI,Kieron Pollard,5,8,62.5
2021,KKR v MI,Krunal Pandya,15,9,166.66
2021,KKR v MI,Marco Jansen,0,1,0
2021,KKR v MI,Rahul Chahar,8,7,114.28
2021,KKR v MI,Jasprit Bumrah,0,1,0
2021,KKR v MI,Trent Boult,0,0,0
2021,KKR v MI,Nitish Rana,57,47,121.27
2021,KKR v MI,Shubman Gill,33,24,137.5
2021,KKR v MI,Rahul Tripathi,5,5,100
2021,KKR v MI,Eoin Morgan,7,7,100
2021,KKR v MI,Shakib Al Hasan,9,9,100
2021,KKR v MI,Dinesh Karthik,8,11,72.72
2021,KKR v MI,Andre Russell,9,15,60
2021,KKR v MI,Pat Cummins,0,1,0
2021,KKR v MI,Harbhajan Singh,2,2,100
2021,RR v PBKS,KL Rahul,91,50,182
2021,RR v PBKS,Mayank Agarwal,14,9,155.55
2021,RR v PBKS,Chris Gayle,40,28,142.85
2021,RR v PBKS,Deepak Hooda,64,28,228.57
2021,RR v PBKS,Nicholas Pooran,0,1,0
2021,RR v PBKS,M Shahrukh Khan,6,4,150
2021,RR v PBKS,Jhye Richardson,0,2,0
2021,RR v PBKS,Ben Stokes,0,3,0
2021,RR v PBKS,Manan Vohra,12,8,150
2021,RR v PBKS,Sanju Samson,119,63,188.88
2021,RR v PBKS,Jos Buttler,25,13,192.3
2021,RR v PBKS,Shivam Dube,23,15,153.33
2021,RR v PBKS,Riyan Parag,25,11,227.27
2021,RR v PBKS,Rahul Tewatia,2,4,50
2021,RR v PBKS,Chris Morris,2,4,50
2021,SRH v KKR,Nitish Rana,80,56,142.85
2021,SRH v KKR,Shubman Gill,15,13,115.38
2021,SRH v KKR,Rahul Tripathi,53,29,182.75
2021,SRH v KKR,Andre Russell,5,5,100
2021,SRH v KKR,Eoin Morgan,2,3,66.66
2021,SRH v KKR,Dinesh Karthik,22,9,244.44
2021,SRH v KKR,Shakib Al Hasan,3,5,60
2021,SRH v KKR,Wriddhiman Saha,7,6,116.66
2021,SRH v KKR,David Warner,3,4,75
2021,SRH v KKR,Manish Pandey,61,44,138.63
2021,SRH v KKR,Jonny Bairstow,55,40,137.5
2021,SRH v KKR,Mohammad Nabi,14,11,127.27
2021,SRH v KKR,Vijay Shankar,11,7,157.14
2021,SRH v KKR,Abdul Samad,19,8,237.5
2021,CSK v DC,Ruturaj Gaikwad,5,8,62.5
2021,CSK v DC,Faf du Plessis,0,3,0
2021,CSK v DC,Moeen Ali,36,24,150
2021,CSK v DC,Suresh Raina,54,36,150
2021,CSK v DC,Ambati Rayudu,23,16,143.75
2021,CSK v DC,Ravindra Jadeja,26,17,152.94
2021,CSK v DC,MS Dhoni,0,2,0
2021,CSK v DC,Sam Curran,34,15,226.66
2021,CSK v DC,Prithvi Shaw,72,38,189.47
2021,CSK v DC,Shikhar Dhawan,85,54,157.4
2021,CSK v DC,Rishabh Pant,15,12,125
2021,CSK v DC,Marcus Stoinis,14,9,155.55
2021,CSK v DC,Shimron Hetmyer,0,0,0
2021,MI v RCB,Rohit Sharma,19,15,126.66
2021,MI v RCB,Chris Lynn,49,35,140
2021,MI v RCB,Suryakumar Yadav,31,23,134.78
2021,MI v RCB,Ishan Kishan,28,19,147.36
2021,MI v RCB,Hardik Pandya,13,10,130
2021,MI v RCB,Kieron Pollard,7,9,77.77
2021,MI v RCB,Krunal Pandya,7,7,100
2021,MI v RCB,Marco Jansen,0,2,0
2021,MI v RCB,Rahul Chahar,0,0,0
2021,MI v RCB,Jasprit Bumrah,1,2,50
2021,MI v RCB,Washington Sundar,10,16,62.5
2021,MI v RCB,Virat Kohli,33,29,113.79
2021,MI v RCB,Rajat Patidar,8,8,100
2021,MI v RCB,Glenn Maxwell,39,28,139.28
2021,MI v RCB,AB de Villiers,48,27,177.77
2021,MI v RCB,Shahbaz Ahmed,1,2,50
2021,MI v RCB,Dan Christian,1,3,33.33
2021,MI v RCB,Kyle Jamieson,4,4,100
2021,MI v RCB,Harshal Patel,4,3,133.33
2021,MI v RCB,Mohammed Siraj,0,1,0
