season,match_name,fullName,overs,conceded,wickets,economyRate
2021,CSK v KKR,Shakib Al Hasan,3,33,0,11
2021,CSK v KKR,Shivam Mavi,4,32,1,8
2021,CSK v KKR,Lockie Ferguson,4,56,0,14
2021,CSK v KKR,Varun Chakravarthy,4,38,0,9.5
2021,CSK v KKR,Sunil Narine,4,26,2,6.5
2021,CSK v KKR,Venkatesh Iyer,1,5,0,5
2021,CSK v KKR,Deepak Chahar,4,32,1,8
2021,CSK v KKR,Josh Hazlewood,4,29,2,7.25
2021,CSK v KKR,Shardul Thakur,4,38,3,9.5
2021,CSK v KKR,Dwayne Bravo,4,29,1,7.25
2021,CSK v KKR,Ravindra Jadeja,4,37,2,9.25
2021,DC v KKR,Shakib Al Hasan,4,28,0,7
2021,DC v KKR,Lockie Ferguson,4,26,1,6.5
2021,DC v KKR,Sunil Narine,4,27,0,6.75
2021,DC v KKR,Varun Chakravarthy,4,26,2,6.5
2021,DC v KKR,Shivam Mavi,4,27,1,6.75
2021,DC v KKR,Anrich Nortje,4,31,2,7.75
2021,DC v KKR,Ravichandran Ashwin,3.5,27,2,7.04
2021,DC v KKR,Avesh Khan,4,22,1,5.5
2021,DC v KKR,Axar Patel,4,32,0,8
2021,DC v KKR,Kagiso Rabada,4,23,2,5.75
2021,RCB v KKR,Shakib Al Hasan,4,24,0,6
2021,RCB v KKR,Shivam Mavi,4,36,0,9
2021,RCB v KKR,Varun Chakravarthy,4,20,0,5
2021,RCB v KKR,Lockie Ferguson,4,30,2,7.5
2021,RCB v KKR,Sunil Narine,4,21,4,5.25
2021,RCB v KKR,Mohammed Siraj,4,19,2,4.75
2021,RCB v KKR,George Garton,3,29,0,9.66
2021,RCB v KKR,Harshal Patel,4,19,2,4.75
2021,RCB v KKR,Yuzvendra Chahal,4,16,2,4
2021,RCB v KKR,Glenn Maxwell,3,25,0,8.33
2021,RCB v KKR,Dan Christian,1.4,29,0,17.4
2021,DC v CSK,Deepak Chahar,3,26,0,8.66
2021,DC v CSK,Josh Hazlewood,4,29,2,7.25
2021,DC v CSK,Shardul Thakur,3,36,0,12
2021,DC v CSK,Ravindra Jadeja,3,23,1,7.66
2021,DC v CSK,Moeen Ali,4,27,1,6.75
2021,DC v CSK,Dwayne Bravo,3,31,1,10.33
2021,DC v CSK,Anrich Nortje,4,31,1,7.75
2021,DC v CSK,Avesh Khan,4,47,1,11.75
2021,DC v CSK,Kagiso Rabada,3,23,0,7.66
2021,DC v CSK,Axar Patel,3,23,0,7.66
2021,DC v CSK,Tom Curran,3.4,29,3,7.9
2021,DC v CSK,Ravichandran Ashwin,2,19,0,9.5
2021,RCB v DC,Glenn Maxwell,3,29,0,9.66
2021,RCB v DC,Mohammed Siraj,4,25,2,6.25
2021,RCB v DC,George Garton,3,20,0,6.66
2021,RCB v DC,Yuzvendra Chahal,4,34,1,8.5
2021,RCB v DC,Harshal Patel,4,34,1,8.5
2021,RCB v DC,Dan Christian,2,19,1,9.5
2021,RCB v DC,Anrich Nortje,4,24,2,6
2021,RCB v DC,Avesh Khan,4,31,0,7.75
2021,RCB v DC,Axar Patel,4,39,1,9.75
2021,RCB v DC,Kagiso Rabada,4,37,0,9.25
2021,RCB v DC,Ravichandran Ashwin,1,11,0,11
2021,RCB v DC,Ripal Patel,3,22,0,7.33
2021,SRH v MI,Mohammad Nabi,3,33,0,11
2021,SRH v MI,Siddarth Kaul,4,56,0,14
2021,SRH v MI,Jason Holder,4,52,4,13
2021,SRH v MI,Umran Malik,4,48,1,12
2021,SRH v MI,Rashid Khan,4,40,2,10
2021,SRH v MI,Abhishek Sharma,1,4,2,4
2021,SRH v MI,Trent Boult,4,30,1,7.5
2021,SRH v MI,Jasprit Bumrah,4,39,2,9.75
2021,SRH v MI,Piyush Chawla,4,38,1,9.5
2021,SRH v MI,Nathan Coulter-Nile,4,40,2,10
2021,SRH v MI,James Neesham,3,28,2,9.33
2021,SRH v MI,Krunal Pandya,1,16,0,16
2021,KKR v RR,Jaydev Unadkat,4,35,0,8.75
2021,KKR v RR,Chris Morris,4,28,1,7
2021,KKR v RR,Chetan Sakariya,4,23,1,5.75
2021,KKR v RR,Mustafizur Rahman,4,31,0,7.75
2021,KKR v RR,Shivam Dube,2,18,0,9
2021,KKR v RR,Rahul Tewatia,1,11,1,11
2021,KKR v RR,Glenn Phillips,1,17,1,17
2021,KKR v RR,Shakib Al Hasan,1,1,1,1
2021,KKR v RR,Shivam Mavi,3.1,21,4,6.63
2021,KKR v RR,Sunil Narine,4,30,0,7.5
2021,KKR v RR,Lockie Ferguson,4,18,3,4.5
2021,KKR v RR,Varun Chakravarthy,4,14,1,3.5
2021,CSK v PBKS,Mohammed Shami,4,22,1,5.5
2021,CSK v PBKS,Harpreet Brar,4,22,0,5.5
2021,CSK v PBKS,Arshdeep Singh,4,35,2,8.75
2021,CSK v PBKS,Chris Jordan,3,20,2,6.66
2021,CSK v PBKS,Ravi Bishnoi,4,25,1,6.25
2021,CSK v PBKS,Moises Henriques,1,9,0,9
2021,CSK v PBKS,Deepak Chahar,4,48,1,12
2021,CSK v PBKS,Josh Hazlewood,3,22,0,7.33
2021,CSK v PBKS,Shardul Thakur,3,28,3,9.33
2021,CSK v PBKS,Ravindra Jadeja,1,9,0,9
2021,CSK v PBKS,Dwayne Bravo,2,32,0,16
2021,RCB v SRH,Mohammed Siraj,3,17,0,5.66
2021,RCB v SRH,George Garton,2,29,1,14.5
2021,RCB v SRH,Shahbaz Ahmed,4,21,0,5.25
2021,RCB v SRH,Harshal Patel,4,33,3,8.25
2021,RCB v SRH,Yuzvendra Chahal,4,27,1,6.75
2021,RCB v SRH,Dan Christian,3,14,2,4.66
2021,RCB v SRH,Bhuvneshwar Kumar,4,25,1,6.25
2021,RCB v SRH,Jason Holder,4,27,1,6.75
2021,RCB v SRH,Siddarth Kaul,4,24,1,6
2021,RCB v SRH,Umran Malik,4,21,1,5.25
2021,RCB v SRH,Rashid Khan,4,39,1,9.75
2021,RR v MI,Trent Boult,4,24,0,6
2021,RR v MI,Jayant Yadav,2,17,0,8.5
2021,RR v MI,Jasprit Bumrah,4,14,2,3.5
2021,RR v MI,Nathan Coulter-Nile,4,14,4,3.5
2021,RR v MI,James Neesham,4,12,3,3
2021,RR v MI,Kieron Pollard,2,9,0,4.5
2021,RR v MI,Mustafizur Rahman,2.2,32,1,13.71
2021,RR v MI,Chetan Sakariya,3,36,1,12
2021,RR v MI,Shreyas Gopal,1,9,0,9
2021,RR v MI,Kuldip Yadav,2,16,0,8
2021,DC v CSK,Anrich Nortje,4,37,1,9.25
2021,DC v CSK,Avesh Khan,4,35,1,8.75
2021,DC v CSK,Axar Patel,4,18,2,4.5
2021,DC v CSK,Kagiso Rabada,4,21,0,5.25
2021,DC v CSK,Ravichandran Ashwin,4,20,1,5
2021,DC v CSK,Deepak Chahar,3,34,1,11.33
2021,DC v CSK,Josh Hazlewood,4,27,1,6.75
2021,DC v CSK,Ravindra Jadeja,4,28,2,7
2021,DC v CSK,Moeen Ali,3,16,0,5.33
2021,DC v CSK,Shardul Thakur,4,13,2,3.25
2021,DC v CSK,Dwayne Bravo,1.4,20,1,12
2021,KKR v SRH,Tim Southee,4,26,2,6.5
2021,KKR v SRH,Shivam Mavi,4,29,2,7.25
2021,KKR v SRH,Varun Chakravarthy,4,26,2,6.5
2021,KKR v SRH,Shakib Al Hasan,4,20,1,5
2021,KKR v SRH,Sunil Narine,4,12,0,3
2021,KKR v SRH,Bhuvneshwar Kumar,4,20,0,5
2021,KKR v SRH,Jason Holder,4,32,2,8
2021,KKR v SRH,Umran Malik,4,27,0,6.75
2021,KKR v SRH,Rashid Khan,4,23,1,5.75
2021,KKR v SRH,Siddarth Kaul,3.4,17,1,4.63
2021,RCB v PBKS,Aiden Markram,1,5,0,5
2021,RCB v PBKS,Mohammed Shami,4,39,3,9.75
2021,RCB v PBKS,Arshdeep Singh,3,42,0,14
2021,RCB v PBKS,Ravi Bishnoi,4,35,0,8.75
2021,RCB v PBKS,Harpreet Brar,4,26,0,6.5
2021,RCB v PBKS,Moises Henriques,4,12,3,3
2021,RCB v PBKS,Mohammed Siraj,4,33,0,8.25
2021,RCB v PBKS,George Garton,4,27,1,6.75
2021,RCB v PBKS,Shahbaz Ahmed,3,29,1,9.66
2021,RCB v PBKS,Harshal Patel,4,27,0,6.75
2021,RCB v PBKS,Yuzvendra Chahal,4,29,3,7.25
2021,RCB v PBKS,Dan Christian,1,11,0,11
2021,RR v CSK,Akash Singh,4,39,0,9.75
2021,RR v CSK,Chetan Sakariya,4,31,1,7.75
2021,RR v CSK,Mustafizur Rahman,4,51,0,12.75
2021,RR v CSK,Rahul Tewatia,4,39,3,9.75
2021,RR v CSK,Mayank Markande,3,26,0,8.66
2021,RR v CSK,Glenn Phillips,1,3,0,3
2021,RR v CSK,Sam Curran,4,55,0,13.75
2021,RR v CSK,Josh Hazlewood,4,54,0,13.5
2021,RR v CSK,Shardul Thakur,4,30,2,7.5
2021,RR v CSK,KM Asif,2.1,18,1,8.3
2021,RR v CSK,Moeen Ali,2.2,23,0,9.85
2021,RR v CSK,Ravindra Jadeja,1,9,0,9
2021,MI v DC,Anrich Nortje,4,19,1,4.75
2021,MI v DC,Avesh Khan,4,15,3,3.75
2021,MI v DC,Ravichandran Ashwin,4,41,1,10.25
2021,MI v DC,Kagiso Rabada,4,33,0,8.25
2021,MI v DC,Axar Patel,4,21,3,5.25
2021,MI v DC,Trent Boult,4,24,1,6
2021,MI v DC,Jayant Yadav,4,31,1,7.75
2021,MI v DC,Krunal Pandya,2.1,18,1,8.3
2021,MI v DC,Jasprit Bumrah,4,29,1,7.25
2021,MI v DC,Nathan Coulter-Nile,4,19,1,4.75
2021,MI v DC,Kieron Pollard,1,9,0,9
2021,KKR v PBKS,Fabian Allen,4,38,0,9.5
2021,KKR v PBKS,Mohammed Shami,4,23,1,5.75
2021,KKR v PBKS,Arshdeep Singh,4,32,3,8
2021,KKR v PBKS,Nathan Ellis,4,46,0,11.5
2021,KKR v PBKS,Ravi Bishnoi,4,22,2,5.5
2021,KKR v PBKS,Tim Southee,4,40,0,10
2021,KKR v PBKS,Shivam Mavi,4,31,1,7.75
2021,KKR v PBKS,Varun Chakravarthy,4,24,2,6
2021,KKR v PBKS,Sunil Narine,4,34,1,8.5
2021,KKR v PBKS,Venkatesh Iyer,2.3,30,1,12
2021,KKR v PBKS,Nitish Rana,1,7,0,7
2021,SRH v CSK,Deepak Chahar,4,32,0,8
2021,SRH v CSK,Josh Hazlewood,4,24,3,6
2021,SRH v CSK,Shardul Thakur,4,37,1,9.25
2021,SRH v CSK,Dwayne Bravo,4,17,2,4.25
2021,SRH v CSK,Ravindra Jadeja,3,14,1,4.66
2021,SRH v CSK,Moeen Ali,1,5,0,5
2021,SRH v CSK,Sandeep Sharma,3,18,0,6
2021,SRH v CSK,Bhuvneshwar Kumar,4,34,0,8.5
2021,SRH v CSK,Jason Holder,4,27,3,6.75
2021,SRH v CSK,Rashid Khan,4,27,1,6.75
2021,SRH v CSK,Siddarth Kaul,2.4,24,0,9
2021,SRH v CSK,Abhishek Sharma,2,9,0,4.5
2021,RR v RCB,George Garton,3,30,1,10
2021,RR v RCB,Mohammed Siraj,3,18,0,6
2021,RR v RCB,Glenn Maxwell,2,17,0,8.5
2021,RR v RCB,Harshal Patel,4,34,3,8.5
2021,RR v RCB,Dan Christian,2,21,1,10.5
2021,RR v RCB,Yuzvendra Chahal,4,18,2,4.5
2021,RR v RCB,Shahbaz Ahmed,2,10,2,5
2021,RR v RCB,Chris Morris,4,50,0,12.5
2021,RR v RCB,Kartik Tyagi,2,23,0,11.5
2021,RR v RCB,Chetan Sakariya,3,18,0,6
2021,RR v RCB,Mustafizur Rahman,3,20,2,6.66
2021,RR v RCB,Rahul Tewatia,3,23,0,7.66
2021,RR v RCB,Mahipal Lomror,2,13,0,6.5
2021,RR v RCB,Riyan Parag,0.1,4,0,24
2021,MI v PBKS,Krunal Pandya,4,24,1,6
2021,MI v PBKS,Trent Boult,3,30,0,10
2021,MI v PBKS,Jasprit Bumrah,4,24,2,6
2021,MI v PBKS,Nathan Coulter-Nile,4,19,0,4.75
2021,MI v PBKS,Kieron Pollard,1,8,2,8
2021,MI v PBKS,Rahul Chahar,4,27,1,6.75
2021,MI v PBKS,Aiden Markram,3,18,0,6
2021,MI v PBKS,Mohammed Shami,4,42,1,10.5
2021,MI v PBKS,Arshdeep Singh,4,29,0,7.25
2021,MI v PBKS,Ravi Bishnoi,4,25,2,6.25
2021,MI v PBKS,Nathan Ellis,3,12,1,4
2021,MI v PBKS,Harpreet Brar,1,11,0,11
2021,KKR v DC,Sandeep Warrier,2,15,0,7.5
2021,KKR v DC,Tim Southee,4,29,1,7.25
2021,KKR v DC,Lockie Ferguson,2,10,2,5
2021,KKR v DC,Varun Chakravarthy,4,24,0,6
2021,KKR v DC,Sunil Narine,4,18,2,4.5
2021,KKR v DC,Venkatesh Iyer,4,29,2,7.25
2021,KKR v DC,Anrich Nortje,2.2,15,1,6.42
2021,KKR v DC,Axar Patel,3,13,0,4.33
2021,KKR v DC,Ravichandran Ashwin,4,24,1,6
2021,KKR v DC,Lalit Yadav,3,35,1,11.66
2021,KKR v DC,Avesh Khan,3,13,3,4.33
2021,KKR v DC,Kagiso Rabada,3,28,1,9.33
2021,SRH v RR,Sandeep Sharma,3,30,1,10
2021,SRH v RR,Bhuvneshwar Kumar,4,28,1,7
2021,SRH v RR,Jason Holder,4,27,0,6.75
2021,SRH v RR,Siddarth Kaul,4,36,2,9
2021,SRH v RR,Rashid Khan,4,31,1,7.75
2021,SRH v RR,Abhishek Sharma,1,8,0,8
2021,SRH v RR,Jaydev Unadkat,2,20,0,10
2021,SRH v RR,Chris Morris,3,27,0,9
2021,SRH v RR,Mustafizur Rahman,3.3,26,1,7.42
2021,SRH v RR,Mahipal Lomror,3,22,1,7.33
2021,SRH v RR,Rahul Tewatia,3,32,0,10.66
2021,SRH v RR,Chetan Sakariya,4,32,1,8
2021,RCB v MI,Trent Boult,4,17,1,4.25
2021,RCB v MI,Jasprit Bumrah,4,36,3,9
2021,RCB v MI,Adam Milne,4,48,1,12
2021,RCB v MI,Krunal Pandya,4,27,0,6.75
2021,RCB v MI,Rahul Chahar,4,33,1,8.25
2021,RCB v MI,Kyle Jamieson,2,22,0,11
2021,RCB v MI,Mohammed Siraj,3,15,1,5
2021,RCB v MI,Dan Christian,2,21,0,10.5
2021,RCB v MI,Harshal Patel,3.1,17,4,5.36
2021,RCB v MI,Yuzvendra Chahal,4,11,3,2.75
2021,RCB v MI,Glenn Maxwell,4,23,2,5.75
2021,CSK v KKR,Deepak Chahar,4,32,0,8
2021,CSK v KKR,Sam Curran,4,56,0,14
2021,CSK v KKR,Josh Hazlewood,4,40,2,10
2021,CSK v KKR,Shardul Thakur,4,20,2,5
2021,CSK v KKR,Ravindra Jadeja,4,21,1,5.25
2021,CSK v KKR,Prasidh Krishna,4,41,1,10.25
2021,CSK v KKR,Lockie Ferguson,4,33,1,8.25
2021,CSK v KKR,Varun Chakravarthy,4,22,1,5.5
2021,CSK v KKR,Sunil Narine,4,41,3,10.25
2021,CSK v KKR,Andre Russell,3,28,1,9.33
2021,CSK v KKR,Venkatesh Iyer,1,5,0,5
2021,SRH v PBKS,Sandeep Sharma,4,20,1,5
2021,SRH v PBKS,Bhuvneshwar Kumar,4,34,1,8.5
2021,SRH v PBKS,Jason Holder,4,19,3,4.75
2021,SRH v PBKS,Khaleel Ahmed,3,22,0,7.33
2021,SRH v PBKS,Rashid Khan,4,17,1,4.25
2021,SRH v PBKS,Abdul Samad,1,9,1,9
2021,SRH v PBKS,Mohammed Shami,4,14,2,3.5
2021,SRH v PBKS,Arshdeep Singh,4,22,1,5.5
2021,SRH v PBKS,Nathan Ellis,4,32,0,8
2021,SRH v PBKS,Harpreet Brar,4,25,0,6.25
2021,SRH v PBKS,Ravi Bishnoi,4,24,3,6
2021,DC v RR,Mustafizur Rahman,4,22,2,5.5
2021,DC v RR,Mahipal Lomror,1,5,0,5
2021,DC v RR,Chetan Sakariya,4,33,2,8.25
2021,DC v RR,Kartik Tyagi,4,40,1,10
2021,DC v RR,Tabraiz Shamsi,4,34,0,8.5
2021,DC v RR,Rahul Tewatia,3,17,1,5.66
2021,DC v RR,Avesh Khan,4,29,1,7.25
2021,DC v RR,Anrich Nortje,4,18,2,4.5
2021,DC v RR,Ravichandran Ashwin,4,20,1,5
2021,DC v RR,Kagiso Rabada,4,26,1,6.5
2021,DC v RR,Axar Patel,4,27,1,6.75
2021,RCB v CSK,Deepak Chahar,4,35,1,8.75
2021,RCB v CSK,Josh Hazlewood,4,34,0,8.5
2021,RCB v CSK,Shardul Thakur,4,29,2,7.25
2021,RCB v CSK,Ravindra Jadeja,4,31,0,7.75
2021,RCB v CSK,Dwayne Bravo,4,24,3,6
2021,RCB v CSK,Mohammed Siraj,3,23,0,7.66
2021,RCB v CSK,Navdeep Saini,2,25,0,12.5
2021,RCB v CSK,Wanindu Hasaranga de Silva,4,40,0,10
2021,RCB v CSK,Harshal Patel,3.1,25,2,7.89
2021,RCB v CSK,Yuzvendra Chahal,4,26,1,6.5
2021,RCB v CSK,Glenn Maxwell,2,17,1,8.5
2021,MI v KKR,Nitish Rana,1,5,0,5
2021,MI v KKR,Varun Chakravarthy,4,22,0,5.5
2021,MI v KKR,Sunil Narine,4,20,1,5
2021,MI v KKR,Lockie Ferguson,4,27,2,6.75
2021,MI v KKR,Prasidh Krishna,4,43,2,10.75
2021,MI v KKR,Andre Russell,3,37,0,12.33
2021,MI v KKR,Trent Boult,2,23,0,11.5
2021,MI v KKR,Adam Milne,3,29,0,9.66
2021,MI v KKR,Jasprit Bumrah,4,43,3,10.75
2021,MI v KKR,Krunal Pandya,3,25,0,8.33
2021,MI v KKR,Rahul Chahar,3,34,0,11.33
2021,MI v KKR,Rohit Sharma,0.1,4,0,24
2021,DC v SRH,Anrich Nortje,4,12,2,3
2021,DC v SRH,Avesh Khan,4,27,0,6.75
2021,DC v SRH,Axar Patel,4,21,2,5.25
2021,DC v SRH,Kagiso Rabada,4,37,3,9.25
2021,DC v SRH,Marcus Stoinis,1.1,8,0,6.85
2021,DC v SRH,Ravichandran Ashwin,2.5,22,0,7.76
2021,DC v SRH,Khaleel Ahmed,4,33,1,8.25
2021,DC v SRH,Bhuvneshwar Kumar,3,21,0,7
2021,DC v SRH,Jason Holder,3.5,33,0,8.6
2021,DC v SRH,Rashid Khan,4,26,1,6.5
2021,DC v SRH,Sandeep Sharma,3,26,0,8.66
2021,PBKS v RR,Mohammed Shami,4,21,3,5.25
2021,PBKS v RR,Ishan Porel,4,39,1,9.75
2021,PBKS v RR,Deepak Hooda,2,37,0,18.5
2021,PBKS v RR,Arshdeep Singh,4,32,5,8
2021,PBKS v RR,Adil Rashid,3,35,0,11.66
2021,PBKS v RR,Harpreet Brar,3,17,1,5.66
2021,PBKS v RR,Mustafizur Rahman,4,30,0,7.5
2021,PBKS v RR,Chetan Sakariya,3,31,1,10.33
2021,PBKS v RR,Kartik Tyagi,4,29,2,7.25
2021,PBKS v RR,Chris Morris,4,47,0,11.75
2021,PBKS v RR,Rahul Tewatia,3,23,1,7.66
2021,PBKS v RR,Mahipal Lomror,1,7,0,7
2021,PBKS v RR,Riyan Parag,1,16,0,16
2021,KKR v RCB,Varun Chakravarthy,4,13,3,3.25
2021,KKR v RCB,Prasidh Krishna,4,24,1,6
2021,KKR v RCB,Lockie Ferguson,4,24,2,6
2021,KKR v RCB,Sunil Narine,4,20,0,5
2021,KKR v RCB,Andre Russell,3,9,3,3
2021,KKR v RCB,Mohammed Siraj,2,12,0,6
2021,KKR v RCB,Kyle Jamieson,2,26,0,13
2021,KKR v RCB,Wanindu Hasaranga de Silva,2,20,0,10
2021,KKR v RCB,Yuzvendra Chahal,2,23,1,11.5
2021,KKR v RCB,Harshal Patel,2,13,0,6.5
2021,CSK v MI,Trent Boult,4,35,2,8.75
2021,CSK v MI,Adam Milne,4,21,2,5.25
2021,CSK v MI,Jasprit Bumrah,4,33,2,8.25
2021,CSK v MI,Kieron Pollard,2,15,0,7.5
2021,CSK v MI,Rahul Chahar,4,22,0,5.5
2021,CSK v MI,Krunal Pandya,2,27,0,13.5
2021,CSK v MI,Deepak Chahar,4,19,2,4.75
2021,CSK v MI,Josh Hazlewood,4,34,1,8.5
2021,CSK v MI,Shardul Thakur,4,29,1,7.25
2021,CSK v MI,Moeen Ali,3,16,0,5.33
2021,CSK v MI,Dwayne Bravo,4,25,3,6.25
2021,CSK v MI,Ravindra Jadeja,1,13,0,13
2021,PBKS v DC,Ishant Sharma,4,37,0,9.25
2021,PBKS v DC,Marcus Stoinis,1,6,0,6
2021,PBKS v DC,Kagiso Rabada,4,36,3,9
2021,PBKS v DC,Avesh Khan,4,39,1,9.75
2021,PBKS v DC,Lalit Yadav,3,25,0,8.33
2021,PBKS v DC,Axar Patel,4,21,1,5.25
2021,PBKS v DC,Riley Meredith,3.4,35,1,9.54
2021,PBKS v DC,Mohammed Shami,3,37,0,12.33
2021,PBKS v DC,Ravi Bishnoi,4,42,0,10.5
2021,PBKS v DC,Chris Jordan,2,21,1,10.5
2021,PBKS v DC,Harpreet Brar,3,19,1,6.33
2021,PBKS v DC,Deepak Hooda,2,11,0,5.5
2021,RR v SRH,Bhuvneshwar Kumar,4,37,0,9.25
2021,RR v SRH,Sandeep Sharma,4,50,1,12.5
2021,RR v SRH,Rashid Khan,4,24,1,6
2021,RR v SRH,Khaleel Ahmed,4,41,0,10.25
2021,RR v SRH,Vijay Shankar,3,42,1,14
2021,RR v SRH,Mohammad Nabi,1,21,0,21
2021,RR v SRH,Kartik Tyagi,4,32,1,8
2021,RR v SRH,Mustafizur Rahman,4,20,3,5
2021,RR v SRH,Chetan Sakariya,4,38,0,9.5
2021,RR v SRH,Chris Morris,4,29,3,7.25
2021,RR v SRH,Rahul Tewatia,4,45,1,11.25
2021,MI v CSK,Trent Boult,4,42,1,10.5
2021,MI v CSK,Dhawal Kulkarni,4,48,0,12
2021,MI v CSK,Jasprit Bumrah,4,56,1,14
2021,MI v CSK,Rahul Chahar,4,32,0,8
2021,MI v CSK,James Neesham,2,26,0,13
2021,MI v CSK,Kieron Pollard,2,12,2,6
2021,MI v CSK,Deepak Chahar,4,37,0,9.25
2021,MI v CSK,Sam Curran,4,34,3,8.5
2021,MI v CSK,Lungi Ngidi,4,62,0,15.5
2021,MI v CSK,Shardul Thakur,4,56,1,14
2021,MI v CSK,Ravindra Jadeja,3,29,1,9.66
2021,MI v CSK,Moeen Ali,1,1,1,1
2021,PBKS v RCB,Daniel Sams,4,24,1,6
2021,PBKS v RCB,Mohammed Siraj,3,24,0,8
2021,PBKS v RCB,Kyle Jamieson,3,32,2,10.66
2021,PBKS v RCB,Yuzvendra Chahal,4,34,1,8.5
2021,PBKS v RCB,Harshal Patel,4,53,0,13.25
2021,PBKS v RCB,Shahbaz Ahmed,2,11,1,5.5
2021,PBKS v RCB,Riley Meredith,3.2,29,1,8.7
2021,PBKS v RCB,Mohammed Shami,3.4,28,1,7.63
2021,PBKS v RCB,Ravi Bishnoi,4,17,2,4.25
2021,PBKS v RCB,Harpreet Brar,4,19,3,4.75
2021,PBKS v RCB,Chris Jordan,4,31,1,7.75
2021,PBKS v RCB,Deepak Hooda,1,13,0,13
2021,DC v KKR,Ishant Sharma,4,34,0,8.5
2021,DC v KKR,Kagiso Rabada,4,31,0,7.75
2021,DC v KKR,Axar Patel,4,32,2,8
2021,DC v KKR,Avesh Khan,4,31,1,7.75
2021,DC v KKR,Lalit Yadav,3,13,2,4.33
2021,DC v KKR,Marcus Stoinis,1,7,1,7
2021,DC v KKR,Shivam Mavi,1,25,0,25
2021,DC v KKR,Varun Chakravarthy,4,34,0,8.5
2021,DC v KKR,Prasidh Krishna,3.3,36,0,10.28
2021,DC v KKR,Sunil Narine,4,36,0,9
2021,DC v KKR,Pat Cummins,4,24,3,6
2021,MI v RR,Trent Boult,4,37,1,9.25
2021,MI v RR,Jasprit Bumrah,4,15,1,3.75
2021,MI v RR,Jayant Yadav,3,37,0,12.33
2021,MI v RR,Nathan Coulter-Nile,4,35,0,8.75
2021,MI v RR,Rahul Chahar,4,33,2,8.25
2021,MI v RR,Krunal Pandya,1,12,0,12
2021,MI v RR,Chetan Sakariya,3,18,0,6
2021,MI v RR,Jaydev Unadkat,4,33,0,8.25
2021,MI v RR,Mustafizur Rahman,3.3,37,1,10.57
2021,MI v RR,Chris Morris,4,33,2,8.25
2021,MI v RR,Rahul Tewatia,3,30,0,10
2021,MI v RR,Shivam Dube,1,6,0,6
2021,CSK v SRH,Deepak Chahar,3,21,0,7
2021,CSK v SRH,Sam Curran,4,30,1,7.5
2021,CSK v SRH,Shardul Thakur,4,44,0,11
2021,CSK v SRH,Moeen Ali,2,16,0,8
2021,CSK v SRH,Lungi Ngidi,4,35,2,8.75
2021,CSK v SRH,Ravindra Jadeja,3,23,0,7.66
2021,CSK v SRH,Sandeep Sharma,3.3,24,0,6.85
2021,CSK v SRH,Khaleel Ahmed,4,36,0,9
2021,CSK v SRH,Siddarth Kaul,4,32,0,8
2021,CSK v SRH,Jagadeesha Suchith,3,45,0,15
2021,CSK v SRH,Rashid Khan,4,36,3,9
2021,DC v RCB,Ishant Sharma,4,26,1,6.5
2021,DC v RCB,Kagiso Rabada,4,38,1,9.5
2021,DC v RCB,Avesh Khan,4,24,1,6
2021,DC v RCB,Amit Mishra,3,27,1,9
2021,DC v RCB,Axar Patel,4,33,1,8.25
2021,DC v RCB,Marcus Stoinis,1,23,0,23
2021,DC v RCB,Daniel Sams,2,15,0,7.5
2021,DC v RCB,Mohammed Siraj,4,44,1,11
2021,DC v RCB,Kyle Jamieson,4,32,1,8
2021,DC v RCB,Washington Sundar,4,28,0,7
2021,DC v RCB,Harshal Patel,4,37,2,9.25
2021,DC v RCB,Yuzvendra Chahal,2,10,0,5
2021,PBKS v KKR,Shivam Mavi,4,13,1,3.25
2021,PBKS v KKR,Pat Cummins,3,31,2,10.33
2021,PBKS v KKR,Sunil Narine,4,22,2,5.5
2021,PBKS v KKR,Prasidh Krishna,4,30,3,7.5
2021,PBKS v KKR,Andre Russell,1,2,0,2
2021,PBKS v KKR,Varun Chakravarthy,4,24,1,6
2021,PBKS v KKR,Moises Henriques,1,5,1,5
2021,PBKS v KKR,Mohammed Shami,4,25,1,6.25
2021,PBKS v KKR,Arshdeep Singh,2.4,27,1,10.12
2021,PBKS v KKR,Ravi Bishnoi,4,19,0,4.75
2021,PBKS v KKR,Chris Jordan,3,24,0,8
2021,PBKS v KKR,Deepak Hooda,2,20,1,10
2021,SRH v DC,Khaleel Ahmed,4,42,0,10.5
2021,SRH v DC,Abhishek Sharma,1,14,0,14
2021,SRH v DC,Siddarth Kaul,4,31,2,7.75
2021,SRH v DC,Jagadeesha Suchith,4,21,0,5.25
2021,SRH v DC,Vijay Shankar,3,19,0,6.33
2021,SRH v DC,Rashid Khan,4,31,1,7.75
2021,SRH v DC,Kagiso Rabada,3,25,0,8.33
2021,SRH v DC,Ravichandran Ashwin,4,27,0,6.75
2021,SRH v DC,Marcus Stoinis,1,12,0,12
2021,SRH v DC,Axar Patel,4,26,2,6.5
2021,SRH v DC,Avesh Khan,4,34,3,8.5
2021,SRH v DC,Amit Mishra,4,31,1,7.75
2021,CSK v RCB,Mohammed Siraj,4,32,0,8
2021,CSK v RCB,Kyle Jamieson,3,31,0,10.33
2021,CSK v RCB,Yuzvendra Chahal,3,24,1,8
2021,CSK v RCB,Navdeep Saini,2,27,0,13.5
2021,CSK v RCB,Harshal Patel,4,51,3,12.75
2021,CSK v RCB,Dan Christian,2,12,0,6
2021,CSK v RCB,Washington Sundar,2,13,0,6.5
2021,CSK v RCB,Deepak Chahar,2,25,0,12.5
2021,CSK v RCB,Sam Curran,4,35,1,8.75
2021,CSK v RCB,Shardul Thakur,4,11,1,2.75
2021,CSK v RCB,Ravindra Jadeja,4,13,3,3.25
2021,CSK v RCB,Imran Tahir,4,16,2,4
2021,CSK v RCB,Dwayne Bravo,2,19,0,9.5
2021,RR v KKR,Jaydev Unadkat,4,25,1,6.25
2021,RR v KKR,Chetan Sakariya,4,31,1,7.75
2021,RR v KKR,Mustafizur Rahman,4,22,1,5.5
2021,RR v KKR,Chris Morris,4,23,4,5.75
2021,RR v KKR,Rahul Tewatia,3,24,0,8
2021,RR v KKR,Shivam Dube,1,5,0,5
2021,RR v KKR,Shivam Mavi,4,19,1,4.75
2021,RR v KKR,Pat Cummins,3.5,36,0,9.39
2021,RR v KKR,Varun Chakravarthy,4,32,2,8
2021,RR v KKR,Sunil Narine,4,20,0,5
2021,RR v KKR,Prasidh Krishna,3,20,1,6.66
2021,PBKS v MI,Moises Henriques,3,12,0,4
2021,PBKS v MI,Deepak Hooda,3,15,1,5
2021,PBKS v MI,Mohammed Shami,4,21,2,5.25
2021,PBKS v MI,Ravi Bishnoi,4,21,2,5.25
2021,PBKS v MI,Fabian Allen,3,30,0,10
2021,PBKS v MI,Arshdeep Singh,3,28,1,9.33
2021,PBKS v MI,Trent Boult,2.4,30,0,11.25
2021,PBKS v MI,Krunal Pandya,3,31,0,10.33
2021,PBKS v MI,Jasprit Bumrah,3,21,0,7
2021,PBKS v MI,Rahul Chahar,4,19,1,4.75
2021,PBKS v MI,Jayant Yadav,4,20,0,5
2021,PBKS v MI,Kieron Pollard,1,11,0,11
2021,RCB v RR,Mohammed Siraj,4,27,3,6.75
2021,RCB v RR,Kyle Jamieson,4,28,1,7
2021,RCB v RR,Kane Richardson,3,29,1,9.66
2021,RCB v RR,Yuzvendra Chahal,2,18,0,9
2021,RCB v RR,Washington Sundar,3,23,1,7.66
2021,RCB v RR,Harshal Patel,4,47,3,11.75
2021,RCB v RR,Shreyas Gopal,3,35,0,11.66
2021,RCB v RR,Chetan Sakariya,4,35,0,8.75
2021,RCB v RR,Chris Morris,3,38,0,12.66
2021,RCB v RR,Mustafizur Rahman,3.3,34,0,9.71
2021,RCB v RR,Rahul Tewatia,2,23,0,11.5
2021,RCB v RR,Riyan Parag,1,14,0,14
2021,KKR v CSK,Varun Chakravarthy,4,27,1,6.75
2021,KKR v CSK,Pat Cummins,4,58,0,14.5
2021,KKR v CSK,Sunil Narine,4,34,1,8.5
2021,KKR v CSK,Prasidh Krishna,4,49,0,12.25
2021,KKR v CSK,Andre Russell,2,27,1,13.5
2021,KKR v CSK,Kamlesh Nagarkoti,2,25,0,12.5
2021,KKR v CSK,Deepak Chahar,4,29,4,7.25
2021,KKR v CSK,Sam Curran,4,58,1,14.5
2021,KKR v CSK,Lungi Ngidi,4,28,3,7
2021,KKR v CSK,Ravindra Jadeja,4,33,0,8.25
2021,KKR v CSK,Shardul Thakur,3.1,48,0,15.15
2021,PBKS v SRH,Abhishek Sharma,4,24,2,6
2021,PBKS v SRH,Bhuvneshwar Kumar,3,16,1,5.33
2021,PBKS v SRH,Khaleel Ahmed,4,21,3,5.25
2021,PBKS v SRH,Siddarth Kaul,3.4,27,1,7.36
2021,PBKS v SRH,Vijay Shankar,1,6,0,6
2021,PBKS v SRH,Rashid Khan,4,17,1,4.25
2021,PBKS v SRH,Mohammed Shami,2,16,0,8
2021,PBKS v SRH,Fabian Allen,4,22,1,5.5
2021,PBKS v SRH,Arshdeep Singh,3.4,31,0,8.45
2021,PBKS v SRH,Moises Henriques,1,7,0,7
2021,PBKS v SRH,Murugan Ashwin,4,22,0,5.5
2021,PBKS v SRH,Deepak Hooda,4,22,0,5.5
2021,DC v MI,Marcus Stoinis,3,20,1,6.66
2021,DC v MI,Ravichandran Ashwin,4,31,0,7.75
2021,DC v MI,Kagiso Rabada,3,25,1,8.33
2021,DC v MI,Amit Mishra,4,24,4,6
2021,DC v MI,Avesh Khan,2,15,2,7.5
2021,DC v MI,Lalit Yadav,4,17,1,4.25
2021,DC v MI,Trent Boult,4,23,0,5.75
2021,DC v MI,Jayant Yadav,4,25,1,6.25
2021,DC v MI,Jasprit Bumrah,4,32,1,8
2021,DC v MI,Krunal Pandya,2,17,0,8.5
2021,DC v MI,Rahul Chahar,4,29,1,7.25
2021,DC v MI,Kieron Pollard,1.1,9,1,7.71
2021,CSK v RR,Jaydev Unadkat,4,40,0,10
2021,CSK v RR,Chetan Sakariya,4,36,3,9
2021,CSK v RR,Mustafizur Rahman,4,37,1,9.25
2021,CSK v RR,Chris Morris,4,33,2,8.25
2021,CSK v RR,Rahul Tewatia,3,21,1,7
2021,CSK v RR,Riyan Parag,1,16,0,16
2021,CSK v RR,Deepak Chahar,3,32,0,10.66
2021,CSK v RR,Sam Curran,4,24,2,6
2021,CSK v RR,Shardul Thakur,3,20,1,6.66
2021,CSK v RR,Ravindra Jadeja,4,28,2,7
2021,CSK v RR,Dwayne Bravo,3,28,1,9.33
2021,CSK v RR,Moeen Ali,3,7,3,2.33
2021,DC v PBKS,Chris Woakes,4,42,1,10.5
2021,DC v PBKS,Lukman Meriwala,3,32,1,10.66
2021,DC v PBKS,Ravichandran Ashwin,4,28,0,7
2021,DC v PBKS,Kagiso Rabada,4,43,1,10.75
2021,DC v PBKS,Lalit Yadav,1,11,0,11
2021,DC v PBKS,Avesh Khan,4,33,1,8.25
2021,DC v PBKS,Arshdeep Singh,3,22,1,7.33
2021,DC v PBKS,Mohammed Shami,4,53,0,13.25
2021,DC v PBKS,Jalaj Saxena,3,27,0,9
2021,DC v PBKS,Jhye Richardson,4,41,2,10.25
2021,DC v PBKS,Deepak Hooda,2,18,0,9
2021,DC v PBKS,Riley Meredith,2.2,35,1,15
2021,RCB v KKR,Harbhajan Singh,4,38,0,9.5
2021,RCB v KKR,Varun Chakravarthy,4,39,2,9.75
2021,RCB v KKR,Shakib Al Hasan,2,24,0,12
2021,RCB v KKR,Pat Cummins,4,34,1,8.5
2021,RCB v KKR,Prasidh Krishna,4,31,1,7.75
2021,RCB v KKR,Andre Russell,2,38,0,19
2021,RCB v KKR,Mohammed Siraj,3,17,0,5.66
2021,RCB v KKR,Kyle Jamieson,3,41,3,13.66
2021,RCB v KKR,Yuzvendra Chahal,4,34,2,8.5
2021,RCB v KKR,Washington Sundar,4,33,1,8.25
2021,RCB v KKR,Glenn Maxwell,2,24,0,12
2021,RCB v KKR,Harshal Patel,4,17,2,4.25
2021,MI v SRH,Bhuvneshwar Kumar,4,45,0,11.25
2021,MI v SRH,Khaleel Ahmed,4,24,1,6
2021,MI v SRH,Mujeeb Ur Rahman,4,29,2,7.25
2021,MI v SRH,Abhishek Sharma,1,5,0,5
2021,MI v SRH,Vijay Shankar,3,19,2,6.33
2021,MI v SRH,Rashid Khan,4,22,0,5.5
2021,MI v SRH,Trent Boult,3.4,28,3,7.63
2021,MI v SRH,Jasprit Bumrah,4,14,1,3.5
2021,MI v SRH,Adam Milne,3,33,0,11
2021,MI v SRH,Krunal Pandya,3,30,1,10
2021,MI v SRH,Rahul Chahar,4,19,3,4.75
2021,MI v SRH,Kieron Pollard,2,10,0,5
2021,PBKS v CSK,Deepak Chahar,4,13,4,3.25
2021,PBKS v CSK,Sam Curran,3,12,1,4
2021,PBKS v CSK,Shardul Thakur,4,35,0,8.75
2021,PBKS v CSK,Ravindra Jadeja,4,19,0,4.75
2021,PBKS v CSK,Moeen Ali,3,17,1,5.66
2021,PBKS v CSK,Dwayne Bravo,2,10,1,5
2021,PBKS v CSK,Mohammed Shami,4,21,2,5.25
2021,PBKS v CSK,Jhye Richardson,3,21,0,7
2021,PBKS v CSK,Arshdeep Singh,2,7,1,3.5
2021,PBKS v CSK,Riley Meredith,3.4,21,0,5.72
2021,PBKS v CSK,Murugan Ashwin,3,32,1,10.66
2021,RR v DC,Chetan Sakariya,4,33,0,8.25
2021,RR v DC,Jaydev Unadkat,4,15,3,3.75
2021,RR v DC,Chris Morris,3,27,1,9
2021,RR v DC,Mustafizur Rahman,4,29,2,7.25
2021,RR v DC,Riyan Parag,2,16,0,8
2021,RR v DC,Rahul Tewatia,3,27,0,9
2021,RR v DC,Chris Woakes,4,22,2,5.5
2021,RR v DC,Avesh Khan,4,32,3,8
2021,RR v DC,Kagiso Rabada,4,30,2,7.5
2021,RR v DC,Ravichandran Ashwin,3,14,0,4.66
2021,RR v DC,Tom Curran,3.4,35,0,9.54
2021,RR v DC,Marcus Stoinis,1,15,0,15
2021,SRH v RCB,Bhuvneshwar Kumar,4,30,1,7.5
2021,SRH v RCB,Jason Holder,4,30,3,7.5
2021,SRH v RCB,Shahbaz Nadeem,4,36,1,9
2021,SRH v RCB,T Natarajan,4,32,1,8
2021,SRH v RCB,Rashid Khan,4,18,2,4.5
2021,SRH v RCB,Mohammed Siraj,4,25,2,6.25
2021,SRH v RCB,Kyle Jamieson,3,30,1,10
2021,SRH v RCB,Washington Sundar,2,14,0,7
2021,SRH v RCB,Yuzvendra Chahal,4,29,0,7.25
2021,SRH v RCB,Harshal Patel,4,25,2,6.25
2021,SRH v RCB,Dan Christian,1,7,0,7
2021,SRH v RCB,Shahbaz Ahmed,2,7,3,3.5
2021,KKR v MI,Harbhajan Singh,2,17,0,8.5
2021,KKR v MI,Varun Chakravarthy,4,27,1,6.75
2021,KKR v MI,Shakib Al Hasan,4,23,1,5.75
2021,KKR v MI,Pat Cummins,4,24,2,6
2021,KKR v MI,Prasidh Krishna,4,42,1,10.5
2021,KKR v MI,Andre Russell,2,15,5,7.5
2021,KKR v MI,Trent Boult,4,27,2,6.75
2021,KKR v MI,Marco Jansen,2,17,0,8.5
2021,KKR v MI,Jasprit Bumrah,4,28,0,7
2021,KKR v MI,Krunal Pandya,4,13,1,3.25
2021,KKR v MI,Kieron Pollard,1,12,0,12
2021,KKR v MI,Rahul Chahar,4,27,4,6.75
2021,KKR v MI,Rohit Sharma,1,9,0,9
2021,RR v PBKS,Chetan Sakariya,4,31,3,7.75
2021,RR v PBKS,Mustafizur Rahman,4,45,0,11.25
2021,RR v PBKS,Chris Morris,4,41,2,10.25
2021,RR v PBKS,Shreyas Gopal,3,40,0,13.33
2021,RR v PBKS,Ben Stokes,1,12,0,12
2021,RR v PBKS,Rahul Tewatia,2,25,0,12.5
2021,RR v PBKS,Riyan Parag,1,7,1,7
2021,RR v PBKS,Shivam Dube,1,20,0,20
2021,RR v PBKS,Mohammed Shami,4,33,2,8.25
2021,RR v PBKS,Jhye Richardson,4,55,1,13.75
2021,RR v PBKS,Arshdeep Singh,4,35,3,8.75
2021,RR v PBKS,Riley Meredith,4,49,1,12.25
2021,RR v PBKS,Murugan Ashwin,4,43,0,10.75
2021,SRH v KKR,Bhuvneshwar Kumar,4,45,1,11.25
2021,SRH v KKR,Sandeep Sharma,3,35,0,11.66
2021,SRH v KKR,T Natarajan,4,37,1,9.25
2021,SRH v KKR,Mohammad Nabi,4,32,2,8
2021,SRH v KKR,Rashid Khan,4,24,2,6
2021,SRH v KKR,Vijay Shankar,1,14,0,14
2021,SRH v KKR,Harbhajan Singh,1,8,0,8
2021,SRH v KKR,Prasidh Krishna,4,35,2,8.75
2021,SRH v KKR,Shakib Al Hasan,4,34,1,8.5
2021,SRH v KKR,Pat Cummins,4,30,1,7.5
2021,SRH v KKR,Andre Russell,3,32,1,10.66
2021,SRH v KKR,Varun Chakravarthy,4,36,0,9
2021,CSK v DC,Chris Woakes,3,18,2,6
2021,CSK v DC,Avesh Khan,4,23,2,5.75
2021,CSK v DC,Ravichandran Ashwin,4,47,1,11.75
2021,CSK v DC,Tom Curran,4,40,1,10
2021,CSK v DC,Amit Mishra,3,27,0,9
2021,CSK v DC,Marcus Stoinis,2,26,0,13
2021,CSK v DC,Deepak Chahar,4,36,0,9
2021,CSK v DC,Sam Curran,2,24,0,12
2021,CSK v DC,Shardul Thakur,3.4,53,2,14.45
2021,CSK v DC,Ravindra Jadeja,2,16,0,8
2021,CSK v DC,Moeen Ali,3,33,0,11
2021,CSK v DC,Dwayne Bravo,4,28,1,7
2021,MI v RCB,Mohammed Siraj,4,22,0,5.5
2021,MI v RCB,Kyle Jamieson,4,27,1,6.75
2021,MI v RCB,Yuzvendra Chahal,4,41,0,10.25
2021,MI v RCB,Shahbaz Ahmed,1,14,0,14
2021,MI v RCB,Harshal Patel,4,27,5,6.75
2021,MI v RCB,Dan Christian,2,21,0,10.5
2021,MI v RCB,Washington Sundar,1,7,1,7
2021,MI v RCB,Trent Boult,4,36,1,9
2021,MI v RCB,Jasprit Bumrah,4,26,2,6.5
2021,MI v RCB,Marco Jansen,4,28,2,7
2021,MI v RCB,Krunal Pandya,4,25,1,6.25
2021,MI v RCB,Rahul Chahar,4,43,0,10.75
