season,match_name,fullName,runs,ballsFaced,strikeRate
2022,CSK v KKR,Ruturaj Gaikwad,0,4,0
2022,CSK v KKR,Devon Conway,3,8,37.5
2022,CSK v KKR,Robin Uthappa,28,21,133.33
2022,CSK v KKR,Ambati Rayudu,15,17,88.23
2022,CSK v KKR,Ravindra Jadeja,26,28,92.85
2022,CSK v KKR,Shivam Dube,3,6,50
2022,CSK v KKR,MS Dhoni,50,38,131.57
2022,CSK v KKR,Ajinkya Rahane,44,34,129.41
2022,CSK v KKR,Venkatesh Iyer,16,16,100
2022,CSK v KKR,Nitish Rana,21,17,123.52
2022,CSK v KKR,Shreyas Iyer,20,19,105.26
2022,CSK v KKR,Sam Billings,25,22,113.63
2022,CSK v KKR,Sheldon Jackson,3,3,100
2022,DC v MI,Rohit Sharma,41,32,128.12
2022,DC v MI,Ishan Kishan,81,48,168.75
2022,DC v MI,Anmolpreet Singh,8,9,88.88
2022,DC v MI,Tilak Varma,22,15,146.66
2022,DC v MI,Kieron Pollard,3,6,50
2022,DC v MI,Tim David,12,8,150
2022,DC v MI,Daniel Sams,7,2,350
2022,DC v MI,Prithvi Shaw,38,24,158.33
2022,DC v MI,Tim Seifert,21,14,150
2022,DC v MI,Mandeep Singh,0,2,0
2022,DC v MI,Rishabh Pant,1,2,50
2022,DC v MI,Lalit Yadav,48,38,126.31
2022,DC v MI,Rovman Powell,0,2,0
2022,DC v MI,Shardul Thakur,22,11,200
2022,DC v MI,Axar Patel,38,17,223.52
2022,PBKS v RCB,Faf du Plessis,88,57,154.38
2022,PBKS v RCB,Anuj Rawat,21,20,105
2022,PBKS v RCB,Virat Kohli,41,29,141.37
2022,PBKS v RCB,Dinesh Karthik,32,14,228.57
2022,PBKS v RCB,Mayank Agarwal,32,24,133.33
2022,PBKS v RCB,Shikhar Dhawan,43,29,148.27
2022,PBKS v RCB,Bhanuka Rajapaksa,43,22,195.45
2022,PBKS v RCB,Liam Livingstone,19,10,190
2022,PBKS v RCB,Raj Bawa,0,1,0
2022,PBKS v RCB,M Shahrukh Khan,24,20,120
2022,PBKS v RCB,Odean Smith,25,8,312.5
2022,GT v LSG,KL Rahul,0,1,0
2022,GT v LSG,Quinton de Kock,7,9,77.77
2022,GT v LSG,Evin Lewis,10,9,111.11
2022,GT v LSG,Manish Pandey,6,5,120
2022,GT v LSG,Deepak Hooda,55,41,134.14
2022,GT v LSG,Ayush Badoni,54,41,131.7
2022,GT v LSG,Krunal Pandya,21,13,161.53
2022,GT v LSG,Dushmantha Chameera,1,1,100
2022,GT v LSG,Shubman Gill,0,3,0
2022,GT v LSG,Matthew Wade,30,29,103.44
2022,GT v LSG,Vijay Shankar,4,6,66.66
2022,GT v LSG,Hardik Pandya,33,28,117.85
2022,GT v LSG,David Miller,30,21,142.85
2022,GT v LSG,Rahul Tewatia,40,24,166.66
2022,GT v LSG,Abhinav Manohar,15,7,214.28
2022,SRH v RR,Jos Buttler,35,28,125
2022,SRH v RR,Yashasvi Jaiswal,20,16,125
2022,SRH v RR,Sanju Samson,55,27,203.7
2022,SRH v RR,Devdutt Padikkal,41,29,141.37
2022,SRH v RR,Shimron Hetmyer,32,13,246.15
2022,SRH v RR,Riyan Parag,12,9,133.33
2022,SRH v RR,Nathan Coulter0Nile,1,2,50
2022,SRH v RR,Kane Williamson,2,7,28.57
2022,SRH v RR,Abhishek Sharma,9,19,47.36
2022,SRH v RR,Rahul Tripathi,0,3,0
2022,SRH v RR,Nicholas Pooran,0,9,0
2022,SRH v RR,Aiden Markram,57,41,139.02
2022,SRH v RR,Abdul Samad,4,6,66.66
2022,SRH v RR,Romario Shepherd,24,18,133.33
2022,SRH v RR,Washington Sundar,40,14,285.71
2022,SRH v RR,Bhuvneshwar Kumar,3,4,75
2022,RCB v KKR,Ajinkya Rahane,9,10,90
2022,RCB v KKR,Venkatesh Iyer,10,14,71.42
2022,RCB v KKR,Shreyas Iyer,13,10,130
2022,RCB v KKR,Nitish Rana,10,5,200
2022,RCB v KKR,Sunil Narine,12,8,150
2022,RCB v KKR,Sam Billings,14,15,93.33
2022,RCB v KKR,Sheldon Jackson,0,1,0
2022,RCB v KKR,Andre Russell,25,18,138.88
2022,RCB v KKR,Tim Southee,1,5,20
2022,RCB v KKR,Umesh Yadav,18,12,150
2022,RCB v KKR,Varun Chakravarthy,10,16,62.5
2022,RCB v KKR,Faf du Plessis,5,4,125
2022,RCB v KKR,Anuj Rawat,0,2,0
2022,RCB v KKR,Virat Kohli,12,7,171.42
2022,RCB v KKR,David Willey,18,28,64.28
2022,RCB v KKR,Sherfane Rutherford,28,40,70
2022,RCB v KKR,Shahbaz Ahmed,27,20,135
2022,RCB v KKR,Dinesh Karthik,14,7,200
2022,RCB v KKR,Wanindu Hasaranga de Silva,4,3,133.33
2022,RCB v KKR,Harshal Patel,10,6,166.66
2022,LSG v CSK,Robin Uthappa,50,27,185.18
2022,LSG v CSK,Ruturaj Gaikwad,1,4,25
2022,LSG v CSK,Moeen Ali,35,22,159.09
2022,LSG v CSK,Shivam Dube,49,30,163.33
2022,LSG v CSK,Ambati Rayudu,27,20,135
2022,LSG v CSK,Ravindra Jadeja,17,9,188.88
2022,LSG v CSK,MS Dhoni,16,6,266.66
2022,LSG v CSK,Dwaine Pretorius,0,1,0
2022,LSG v CSK,Dwayne Bravo,1,1,100
2022,LSG v CSK,KL Rahul,40,26,153.84
2022,LSG v CSK,Quinton de Kock,61,45,135.55
2022,LSG v CSK,Manish Pandey,5,6,83.33
2022,LSG v CSK,Evin Lewis,55,23,239.13
2022,LSG v CSK,Deepak Hooda,13,8,162.5
2022,LSG v CSK,Ayush Badoni,19,9,211.11
2022,KKR v PBKS,Mayank Agarwal,1,5,20
2022,KKR v PBKS,Shikhar Dhawan,16,15,106.66
2022,KKR v PBKS,Bhanuka Rajapaksa,31,9,344.44
2022,KKR v PBKS,Liam Livingstone,19,16,118.75
2022,KKR v PBKS,Raj Bawa,11,13,84.61
2022,KKR v PBKS,M Shahrukh Khan,0,5,0
2022,KKR v PBKS,Harpreet Brar,14,18,77.77
2022,KKR v PBKS,Odean Smith,9,12,75
2022,KKR v PBKS,Rahul Chahar,0,2,0
2022,KKR v PBKS,Kagiso Rabada,25,16,156.25
2022,KKR v PBKS,Arshdeep Singh,0,1,0
2022,KKR v PBKS,Ajinkya Rahane,12,11,109.09
2022,KKR v PBKS,Venkatesh Iyer,3,7,42.85
2022,KKR v PBKS,Shreyas Iyer,26,15,173.33
2022,KKR v PBKS,Sam Billings,24,23,104.34
2022,KKR v PBKS,Nitish Rana,0,2,0
2022,KKR v PBKS,Andre Russell,70,31,225.8
2022,MI v RR,Jos Buttler,100,68,147.05
2022,MI v RR,Yashasvi Jaiswal,1,2,50
2022,MI v RR,Devdutt Padikkal,7,7,100
2022,MI v RR,Sanju Samson,30,21,142.85
2022,MI v RR,Shimron Hetmyer,35,14,250
2022,MI v RR,Riyan Parag,5,4,125
2022,MI v RR,Ravichandran Ashwin,1,1,100
2022,MI v RR,Navdeep Saini,2,2,100
2022,MI v RR,Trent Boult,1,1,100
2022,MI v RR,Ishan Kishan,54,43,125.58
2022,MI v RR,Rohit Sharma,10,5,200
2022,MI v RR,Anmolpreet Singh,5,4,125
2022,MI v RR,Tilak Varma,61,33,184.84
2022,MI v RR,Kieron Pollard,22,24,91.66
2022,MI v RR,Tim David,1,3,33.33
2022,MI v RR,Daniel Sams,0,1,0
2022,MI v RR,Murugan Ashwin,6,8,75
2022,MI v RR,Jasprit Bumrah,0,1,0
2022,GT v DC,Matthew Wade,1,2,50
2022,GT v DC,Shubman Gill,84,46,182.6
2022,GT v DC,Vijay Shankar,13,20,65
2022,GT v DC,Hardik Pandya,31,27,114.81
2022,GT v DC,David Miller,20,15,133.33
2022,GT v DC,Rahul Tewatia,14,8,175
2022,GT v DC,Abhinav Manohar,1,2,50
2022,GT v DC,Rashid Khan,0,1,0
2022,GT v DC,Prithvi Shaw,10,7,142.85
2022,GT v DC,Tim Seifert,3,5,60
2022,GT v DC,Mandeep Singh,18,16,112.5
2022,GT v DC,Rishabh Pant,43,29,148.27
2022,GT v DC,Lalit Yadav,25,22,113.63
2022,GT v DC,Rovman Powell,20,12,166.66
2022,GT v DC,Axar Patel,8,4,200
2022,GT v DC,Shardul Thakur,2,5,40
2022,GT v DC,Kuldeep Yadav,14,14,100
2022,GT v DC,Khaleel Ahmed,0,1,0
2022,GT v DC,Mustafizur Rahman,3,5,60
2022,CSK v PBKS,Mayank Agarwal,4,2,200
2022,CSK v PBKS,Shikhar Dhawan,33,24,137.5
2022,CSK v PBKS,Bhanuka Rajapaksa,9,5,180
2022,CSK v PBKS,Liam Livingstone,60,32,187.5
2022,CSK v PBKS,Jitesh Sharma,26,17,152.94
2022,CSK v PBKS,M Shahrukh Khan,6,11,54.54
2022,CSK v PBKS,Odean Smith,3,7,42.85
2022,CSK v PBKS,Kagiso Rabada,12,12,100
2022,CSK v PBKS,Rahul Chahar,12,8,150
2022,CSK v PBKS,Vaibhav Arora,1,2,50
2022,CSK v PBKS,Robin Uthappa,13,10,130
2022,CSK v PBKS,Ruturaj Gaikwad,1,4,25
2022,CSK v PBKS,Moeen Ali,0,2,0
2022,CSK v PBKS,Ambati Rayudu,13,21,61.9
2022,CSK v PBKS,Ravindra Jadeja,0,3,0
2022,CSK v PBKS,Shivam Dube,57,30,190
2022,CSK v PBKS,MS Dhoni,23,28,82.14
2022,CSK v PBKS,Dwayne Bravo,0,1,0
2022,CSK v PBKS,Dwaine Pretorius,8,4,200
2022,CSK v PBKS,Chris Jordan,5,5,100
2022,CSK v PBKS,Mukesh Choudhary,2,2,100
2022,SRH v LSG,KL Rahul,68,50,136
2022,SRH v LSG,Quinton de Kock,1,4,25
2022,SRH v LSG,Evin Lewis,1,5,20
2022,SRH v LSG,Manish Pandey,11,10,110
2022,SRH v LSG,Deepak Hooda,51,33,154.54
2022,SRH v LSG,Ayush Badoni,19,12,158.33
2022,SRH v LSG,Krunal Pandya,6,3,200
2022,SRH v LSG,Jason Holder,8,3,266.66
2022,SRH v LSG,Abhishek Sharma,13,11,118.18
2022,SRH v LSG,Kane Williamson,16,16,100
2022,SRH v LSG,Rahul Tripathi,44,30,146.66
2022,SRH v LSG,Aiden Markram,12,14,85.71
2022,SRH v LSG,Nicholas Pooran,34,24,141.66
2022,SRH v LSG,Washington Sundar,18,14,128.57
2022,SRH v LSG,Abdul Samad,0,1,0
2022,SRH v LSG,Romario Shepherd,8,8,100
2022,SRH v LSG,Bhuvneshwar Kumar,1,2,50
2022,SRH v LSG,Umran Malik,1,1,100
2022,RR v RCB,Jos Buttler,70,47,148.93
2022,RR v RCB,Yashasvi Jaiswal,4,6,66.66
2022,RR v RCB,Devdutt Padikkal,37,29,127.58
2022,RR v RCB,Sanju Samson,8,8,100
2022,RR v RCB,Shimron Hetmyer,42,31,135.48
2022,RR v RCB,Faf du Plessis,29,20,145
2022,RR v RCB,Anuj Rawat,26,25,104
2022,RR v RCB,Virat Kohli,5,6,83.33
2022,RR v RCB,David Willey,0,2,0
2022,RR v RCB,Sherfane Rutherford,5,10,50
2022,RR v RCB,Shahbaz Ahmed,45,26,173.07
2022,RR v RCB,Dinesh Karthik,44,23,191.3
2022,RR v RCB,Harshal Patel,9,4,225
2022,KKR v MI,Rohit Sharma,3,12,25
2022,KKR v MI,Ishan Kishan,14,21,66.66
2022,KKR v MI,Dewald Brevis,29,19,152.63
2022,KKR v MI,Suryakumar Yadav,52,36,144.44
2022,KKR v MI,Tilak Varma,38,27,140.74
2022,KKR v MI,Kieron Pollard,22,5,440
2022,KKR v MI,Ajinkya Rahane,7,11,63.63
2022,KKR v MI,Venkatesh Iyer,50,41,121.95
2022,KKR v MI,Shreyas Iyer,10,6,166.66
2022,KKR v MI,Sam Billings,17,12,141.66
2022,KKR v MI,Nitish Rana,8,7,114.28
2022,KKR v MI,Andre Russell,11,5,220
2022,KKR v MI,Pat Cummins,56,15,373.33
2022,LSG v DC,Prithvi Shaw,61,34,179.41
2022,LSG v DC,David Warner,4,12,33.33
2022,LSG v DC,Rovman Powell,3,10,30
2022,LSG v DC,Rishabh Pant,39,36,108.33
2022,LSG v DC,Sarfaraz Khan,36,28,128.57
2022,LSG v DC,KL Rahul,24,25,96
2022,LSG v DC,Quinton de Kock,80,52,153.84
2022,LSG v DC,Evin Lewis,5,13,38.46
2022,LSG v DC,Deepak Hooda,11,13,84.61
2022,LSG v DC,Krunal Pandya,19,14,135.71
2022,LSG v DC,Ayush Badoni,10,3,333.33
2022,PBKS v GT,Mayank Agarwal,5,9,55.55
2022,PBKS v GT,Shikhar Dhawan,35,30,116.66
2022,PBKS v GT,Jonny Bairstow,8,8,100
2022,PBKS v GT,Liam Livingstone,64,27,237.03
2022,PBKS v GT,Jitesh Sharma,23,11,209.09
2022,PBKS v GT,Odean Smith,0,1,0
2022,PBKS v GT,M Shahrukh Khan,15,8,187.5
2022,PBKS v GT,Kagiso Rabada,1,1,100
2022,PBKS v GT,Rahul Chahar,22,14,157.14
2022,PBKS v GT,Vaibhav Arora,2,6,33.33
2022,PBKS v GT,Arshdeep Singh,10,5,200
2022,PBKS v GT,Matthew Wade,6,7,85.71
2022,PBKS v GT,Shubman Gill,96,59,162.71
2022,PBKS v GT,Sai Sudharsan,35,30,116.66
2022,PBKS v GT,Hardik Pandya,27,18,150
2022,PBKS v GT,David Miller,6,4,150
2022,PBKS v GT,Rahul Tewatia,13,3,433.33
2022,CSK v SRH,Robin Uthappa,15,11,136.36
2022,CSK v SRH,Ruturaj Gaikwad,16,13,123.07
2022,CSK v SRH,Moeen Ali,48,35,137.14
2022,CSK v SRH,Ambati Rayudu,27,27,100
2022,CSK v SRH,Shivam Dube,3,5,60
2022,CSK v SRH,Ravindra Jadeja,23,15,153.33
2022,CSK v SRH,MS Dhoni,3,6,50
2022,CSK v SRH,Dwayne Bravo,8,5,160
2022,CSK v SRH,Chris Jordan,6,3,200
2022,CSK v SRH,Abhishek Sharma,75,50,150
2022,CSK v SRH,Kane Williamson,32,40,80
2022,CSK v SRH,Rahul Tripathi,39,15,260
2022,CSK v SRH,Nicholas Pooran,5,2,250
2022,RCB v MI,Ishan Kishan,26,28,92.85
2022,RCB v MI,Rohit Sharma,26,15,173.33
2022,RCB v MI,Dewald Brevis,8,11,72.72
2022,RCB v MI,Suryakumar Yadav,68,37,183.78
2022,RCB v MI,Tilak Varma,0,3,0
2022,RCB v MI,Kieron Pollard,0,1,0
2022,RCB v MI,Ramandeep Singh,6,12,50
2022,RCB v MI,Jaydev Unadkat,13,14,92.85
2022,RCB v MI,Faf du Plessis,16,24,66.66
2022,RCB v MI,Anuj Rawat,66,47,140.42
2022,RCB v MI,Virat Kohli,48,36,133.33
2022,RCB v MI,Dinesh Karthik,7,2,350
2022,RCB v MI,Glenn Maxwell,8,2,400
2022,KKR v DC,Prithvi Shaw,51,29,175.86
2022,KKR v DC,David Warner,61,45,135.55
2022,KKR v DC,Rishabh Pant,27,14,192.85
2022,KKR v DC,Lalit Yadav,1,4,25
2022,KKR v DC,Rovman Powell,8,6,133.33
2022,KKR v DC,Axar Patel,22,14,157.14
2022,KKR v DC,Shardul Thakur,29,11,263.63
2022,KKR v DC,Ajinkya Rahane,8,14,57.14
2022,KKR v DC,Venkatesh Iyer,18,8,225
2022,KKR v DC,Shreyas Iyer,54,33,163.63
2022,KKR v DC,Nitish Rana,30,20,150
2022,KKR v DC,Andre Russell,24,21,114.28
2022,KKR v DC,Sam Billings,15,9,166.66
2022,KKR v DC,Pat Cummins,4,3,133.33
2022,KKR v DC,Sunil Narine,4,2,200
2022,KKR v DC,Umesh Yadav,0,1,0
2022,KKR v DC,Rasikh Salam,7,6,116.66
2022,KKR v DC,Varun Chakravarthy,1,1,100
2022,RR v LSG,Jos Buttler,13,11,118.18
2022,RR v LSG,Devdutt Padikkal,29,29,100
2022,RR v LSG,Sanju Samson,13,12,108.33
2022,RR v LSG,Rassie van der Dussen,4,4,100
2022,RR v LSG,Shimron Hetmyer,59,36,163.88
2022,RR v LSG,Ravichandran Ashwin,28,23,121.73
2022,RR v LSG,Riyan Parag,8,4,200
2022,RR v LSG,Trent Boult,2,1,200
2022,RR v LSG,KL Rahul,0,1,0
2022,RR v LSG,Quinton de Kock,39,32,121.87
2022,RR v LSG,Krishnappa Gowtham,0,1,0
2022,RR v LSG,Jason Holder,8,14,57.14
2022,RR v LSG,Deepak Hooda,25,24,104.16
2022,RR v LSG,Ayush Badoni,5,7,71.42
2022,RR v LSG,Krunal Pandya,22,15,146.66
2022,RR v LSG,Marcus Stoinis,38,17,223.52
2022,RR v LSG,Dushmantha Chameera,13,7,185.71
2022,RR v LSG,Avesh Khan,7,2,350
2022,SRH v GT,Matthew Wade,19,19,100
2022,SRH v GT,Shubman Gill,7,9,77.77
2022,SRH v GT,Sai Sudharsan,11,9,122.22
2022,SRH v GT,Hardik Pandya,50,42,119.04
2022,SRH v GT,David Miller,12,15,80
2022,SRH v GT,Abhinav Manohar,35,21,166.66
2022,SRH v GT,Rahul Tewatia,6,4,150
2022,SRH v GT,Rashid Khan,0,1,0
2022,SRH v GT,Abhishek Sharma,42,32,131.25
2022,SRH v GT,Kane Williamson,57,46,123.91
2022,SRH v GT,Rahul Tripathi,17,11,154.54
2022,SRH v GT,Nicholas Pooran,34,18,188.88
2022,SRH v GT,Aiden Markram,12,8,150
2022,CSK v RCB,Ruturaj Gaikwad,17,16,106.25
2022,CSK v RCB,Robin Uthappa,88,50,176
2022,CSK v RCB,Moeen Ali,3,8,37.5
2022,CSK v RCB,Shivam Dube,95,46,206.52
2022,CSK v RCB,Ravindra Jadeja,0,1,0
2022,CSK v RCB,MS Dhoni,0,0,0
2022,CSK v RCB,Faf du Plessis,8,9,88.88
2022,CSK v RCB,Anuj Rawat,12,16,75
2022,CSK v RCB,Virat Kohli,1,3,33.33
2022,CSK v RCB,Glenn Maxwell,26,11,236.36
2022,CSK v RCB,Shahbaz Ahmed,41,27,151.85
2022,CSK v RCB,Suyash Prabhudessai,34,18,188.88
2022,CSK v RCB,Dinesh Karthik,34,14,242.85
2022,CSK v RCB,Wanindu Hasaranga de Silva,7,3,233.33
2022,CSK v RCB,Akash Deep,0,2,0
2022,CSK v RCB,Mohammed Siraj,14,11,127.27
2022,CSK v RCB,Josh Hazlewood,7,7,100
2022,MI v PBKS,Mayank Agarwal,52,32,162.5
2022,MI v PBKS,Shikhar Dhawan,70,50,140
2022,MI v PBKS,Jonny Bairstow,12,13,92.3
2022,MI v PBKS,Liam Livingstone,2,3,66.66
2022,MI v PBKS,Jitesh Sharma,30,15,200
2022,MI v PBKS,M Shahrukh Khan,15,6,250
2022,MI v PBKS,Odean Smith,1,1,100
2022,MI v PBKS,Rohit Sharma,28,17,164.7
2022,MI v PBKS,Ishan Kishan,3,6,50
2022,MI v PBKS,Dewald Brevis,49,25,196
2022,MI v PBKS,Tilak Varma,36,20,180
2022,MI v PBKS,Suryakumar Yadav,43,30,143.33
2022,MI v PBKS,Kieron Pollard,10,11,90.9
2022,MI v PBKS,Jaydev Unadkat,12,7,171.42
2022,MI v PBKS,Murugan Ashwin,0,2,0
2022,MI v PBKS,Jasprit Bumrah,0,1,0
2022,MI v PBKS,Tymal Mills,0,2,0
2022,RR v GT,Matthew Wade,12,6,200
2022,RR v GT,Shubman Gill,13,14,92.85
2022,RR v GT,Vijay Shankar,2,7,28.57
2022,RR v GT,Hardik Pandya,87,52,167.3
2022,RR v GT,Abhinav Manohar,43,28,153.57
2022,RR v GT,David Miller,31,14,221.42
2022,RR v GT,Jos Buttler,54,24,225
2022,RR v GT,Devdutt Padikkal,0,1,0
2022,RR v GT,Ravichandran Ashwin,8,8,100
2022,RR v GT,Sanju Samson,11,11,100
2022,RR v GT,Rassie van der Dussen,6,10,60
2022,RR v GT,Shimron Hetmyer,29,17,170.58
2022,RR v GT,Riyan Parag,18,16,112.5
2022,RR v GT,James Neesham,17,15,113.33
2022,RR v GT,Prasidh Krishna,4,7,57.14
2022,RR v GT,Yuzvendra Chahal,5,8,62.5
2022,RR v GT,Kuldeep Sen,0,3,0
2022,SRH v KKR,Venkatesh Iyer,6,13,46.15
2022,SRH v KKR,Aaron Finch,7,5,140
2022,SRH v KKR,Shreyas Iyer,28,25,112
2022,SRH v KKR,Sunil Narine,6,2,300
2022,SRH v KKR,Nitish Rana,54,36,150
2022,SRH v KKR,Sheldon Jackson,7,7,100
2022,SRH v KKR,Andre Russell,49,25,196
2022,SRH v KKR,Pat Cummins,3,3,100
2022,SRH v KKR,Aman Hakim Khan,5,3,166.66
2022,SRH v KKR,Umesh Yadav,1,1,100
2022,SRH v KKR,Abhishek Sharma,3,10,30
2022,SRH v KKR,Kane Williamson,17,16,106.25
2022,SRH v KKR,Rahul Tripathi,71,37,191.89
2022,SRH v KKR,Aiden Markram,68,36,188.88
2022,SRH v KKR,Nicholas Pooran,5,8,62.5
2022,MI v LSG,KL Rahul,103,60,171.66
2022,MI v LSG,Quinton de Kock,24,13,184.61
2022,MI v LSG,Manish Pandey,38,29,131.03
2022,MI v LSG,Marcus Stoinis,10,9,111.11
2022,MI v LSG,Deepak Hooda,15,8,187.5
2022,MI v LSG,Krunal Pandya,1,1,100
2022,MI v LSG,Ishan Kishan,13,17,76.47
2022,MI v LSG,Rohit Sharma,6,7,85.71
2022,MI v LSG,Dewald Brevis,31,13,238.46
2022,MI v LSG,Suryakumar Yadav,37,27,137.03
2022,MI v LSG,Tilak Varma,26,26,100
2022,MI v LSG,Kieron Pollard,25,14,178.57
2022,MI v LSG,Fabian Allen,8,7,114.28
2022,MI v LSG,Jaydev Unadkat,14,6,233.33
2022,MI v LSG,Murugan Ashwin,6,2,300
2022,MI v LSG,Jasprit Bumrah,0,0,0
2022,MI v LSG,Tymal Mills,0,1,0
2022,DC v RCB,Faf du Plessis,8,11,72.72
2022,DC v RCB,Anuj Rawat,0,1,0
2022,DC v RCB,Virat Kohli,12,14,85.71
2022,DC v RCB,Glenn Maxwell,55,34,161.76
2022,DC v RCB,Suyash Prabhudessai,6,5,120
2022,DC v RCB,Shahbaz Ahmed,32,21,152.38
2022,DC v RCB,Dinesh Karthik,66,34,194.11
2022,DC v RCB,Prithvi Shaw,16,13,123.07
2022,DC v RCB,David Warner,66,38,173.68
2022,DC v RCB,Mitchell Marsh,14,24,58.33
2022,DC v RCB,Rishabh Pant,34,17,200
2022,DC v RCB,Rovman Powell,0,1,0
2022,DC v RCB,Lalit Yadav,1,4,25
2022,DC v RCB,Shardul Thakur,17,9,188.88
2022,DC v RCB,Axar Patel,10,7,142.85
2022,DC v RCB,Kuldeep Yadav,10,7,142.85
2022,PBKS v SRH,Shikhar Dhawan,8,11,72.72
2022,PBKS v SRH,Prabhsimran Singh,14,11,127.27
2022,PBKS v SRH,Jonny Bairstow,12,10,120
2022,PBKS v SRH,Liam Livingstone,60,33,181.81
2022,PBKS v SRH,Jitesh Sharma,11,8,137.5
2022,PBKS v SRH,M Shahrukh Khan,26,28,92.85
2022,PBKS v SRH,Odean Smith,13,15,86.66
2022,PBKS v SRH,Kagiso Rabada,0,0,0
2022,PBKS v SRH,Rahul Chahar,0,2,0
2022,PBKS v SRH,Vaibhav Arora,0,1,0
2022,PBKS v SRH,Arshdeep Singh,0,1,0
2022,PBKS v SRH,Abhishek Sharma,31,25,124
2022,PBKS v SRH,Kane Williamson,3,9,33.33
2022,PBKS v SRH,Rahul Tripathi,34,22,154.54
2022,PBKS v SRH,Aiden Markram,41,27,151.85
2022,PBKS v SRH,Nicholas Pooran,35,30,116.66
2022,GT v CSK,Ruturaj Gaikwad,73,48,152.08
2022,GT v CSK,Robin Uthappa,3,10,30
2022,GT v CSK,Moeen Ali,1,3,33.33
2022,GT v CSK,Ambati Rayudu,46,31,148.38
2022,GT v CSK,Shivam Dube,19,17,111.76
2022,GT v CSK,Ravindra Jadeja,22,12,183.33
2022,GT v CSK,Wriddhiman Saha,11,18,61.11
2022,GT v CSK,Shubman Gill,0,1,0
2022,GT v CSK,Vijay Shankar,0,2,0
2022,GT v CSK,Abhinav Manohar,12,12,100
2022,GT v CSK,David Miller,94,51,184.31
2022,GT v CSK,Rahul Tewatia,6,14,42.85
2022,GT v CSK,Rashid Khan,40,21,190.47
2022,GT v CSK,Alzarri Joseph,0,1,0
2022,GT v CSK,Lockie Ferguson,0,0,0
2022,RR v KKR,Jos Buttler,103,61,168.85
2022,RR v KKR,Devdutt Padikkal,24,18,133.33
2022,RR v KKR,Sanju Samson,38,19,200
2022,RR v KKR,Shimron Hetmyer,26,13,200
2022,RR v KKR,Riyan Parag,5,3,166.66
2022,RR v KKR,Karun Nair,3,5,60
2022,RR v KKR,Ravichandran Ashwin,2,2,100
2022,RR v KKR,Aaron Finch,58,28,207.14
2022,RR v KKR,Sunil Narine,0,0,0
2022,RR v KKR,Shreyas Iyer,85,51,166.66
2022,RR v KKR,Nitish Rana,18,11,163.63
2022,RR v KKR,Andre Russell,0,1,0
2022,RR v KKR,Venkatesh Iyer,6,7,85.71
2022,RR v KKR,Sheldon Jackson,8,8,100
2022,RR v KKR,Shivam Mavi,0,1,0
2022,RR v KKR,Pat Cummins,0,1,0
2022,RR v KKR,Umesh Yadav,21,9,233.33
2022,RR v KKR,Varun Chakravarthy,1,1,100
2022,LSG v RCB,Anuj Rawat,4,5,80
2022,LSG v RCB,Faf du Plessis,96,64,150
2022,LSG v RCB,Virat Kohli,0,1,0
2022,LSG v RCB,Glenn Maxwell,23,11,209.09
2022,LSG v RCB,Suyash Prabhudessai,10,9,111.11
2022,LSG v RCB,Shahbaz Ahmed,26,22,118.18
2022,LSG v RCB,Dinesh Karthik,13,8,162.5
2022,LSG v RCB,Harshal Patel,0,1,0
2022,LSG v RCB,Quinton de Kock,3,5,60
2022,LSG v RCB,KL Rahul,30,24,125
2022,LSG v RCB,Manish Pandey,6,8,75
2022,LSG v RCB,Krunal Pandya,42,28,150
2022,LSG v RCB,Deepak Hooda,13,14,92.85
2022,LSG v RCB,Ayush Badoni,13,13,100
2022,LSG v RCB,Marcus Stoinis,24,15,160
2022,LSG v RCB,Jason Holder,16,9,177.77
2022,LSG v RCB,Dushmantha Chameera,1,3,33.33
2022,LSG v RCB,Ravi Bishnoi,0,1,0
2022,DC v PBKS,Mayank Agarwal,24,15,160
2022,DC v PBKS,Shikhar Dhawan,9,10,90
2022,DC v PBKS,Jonny Bairstow,9,8,112.5
2022,DC v PBKS,Liam Livingstone,2,3,66.66
2022,DC v PBKS,Jitesh Sharma,32,23,139.13
2022,DC v PBKS,M Shahrukh Khan,12,20,60
2022,DC v PBKS,Kagiso Rabada,2,6,33.33
2022,DC v PBKS,Nathan Ellis,0,2,0
2022,DC v PBKS,Rahul Chahar,12,12,100
2022,DC v PBKS,Arshdeep Singh,9,17,52.94
2022,DC v PBKS,Vaibhav Arora,2,4,50
2022,DC v PBKS,Prithvi Shaw,41,20,205
2022,DC v PBKS,David Warner,60,30,200
2022,DC v PBKS,Sarfaraz Khan,12,13,92.3
2022,MI v CSK,Rohit Sharma,0,2,0
2022,MI v CSK,Ishan Kishan,0,1,0
2022,MI v CSK,Dewald Brevis,4,7,57.14
2022,MI v CSK,Suryakumar Yadav,32,21,152.38
2022,MI v CSK,Tilak Varma,51,43,118.6
2022,MI v CSK,Hrithik Shokeen,25,25,100
2022,MI v CSK,Kieron Pollard,14,9,155.55
2022,MI v CSK,Daniel Sams,5,3,166.66
2022,MI v CSK,Jaydev Unadkat,19,9,211.11
2022,MI v CSK,Ruturaj Gaikwad,0,1,0
2022,MI v CSK,Robin Uthappa,30,25,120
2022,MI v CSK,Mitchell Santner,11,9,122.22
2022,MI v CSK,Ambati Rayudu,40,35,114.28
2022,MI v CSK,Shivam Dube,13,14,92.85
2022,MI v CSK,Ravindra Jadeja,3,8,37.5
2022,MI v CSK,MS Dhoni,28,13,215.38
2022,MI v CSK,Dwaine Pretorius,22,14,157.14
2022,MI v CSK,Dwayne Bravo,1,1,100
2022,DC v RR,Jos Buttler,116,65,178.46
2022,DC v RR,Devdutt Padikkal,54,35,154.28
2022,DC v RR,Sanju Samson,46,19,242.1
2022,DC v RR,Shimron Hetmyer,1,1,100
2022,DC v RR,Prithvi Shaw,37,27,137.03
2022,DC v RR,David Warner,28,14,200
2022,DC v RR,Sarfaraz Khan,1,3,33.33
2022,DC v RR,Rishabh Pant,44,24,183.33
2022,DC v RR,Lalit Yadav,37,24,154.16
2022,DC v RR,Axar Patel,1,4,25
2022,DC v RR,Shardul Thakur,10,7,142.85
2022,DC v RR,Rovman Powell,36,15,240
2022,DC v RR,Kuldeep Yadav,0,3,0
2022,KKR v GT,Wriddhiman Saha,25,25,100
2022,KKR v GT,Shubman Gill,7,5,140
2022,KKR v GT,Hardik Pandya,67,49,136.73
2022,KKR v GT,David Miller,27,20,135
2022,KKR v GT,Rahul Tewatia,17,12,141.66
2022,KKR v GT,Rashid Khan,0,2,0
2022,KKR v GT,Abhinav Manohar,2,4,50
2022,KKR v GT,Lockie Ferguson,0,1,0
2022,KKR v GT,Alzarri Joseph,1,1,100
2022,KKR v GT,Yash Dayal,0,1,0
2022,KKR v GT,Sam Billings,4,4,100
2022,KKR v GT,Sunil Narine,5,5,100
2022,KKR v GT,Shreyas Iyer,12,15,80
2022,KKR v GT,Nitish Rana,2,7,28.57
2022,KKR v GT,Rinku Singh,35,28,125
2022,KKR v GT,Venkatesh Iyer,17,17,100
2022,KKR v GT,Andre Russell,48,25,192
2022,KKR v GT,Shivam Mavi,2,4,50
2022,KKR v GT,Umesh Yadav,15,15,100
2022,KKR v GT,Tim Southee,1,1,100
2022,RCB v SRH,Faf du Plessis,5,7,71.42
2022,RCB v SRH,Anuj Rawat,0,2,0
2022,RCB v SRH,Virat Kohli,0,1,0
2022,RCB v SRH,Glenn Maxwell,12,11,109.09
2022,RCB v SRH,Suyash Prabhudessai,15,20,75
2022,RCB v SRH,Shahbaz Ahmed,7,12,58.33
2022,RCB v SRH,Dinesh Karthik,0,3,0
2022,RCB v SRH,Harshal Patel,4,8,50
2022,RCB v SRH,Wanindu Hasaranga de Silva,8,19,42.1
2022,RCB v SRH,Josh Hazlewood,3,11,27.27
2022,RCB v SRH,Mohammed Siraj,2,4,50
2022,RCB v SRH,Abhishek Sharma,47,28,167.85
2022,RCB v SRH,Kane Williamson,16,17,94.11
2022,RCB v SRH,Rahul Tripathi,7,3,233.33
2022,LSG v MI,Quinton de Kock,10,9,111.11
2022,LSG v MI,KL Rahul,103,62,166.12
2022,LSG v MI,Manish Pandey,22,22,100
2022,LSG v MI,Marcus Stoinis,0,3,0
2022,LSG v MI,Krunal Pandya,1,2,50
2022,LSG v MI,Deepak Hooda,10,9,111.11
2022,LSG v MI,Ayush Badoni,14,11,127.27
2022,LSG v MI,Jason Holder,0,2,0
2022,LSG v MI,Ishan Kishan,8,20,40
2022,LSG v MI,Rohit Sharma,39,31,125.8
2022,LSG v MI,Dewald Brevis,3,5,60
2022,LSG v MI,Suryakumar Yadav,7,7,100
2022,LSG v MI,Tilak Varma,38,27,140.74
2022,LSG v MI,Kieron Pollard,19,20,95
2022,LSG v MI,Daniel Sams,3,7,42.85
2022,LSG v MI,Jaydev Unadkat,1,1,100
2022,LSG v MI,Hrithik Shokeen,0,0,0
2022,LSG v MI,Jasprit Bumrah,0,2,0
2022,PBKS v CSK,Mayank Agarwal,18,21,85.71
2022,PBKS v CSK,Shikhar Dhawan,88,59,149.15
2022,PBKS v CSK,Bhanuka Rajapaksa,42,32,131.25
2022,PBKS v CSK,Liam Livingstone,19,7,271.42
2022,PBKS v CSK,Jonny Bairstow,6,3,200
2022,PBKS v CSK,Ruturaj Gaikwad,30,27,111.11
2022,PBKS v CSK,Robin Uthappa,1,7,14.28
2022,PBKS v CSK,Mitchell Santner,9,15,60
2022,PBKS v CSK,Shivam Dube,8,7,114.28
2022,PBKS v CSK,Ambati Rayudu,78,39,200
2022,PBKS v CSK,Ravindra Jadeja,21,16,131.25
2022,PBKS v CSK,MS Dhoni,12,8,150
2022,PBKS v CSK,Dwaine Pretorius,1,1,100
2022,RCB v RR,Jos Buttler,8,9,88.88
2022,RCB v RR,Devdutt Padikkal,7,7,100
2022,RCB v RR,Ravichandran Ashwin,17,9,188.88
2022,RCB v RR,Sanju Samson,27,21,128.57
2022,RCB v RR,Daryl Mitchell,16,24,66.66
2022,RCB v RR,Riyan Parag,56,31,180.64
2022,RCB v RR,Shimron Hetmyer,3,7,42.85
2022,RCB v RR,Trent Boult,5,7,71.42
2022,RCB v RR,Prasidh Krishna,2,5,40
2022,RCB v RR,Yuzvendra Chahal,0,0,0
2022,RCB v RR,Virat Kohli,9,10,90
2022,RCB v RR,Faf du Plessis,23,21,109.52
2022,RCB v RR,Rajat Patidar,16,16,100
2022,RCB v RR,Glenn Maxwell,0,1,0
2022,RCB v RR,Shahbaz Ahmed,17,27,62.96
2022,RCB v RR,Suyash Prabhudessai,2,7,28.57
2022,RCB v RR,Dinesh Karthik,6,4,150
2022,RCB v RR,Wanindu Hasaranga de Silva,18,13,138.46
2022,RCB v RR,Harshal Patel,8,11,72.72
2022,RCB v RR,Mohammed Siraj,5,5,100
2022,RCB v RR,Josh Hazlewood,0,2,0
2022,GT v SRH,Abhishek Sharma,65,42,154.76
2022,GT v SRH,Kane Williamson,5,8,62.5
2022,GT v SRH,Rahul Tripathi,16,10,160
2022,GT v SRH,Aiden Markram,56,40,140
2022,GT v SRH,Nicholas Pooran,3,5,60
2022,GT v SRH,Washington Sundar,3,4,75
2022,GT v SRH,Shashank Singh,25,6,416.66
2022,GT v SRH,Marco Jansen,8,5,160
2022,GT v SRH,Wriddhiman Saha,68,38,178.94
2022,GT v SRH,Shubman Gill,22,24,91.66
2022,GT v SRH,Hardik Pandya,10,6,166.66
2022,GT v SRH,David Miller,17,19,89.47
2022,GT v SRH,Rahul Tewatia,40,21,190.47
2022,GT v SRH,Abhinav Manohar,0,1,0
2022,GT v SRH,Rashid Khan,31,11,281.81
2022,DC v KKR,Aaron Finch,3,7,42.85
2022,DC v KKR,Venkatesh Iyer,6,12,50
2022,DC v KKR,Shreyas Iyer,42,37,113.51
2022,DC v KKR,Baba Indrajith,6,8,75
2022,DC v KKR,Sunil Narine,0,1,0
2022,DC v KKR,Nitish Rana,57,34,167.64
2022,DC v KKR,Andre Russell,0,3,0
2022,DC v KKR,Rinku Singh,23,16,143.75
2022,DC v KKR,Umesh Yadav,0,1,0
2022,DC v KKR,Tim Southee,0,1,0
2022,DC v KKR,Harshit Rana,0,1,0
2022,DC v KKR,Prithvi Shaw,0,1,0
2022,DC v KKR,David Warner,42,26,161.53
2022,DC v KKR,Mitchell Marsh,13,7,185.71
2022,DC v KKR,Lalit Yadav,22,29,75.86
2022,DC v KKR,Rishabh Pant,2,5,40
2022,DC v KKR,Rovman Powell,33,16,206.25
2022,DC v KKR,Axar Patel,24,17,141.17
2022,DC v KKR,Shardul Thakur,8,14,57.14
2022,PBKS v LSG,Quinton de Kock,46,37,124.32
2022,PBKS v LSG,KL Rahul,6,11,54.54
2022,PBKS v LSG,Deepak Hooda,34,28,121.42
2022,PBKS v LSG,Krunal Pandya,7,7,100
2022,PBKS v LSG,Marcus Stoinis,1,4,25
2022,PBKS v LSG,Ayush Badoni,4,4,100
2022,PBKS v LSG,Jason Holder,11,8,137.5
2022,PBKS v LSG,Dushmantha Chameera,17,10,170
2022,PBKS v LSG,Mohsin Khan,13,6,216.66
2022,PBKS v LSG,Avesh Khan,2,5,40
2022,PBKS v LSG,Mayank Agarwal,25,17,147.05
2022,PBKS v LSG,Shikhar Dhawan,5,15,33.33
2022,PBKS v LSG,Jonny Bairstow,32,28,114.28
2022,PBKS v LSG,Bhanuka Rajapaksa,9,7,128.57
2022,PBKS v LSG,Liam Livingstone,18,16,112.5
2022,PBKS v LSG,Jitesh Sharma,2,5,40
2022,PBKS v LSG,Rishi Dhawan,21,22,95.45
2022,PBKS v LSG,Kagiso Rabada,2,5,40
2022,PBKS v LSG,Rahul Chahar,4,4,100
2022,PBKS v LSG,Arshdeep Singh,0,2,0
2022,GT v RCB,Virat Kohli,58,53,109.43
2022,GT v RCB,Faf du Plessis,0,4,0
2022,GT v RCB,Rajat Patidar,52,32,162.5
2022,GT v RCB,Glenn Maxwell,33,18,183.33
2022,GT v RCB,Dinesh Karthik,2,3,66.66
2022,GT v RCB,Shahbaz Ahmed,2,2,100
2022,GT v RCB,Mahipal Lomror,16,8,200
2022,GT v RCB,Wriddhiman Saha,29,22,131.81
2022,GT v RCB,Shubman Gill,31,28,110.71
2022,GT v RCB,Sai Sudharsan,20,14,142.85
2022,GT v RCB,Hardik Pandya,3,5,60
2022,GT v RCB,David Miller,39,24,162.5
2022,GT v RCB,Rahul Tewatia,43,25,172
2022,RR v MI,Jos Buttler,67,52,128.84
2022,RR v MI,Devdutt Padikkal,15,15,100
2022,RR v MI,Sanju Samson,16,7,228.57
2022,RR v MI,Daryl Mitchell,17,20,85
2022,RR v MI,Shimron Hetmyer,6,14,42.85
2022,RR v MI,Riyan Parag,3,3,100
2022,RR v MI,Ravichandran Ashwin,21,9,233.33
2022,RR v MI,Trent Boult,1,1,100
2022,RR v MI,Rohit Sharma,2,5,40
2022,RR v MI,Ishan Kishan,26,18,144.44
2022,RR v MI,Suryakumar Yadav,51,39,130.76
2022,RR v MI,Tilak Varma,35,30,116.66
2022,RR v MI,Kieron Pollard,10,14,71.42
2022,RR v MI,Tim David,20,9,222.22
2022,RR v MI,Daniel Sams,6,1,600
2022,DC v LSG,Quinton de Kock,23,13,176.92
2022,DC v LSG,KL Rahul,77,51,150.98
2022,DC v LSG,Deepak Hooda,52,34,152.94
2022,DC v LSG,Marcus Stoinis,17,16,106.25
2022,DC v LSG,Krunal Pandya,9,6,150
2022,DC v LSG,Prithvi Shaw,5,7,71.42
2022,DC v LSG,David Warner,3,4,75
2022,DC v LSG,Mitchell Marsh,37,20,185
2022,DC v LSG,Rishabh Pant,44,30,146.66
2022,DC v LSG,Lalit Yadav,3,4,75
2022,DC v LSG,Rovman Powell,35,21,166.66
2022,DC v LSG,Axar Patel,42,24,175
2022,DC v LSG,Shardul Thakur,1,2,50
2022,DC v LSG,Kuldeep Yadav,16,8,200
2022,SRH v CSK,Ruturaj Gaikwad,99,57,173.68
2022,SRH v CSK,Devon Conway,85,55,154.54
2022,SRH v CSK,MS Dhoni,8,7,114.28
2022,SRH v CSK,Ravindra Jadeja,1,1,100
2022,SRH v CSK,Abhishek Sharma,39,24,162.5
2022,SRH v CSK,Kane Williamson,47,37,127.02
2022,SRH v CSK,Rahul Tripathi,0,1,0
2022,SRH v CSK,Aiden Markram,17,10,170
2022,SRH v CSK,Nicholas Pooran,64,33,193.93
2022,SRH v CSK,Shashank Singh,15,14,107.14
2022,SRH v CSK,Washington Sundar,2,2,100
2022,SRH v CSK,Marco Jansen,0,0,0
2022,KKR v RR,Jos Buttler,22,25,88
2022,KKR v RR,Devdutt Padikkal,2,5,40
2022,KKR v RR,Sanju Samson,54,49,110.2
2022,KKR v RR,Karun Nair,13,13,100
2022,KKR v RR,Riyan Parag,19,12,158.33
2022,KKR v RR,Shimron Hetmyer,27,13,207.69
2022,KKR v RR,Ravichandran Ashwin,6,5,120
2022,KKR v RR,Baba Indrajith,15,16,93.75
2022,KKR v RR,Aaron Finch,4,7,57.14
2022,KKR v RR,Shreyas Iyer,34,32,106.25
2022,KKR v RR,Nitish Rana,48,37,129.72
2022,KKR v RR,Rinku Singh,42,23,182.6
2022,GT v PBKS,Wriddhiman Saha,21,17,123.52
2022,GT v PBKS,Shubman Gill,9,6,150
2022,GT v PBKS,Sai Sudharsan,65,50,130
2022,GT v PBKS,Hardik Pandya,1,7,14.28
2022,GT v PBKS,David Miller,11,14,78.57
2022,GT v PBKS,Rahul Tewatia,11,13,84.61
2022,GT v PBKS,Rashid Khan,0,1,0
2022,GT v PBKS,Pradeep Sangwan,2,5,40
2022,GT v PBKS,Lockie Ferguson,5,3,166.66
2022,GT v PBKS,Alzarri Joseph,4,5,80
2022,GT v PBKS,Jonny Bairstow,1,6,16.66
2022,GT v PBKS,Shikhar Dhawan,62,53,116.98
2022,GT v PBKS,Bhanuka Rajapaksa,40,28,142.85
2022,GT v PBKS,Liam Livingstone,30,10,300
2022,RCB v CSK,Virat Kohli,30,33,90.9
2022,RCB v CSK,Faf du Plessis,38,22,172.72
2022,RCB v CSK,Glenn Maxwell,3,3,100
2022,RCB v CSK,Mahipal Lomror,42,27,155.55
2022,RCB v CSK,Rajat Patidar,21,15,140
2022,RCB v CSK,Dinesh Karthik,26,17,152.94
2022,RCB v CSK,Wanindu Hasaranga de Silva,0,1,0
2022,RCB v CSK,Shahbaz Ahmed,1,2,50
2022,RCB v CSK,Harshal Patel,0,0,0
2022,RCB v CSK,Mohammed Siraj,0,0,0
2022,RCB v CSK,Ruturaj Gaikwad,28,23,121.73
2022,RCB v CSK,Devon Conway,56,37,151.35
2022,RCB v CSK,Robin Uthappa,1,3,33.33
2022,RCB v CSK,Ambati Rayudu,10,8,125
2022,RCB v CSK,Moeen Ali,34,27,125.92
2022,RCB v CSK,Ravindra Jadeja,3,5,60
2022,RCB v CSK,MS Dhoni,2,3,66.66
2022,RCB v CSK,Dwaine Pretorius,13,8,162.5
2022,RCB v CSK,Simarjeet Singh,2,2,100
2022,RCB v CSK,Maheesh Theekshana,7,4,175
2022,DC v SRH,Mandeep Singh,0,5,0
2022,DC v SRH,David Warner,92,58,158.62
2022,DC v SRH,Mitchell Marsh,10,7,142.85
2022,DC v SRH,Rishabh Pant,26,16,162.5
2022,DC v SRH,Rovman Powell,67,35,191.42
2022,DC v SRH,Abhishek Sharma,7,6,116.66
2022,DC v SRH,Kane Williamson,4,11,36.36
2022,DC v SRH,Rahul Tripathi,22,18,122.22
2022,DC v SRH,Aiden Markram,42,25,168
2022,DC v SRH,Nicholas Pooran,62,34,182.35
2022,DC v SRH,Shashank Singh,10,6,166.66
2022,DC v SRH,Sean Abbott,7,5,140
2022,DC v SRH,Shreyas Gopal,9,7,128.57
2022,DC v SRH,Kartik Tyagi,7,5,140
2022,DC v SRH,Bhuvneshwar Kumar,5,3,166.66
2022,GT v MI,Ishan Kishan,45,29,155.17
2022,GT v MI,Rohit Sharma,43,28,153.57
2022,GT v MI,Suryakumar Yadav,13,11,118.18
2022,GT v MI,Tilak Varma,21,16,131.25
2022,GT v MI,Kieron Pollard,4,14,28.57
2022,GT v MI,Tim David,44,21,209.52
2022,GT v MI,Daniel Sams,0,2,0
2022,GT v MI,Murugan Ashwin,0,0,0
2022,GT v MI,Wriddhiman Saha,55,40,137.5
2022,GT v MI,Shubman Gill,52,36,144.44
2022,GT v MI,Hardik Pandya,24,14,171.42
2022,GT v MI,Sai Sudharsan,14,11,127.27
2022,GT v MI,David Miller,19,14,135.71
2022,GT v MI,Rahul Tewatia,3,4,75
2022,GT v MI,Rashid Khan,1,1,100
2022,PBKS v RR,Jonny Bairstow,56,40,140
2022,PBKS v RR,Shikhar Dhawan,12,16,75
2022,PBKS v RR,Bhanuka Rajapaksa,27,18,150
2022,PBKS v RR,Mayank Agarwal,15,13,115.38
2022,PBKS v RR,Jitesh Sharma,38,18,211.11
2022,PBKS v RR,Liam Livingstone,22,14,157.14
2022,PBKS v RR,Rishi Dhawan,5,2,250
2022,PBKS v RR,Yashasvi Jaiswal,68,41,165.85
2022,PBKS v RR,Jos Buttler,30,16,187.5
2022,PBKS v RR,Sanju Samson,23,12,191.66
2022,PBKS v RR,Devdutt Padikkal,31,32,96.87
2022,PBKS v RR,Shimron Hetmyer,31,16,193.75
2022,PBKS v RR,Riyan Parag,0,1,0
2022,LSG v KKR,Quinton de Kock,50,29,172.41
2022,LSG v KKR,KL Rahul,0,0,0
2022,LSG v KKR,Deepak Hooda,41,27,151.85
2022,LSG v KKR,Krunal Pandya,25,27,92.59
2022,LSG v KKR,Ayush Badoni,15,18,83.33
2022,LSG v KKR,Marcus Stoinis,28,14,200
2022,LSG v KKR,Jason Holder,13,4,325
2022,LSG v KKR,Dushmantha Chameera,0,1,0
2022,LSG v KKR,Baba Indrajith,0,6,0
2022,LSG v KKR,Aaron Finch,14,14,100
2022,LSG v KKR,Shreyas Iyer,6,9,66.66
2022,LSG v KKR,Nitish Rana,2,11,18.18
2022,LSG v KKR,Rinku Singh,6,10,60
2022,LSG v KKR,Andre Russell,45,19,236.84
2022,LSG v KKR,Sunil Narine,22,12,183.33
2022,LSG v KKR,Anukul Roy,0,2,0
2022,LSG v KKR,Shivam Mavi,1,2,50
2022,LSG v KKR,Tim Southee,0,1,0
2022,LSG v KKR,Harshit Rana,2,1,200
2022,SRH v RCB,Virat Kohli,0,1,0
2022,SRH v RCB,Faf du Plessis,73,50,146
2022,SRH v RCB,Rajat Patidar,48,38,126.31
2022,SRH v RCB,Glenn Maxwell,33,24,137.5
2022,SRH v RCB,Dinesh Karthik,30,8,375
2022,SRH v RCB,Abhishek Sharma,0,3,0
2022,SRH v RCB,Kane Williamson,0,0,0
2022,SRH v RCB,Rahul Tripathi,58,37,156.75
2022,SRH v RCB,Aiden Markram,21,27,77.77
2022,SRH v RCB,Nicholas Pooran,19,14,135.71
2022,SRH v RCB,Jagadeesha Suchith,2,7,28.57
2022,SRH v RCB,Shashank Singh,8,9,88.88
2022,SRH v RCB,Kartik Tyagi,0,1,0
2022,SRH v RCB,Bhuvneshwar Kumar,8,9,88.88
2022,SRH v RCB,Umran Malik,0,1,0
2022,SRH v RCB,Fazalhaq Farooqi,2,8,25
2022,CSK v DC,Ruturaj Gaikwad,41,33,124.24
2022,CSK v DC,Devon Conway,87,49,177.55
2022,CSK v DC,Shivam Dube,32,19,168.42
2022,CSK v DC,Ambati Rayudu,5,6,83.33
2022,CSK v DC,MS Dhoni,21,8,262.5
2022,CSK v DC,Moeen Ali,9,4,225
2022,CSK v DC,Robin Uthappa,0,1,0
2022,CSK v DC,Dwayne Bravo,1,1,100
2022,CSK v DC,David Warner,19,12,158.33
2022,CSK v DC,Srikar Bharat,8,5,160
2022,CSK v DC,Mitchell Marsh,25,20,125
2022,CSK v DC,Rishabh Pant,21,11,190.9
2022,CSK v DC,Rovman Powell,3,9,33.33
2022,CSK v DC,Ripal Patel,6,3,200
2022,CSK v DC,Axar Patel,1,3,33.33
2022,CSK v DC,Shardul Thakur,24,19,126.31
2022,CSK v DC,Kuldeep Yadav,5,17,29.41
2022,CSK v DC,Anrich Nortje,1,6,16.66
2022,CSK v DC,Khaleel Ahmed,0,1,0
2022,MI v KKR,Venkatesh Iyer,43,24,179.16
2022,MI v KKR,Ajinkya Rahane,25,24,104.16
2022,MI v KKR,Nitish Rana,43,26,165.38
2022,MI v KKR,Shreyas Iyer,6,8,75
2022,MI v KKR,Andre Russell,9,5,180
2022,MI v KKR,Rinku Singh,23,19,121.05
2022,MI v KKR,Sheldon Jackson,5,7,71.42
2022,MI v KKR,Pat Cummins,0,2,0
2022,MI v KKR,Sunil Narine,0,1,0
2022,MI v KKR,Tim Southee,0,4,0
2022,MI v KKR,Varun Chakravarthy,0,0,0
2022,MI v KKR,Rohit Sharma,2,6,33.33
2022,MI v KKR,Ishan Kishan,51,43,118.6
2022,MI v KKR,Tilak Varma,6,5,120
2022,MI v KKR,Ramandeep Singh,12,16,75
2022,MI v KKR,Tim David,13,9,144.44
2022,MI v KKR,Kieron Pollard,15,16,93.75
2022,MI v KKR,Daniel Sams,1,2,50
2022,MI v KKR,Murugan Ashwin,0,2,0
2022,MI v KKR,Kumar Kartikeya,3,5,60
2022,MI v KKR,Jasprit Bumrah,0,0,0
2022,MI v KKR,Riley Meredith,0,1,0
2022,LSG v GT,Wriddhiman Saha,5,11,45.45
2022,LSG v GT,Shubman Gill,63,49,128.57
2022,LSG v GT,Matthew Wade,10,7,142.85
2022,LSG v GT,Hardik Pandya,11,13,84.61
2022,LSG v GT,David Miller,26,24,108.33
2022,LSG v GT,Rahul Tewatia,22,16,137.5
2022,LSG v GT,Quinton de Kock,11,10,110
2022,LSG v GT,KL Rahul,8,16,50
2022,LSG v GT,Deepak Hooda,27,26,103.84
2022,LSG v GT,Karan Sharma,4,4,100
2022,LSG v GT,Krunal Pandya,5,5,100
2022,LSG v GT,Ayush Badoni,8,11,72.72
2022,LSG v GT,Marcus Stoinis,2,2,100
2022,LSG v GT,Jason Holder,1,2,50
2022,LSG v GT,Mohsin Khan,1,3,33.33
2022,LSG v GT,Dushmantha Chameera,0,0,0
2022,LSG v GT,Avesh Khan,12,4,300
2022,RR v DC,Yashasvi Jaiswal,19,19,100
2022,RR v DC,Jos Buttler,7,11,63.63
2022,RR v DC,Ravichandran Ashwin,50,38,131.57
2022,RR v DC,Devdutt Padikkal,48,30,160
2022,RR v DC,Sanju Samson,6,4,150
2022,RR v DC,Riyan Parag,9,5,180
2022,RR v DC,Rassie van der Dussen,12,10,120
2022,RR v DC,Trent Boult,3,3,100
2022,RR v DC,Srikar Bharat,0,2,0
2022,RR v DC,David Warner,52,41,126.82
2022,RR v DC,Mitchell Marsh,89,62,143.54
2022,RR v DC,Rishabh Pant,13,4,325
2022,CSK v MI,Ruturaj Gaikwad,7,6,116.66
2022,CSK v MI,Devon Conway,0,1,0
2022,CSK v MI,Moeen Ali,0,2,0
2022,CSK v MI,Robin Uthappa,1,6,16.66
2022,CSK v MI,Ambati Rayudu,10,14,71.42
2022,CSK v MI,MS Dhoni,36,33,109.09
2022,CSK v MI,Shivam Dube,10,9,111.11
2022,CSK v MI,Dwayne Bravo,12,15,80
2022,CSK v MI,Simarjeet Singh,2,3,66.66
2022,CSK v MI,Maheesh Theekshana,0,3,0
2022,CSK v MI,Mukesh Choudhary,4,4,100
2022,CSK v MI,Ishan Kishan,6,5,120
2022,CSK v MI,Rohit Sharma,18,14,128.57
2022,CSK v MI,Daniel Sams,1,6,16.66
2022,CSK v MI,Tilak Varma,34,32,106.25
2022,CSK v MI,Tristan Stubbs,0,2,0
2022,CSK v MI,Hrithik Shokeen,18,23,78.26
2022,CSK v MI,Tim David,16,7,228.57
2022,RCB v PBKS,Jonny Bairstow,66,29,227.58
2022,RCB v PBKS,Shikhar Dhawan,21,15,140
2022,RCB v PBKS,Bhanuka Rajapaksa,1,3,33.33
2022,RCB v PBKS,Liam Livingstone,70,42,166.66
2022,RCB v PBKS,Mayank Agarwal,19,16,118.75
2022,RCB v PBKS,Jitesh Sharma,9,5,180
2022,RCB v PBKS,Harpreet Brar,7,5,140
2022,RCB v PBKS,Rishi Dhawan,7,3,233.33
2022,RCB v PBKS,Rahul Chahar,2,2,100
2022,RCB v PBKS,Kagiso Rabada,0,1,0
2022,RCB v PBKS,Virat Kohli,20,14,142.85
2022,RCB v PBKS,Faf du Plessis,10,8,125
2022,RCB v PBKS,Rajat Patidar,26,21,123.8
2022,RCB v PBKS,Mahipal Lomror,6,3,200
2022,RCB v PBKS,Glenn Maxwell,35,22,159.09
2022,RCB v PBKS,Dinesh Karthik,11,11,100
2022,RCB v PBKS,Shahbaz Ahmed,9,14,64.28
2022,RCB v PBKS,Harshal Patel,11,7,157.14
2022,RCB v PBKS,Wanindu Hasaranga de Silva,1,3,33.33
2022,RCB v PBKS,Mohammed Siraj,9,13,69.23
2022,RCB v PBKS,Josh Hazlewood,7,4,175
2022,KKR v SRH,Venkatesh Iyer,7,6,116.66
2022,KKR v SRH,Ajinkya Rahane,28,24,116.66
2022,KKR v SRH,Nitish Rana,26,16,162.5
2022,KKR v SRH,Shreyas Iyer,15,9,166.66
2022,KKR v SRH,Sam Billings,34,29,117.24
2022,KKR v SRH,Rinku Singh,5,6,83.33
2022,KKR v SRH,Andre Russell,49,28,175
2022,KKR v SRH,Sunil Narine,1,2,50
2022,KKR v SRH,Abhishek Sharma,43,28,153.57
2022,KKR v SRH,Kane Williamson,9,17,52.94
2022,KKR v SRH,Rahul Tripathi,9,12,75
2022,KKR v SRH,Aiden Markram,32,25,128
2022,KKR v SRH,Nicholas Pooran,2,3,66.66
2022,KKR v SRH,Washington Sundar,4,9,44.44
2022,KKR v SRH,Shashank Singh,11,12,91.66
2022,KKR v SRH,Marco Jansen,1,2,50
2022,KKR v SRH,Bhuvneshwar Kumar,6,7,85.71
2022,KKR v SRH,Umran Malik,3,5,60
2022,CSK v GT,Ruturaj Gaikwad,53,49,108.16
2022,CSK v GT,Devon Conway,5,9,55.55
2022,CSK v GT,Moeen Ali,21,17,123.52
2022,CSK v GT,Narayan Jagadeesan,39,33,118.18
2022,CSK v GT,Shivam Dube,0,2,0
2022,CSK v GT,MS Dhoni,7,10,70
2022,CSK v GT,Mitchell Santner,1,1,100
2022,CSK v GT,Wriddhiman Saha,67,57,117.54
2022,CSK v GT,Shubman Gill,18,17,105.88
2022,CSK v GT,Matthew Wade,20,15,133.33
2022,CSK v GT,Hardik Pandya,7,6,116.66
2022,CSK v GT,David Miller,15,20,75
2022,LSG v RR,Yashasvi Jaiswal,41,29,141.37
2022,LSG v RR,Jos Buttler,2,6,33.33
2022,LSG v RR,Sanju Samson,32,24,133.33
2022,LSG v RR,Devdutt Padikkal,39,18,216.66
2022,LSG v RR,Riyan Parag,19,16,118.75
2022,LSG v RR,James Neesham,14,12,116.66
2022,LSG v RR,Ravichandran Ashwin,10,7,142.85
2022,LSG v RR,Trent Boult,17,9,188.88
2022,LSG v RR,Quinton de Kock,7,8,87.5
2022,LSG v RR,KL Rahul,10,19,52.63
2022,LSG v RR,Ayush Badoni,0,1,0
2022,LSG v RR,Deepak Hooda,59,39,151.28
2022,LSG v RR,Krunal Pandya,25,23,108.69
2022,LSG v RR,Marcus Stoinis,27,17,158.82
2022,LSG v RR,Jason Holder,1,2,50
2022,LSG v RR,Dushmantha Chameera,0,2,0
2022,LSG v RR,Mohsin Khan,9,7,128.57
2022,LSG v RR,Avesh Khan,1,2,50
2022,PBKS v DC,David Warner,0,1,0
2022,PBKS v DC,Sarfaraz Khan,32,16,200
2022,PBKS v DC,Mitchell Marsh,63,48,131.25
2022,PBKS v DC,Lalit Yadav,24,21,114.28
2022,PBKS v DC,Rishabh Pant,7,3,233.33
2022,PBKS v DC,Rovman Powell,2,6,33.33
2022,PBKS v DC,Axar Patel,17,20,85
2022,PBKS v DC,Shardul Thakur,3,4,75
2022,PBKS v DC,Kuldeep Yadav,2,2,100
2022,PBKS v DC,Jonny Bairstow,28,15,186.66
2022,PBKS v DC,Shikhar Dhawan,19,16,118.75
2022,PBKS v DC,Bhanuka Rajapaksa,4,5,80
2022,PBKS v DC,Liam Livingstone,3,5,60
2022,PBKS v DC,Mayank Agarwal,0,2,0
2022,PBKS v DC,Jitesh Sharma,44,34,129.41
2022,PBKS v DC,Harpreet Brar,1,2,50
2022,PBKS v DC,Rishi Dhawan,4,13,30.76
2022,PBKS v DC,Rahul Chahar,25,24,104.16
2022,PBKS v DC,Kagiso Rabada,6,2,300
2022,PBKS v DC,Arshdeep Singh,2,3,66.66
2022,MI v SRH,Abhishek Sharma,9,10,90
2022,MI v SRH,Priyam Garg,42,26,161.53
2022,MI v SRH,Rahul Tripathi,76,44,172.72
2022,MI v SRH,Nicholas Pooran,38,22,172.72
2022,MI v SRH,Aiden Markram,2,4,50
2022,MI v SRH,Kane Williamson,8,7,114.28
2022,MI v SRH,Washington Sundar,9,7,128.57
2022,MI v SRH,Rohit Sharma,48,36,133.33
2022,MI v SRH,Ishan Kishan,43,34,126.47
2022,MI v SRH,Daniel Sams,15,11,136.36
2022,MI v SRH,Tilak Varma,8,9,88.88
2022,MI v SRH,Tim David,46,18,255.55
2022,MI v SRH,Tristan Stubbs,2,2,100
2022,MI v SRH,Ramandeep Singh,14,6,233.33
2022,MI v SRH,Sanjay Yadav,0,2,0
2022,MI v SRH,Jasprit Bumrah,0,4,0
2022,KKR v LSG,Quinton de Kock,140,70,200
2022,KKR v LSG,KL Rahul,68,51,133.33
2022,KKR v LSG,Venkatesh Iyer,0,4,0
2022,KKR v LSG,Abhijeet Tomar,4,8,50
2022,KKR v LSG,Nitish Rana,42,22,190.9
2022,KKR v LSG,Shreyas Iyer,50,29,172.41
2022,KKR v LSG,Sam Billings,36,24,150
2022,KKR v LSG,Andre Russell,5,11,45.45
2022,KKR v LSG,Rinku Singh,40,15,266.66
2022,KKR v LSG,Sunil Narine,21,7,300
2022,KKR v LSG,Umesh Yadav,0,1,0
2022,RCB v GT,Wriddhiman Saha,31,22,140.9
2022,RCB v GT,Shubman Gill,1,4,25
2022,RCB v GT,Matthew Wade,16,13,123.07
2022,RCB v GT,Hardik Pandya,62,47,131.91
2022,RCB v GT,David Miller,34,25,136
2022,RCB v GT,Rahul Tewatia,2,3,66.66
2022,RCB v GT,Rashid Khan,19,6,316.66
2022,RCB v GT,Virat Kohli,73,54,135.18
2022,RCB v GT,Faf du Plessis,44,38,115.78
2022,RCB v GT,Glenn Maxwell,40,18,222.22
2022,RCB v GT,Dinesh Karthik,2,2,100
2022,RR v CSK,Ruturaj Gaikwad,2,6,33.33
2022,RR v CSK,Devon Conway,16,14,114.28
2022,RR v CSK,Moeen Ali,93,57,163.15
2022,RR v CSK,Narayan Jagadeesan,1,4,25
2022,RR v CSK,Ambati Rayudu,3,6,50
2022,RR v CSK,MS Dhoni,26,28,92.85
2022,RR v CSK,Mitchell Santner,1,2,50
2022,RR v CSK,Simarjeet Singh,3,3,100
2022,RR v CSK,Yashasvi Jaiswal,59,44,134.09
2022,RR v CSK,Jos Buttler,2,5,40
2022,RR v CSK,Sanju Samson,15,20,75
2022,RR v CSK,Devdutt Padikkal,3,9,33.33
2022,RR v CSK,Ravichandran Ashwin,40,23,173.91
2022,RR v CSK,Shimron Hetmyer,6,7,85.71
2022,RR v CSK,Riyan Parag,10,10,100
2022,MI v DC,Prithvi Shaw,24,23,104.34
2022,MI v DC,David Warner,5,6,83.33
2022,MI v DC,Mitchell Marsh,0,1,0
2022,MI v DC,Rishabh Pant,39,33,118.18
2022,MI v DC,Sarfaraz Khan,10,7,142.85
2022,MI v DC,Rovman Powell,43,34,126.47
2022,MI v DC,Axar Patel,19,10,190
2022,MI v DC,Shardul Thakur,4,5,80
2022,MI v DC,Kuldeep Yadav,1,1,100
2022,MI v DC,Ishan Kishan,48,35,137.14
2022,MI v DC,Rohit Sharma,2,13,15.38
2022,MI v DC,Dewald Brevis,37,33,112.12
2022,MI v DC,Tilak Varma,21,17,123.52
2022,MI v DC,Tim David,34,11,309.09
2022,MI v DC,Ramandeep Singh,13,6,216.66
2022,MI v DC,Daniel Sams,0,1,0
2022,SRH v PBKS,Priyam Garg,4,7,57.14
2022,SRH v PBKS,Abhishek Sharma,43,32,134.37
2022,SRH v PBKS,Rahul Tripathi,20,18,111.11
2022,SRH v PBKS,Aiden Markram,21,17,123.52
2022,SRH v PBKS,Nicholas Pooran,5,10,50
2022,SRH v PBKS,Washington Sundar,25,19,131.57
2022,SRH v PBKS,Romario Shepherd,26,15,173.33
2022,SRH v PBKS,Jagadeesha Suchith,0,1,0
2022,SRH v PBKS,Bhuvneshwar Kumar,1,1,100
2022,SRH v PBKS,Umran Malik,0,1,0
2022,SRH v PBKS,Jonny Bairstow,23,15,153.33
2022,SRH v PBKS,Shikhar Dhawan,39,32,121.87
2022,SRH v PBKS,M Shahrukh Khan,19,10,190
2022,SRH v PBKS,Mayank Agarwal,1,4,25
2022,SRH v PBKS,Liam Livingstone,49,22,222.72
2022,SRH v PBKS,Jitesh Sharma,19,7,271.42
2022,SRH v PBKS,Prerak Mankad,4,1,400
2022,GT v RR,Yashasvi Jaiswal,3,8,37.5
2022,GT v RR,Jos Buttler,89,56,158.92
2022,GT v RR,Sanju Samson,47,26,180.76
2022,GT v RR,Devdutt Padikkal,28,20,140
2022,GT v RR,Shimron Hetmyer,4,7,57.14
2022,GT v RR,Riyan Parag,4,3,133.33
2022,GT v RR,Ravichandran Ashwin,2,1,200
2022,GT v RR,Trent Boult,0,0,0
2022,GT v RR,Wriddhiman Saha,0,2,0
2022,GT v RR,Shubman Gill,35,21,166.66
2022,GT v RR,Matthew Wade,35,30,116.66
2022,GT v RR,Hardik Pandya,40,27,148.14
2022,GT v RR,David Miller,68,38,178.94
2022,LSG v RCB,Virat Kohli,25,24,104.16
2022,LSG v RCB,Faf du Plessis,0,1,0
2022,LSG v RCB,Rajat Patidar,112,54,207.4
2022,LSG v RCB,Glenn Maxwell,9,10,90
2022,LSG v RCB,Mahipal Lomror,14,9,155.55
2022,LSG v RCB,Dinesh Karthik,37,23,160.86
2022,LSG v RCB,Quinton de Kock,6,5,120
2022,LSG v RCB,KL Rahul,79,58,136.2
2022,LSG v RCB,Manan Vohra,19,11,172.72
2022,LSG v RCB,Deepak Hooda,45,26,173.07
2022,LSG v RCB,Marcus Stoinis,9,9,100
2022,LSG v RCB,Evin Lewis,2,6,33.33
2022,LSG v RCB,Krunal Pandya,0,1,0
2022,LSG v RCB,Dushmantha Chameera,11,4,275
2022,RR v RCB,Virat Kohli,7,8,87.5
2022,RR v RCB,Faf du Plessis,25,27,92.59
2022,RR v RCB,Rajat Patidar,58,42,138.09
2022,RR v RCB,Glenn Maxwell,24,13,184.61
2022,RR v RCB,Mahipal Lomror,8,10,80
2022,RR v RCB,Dinesh Karthik,6,7,85.71
2022,RR v RCB,Shahbaz Ahmed,12,8,150
2022,RR v RCB,Wanindu Hasaranga de Silva,0,1,0
2022,RR v RCB,Harshal Patel,1,2,50
2022,RR v RCB,Josh Hazlewood,1,2,50
2022,RR v RCB,Yashasvi Jaiswal,21,13,161.53
2022,RR v RCB,Jos Buttler,106,60,176.66
2022,RR v RCB,Sanju Samson,23,21,109.52
2022,RR v RCB,Devdutt Padikkal,9,12,75
2022,RR v RCB,Shimron Hetmyer,2,3,66.66
2022,GT v RR,Yashasvi Jaiswal,22,16,137.5
2022,GT v RR,Jos Buttler,39,35,111.42
2022,GT v RR,Sanju Samson,14,11,127.27
2022,GT v RR,Devdutt Padikkal,2,10,20
2022,GT v RR,Shimron Hetmyer,11,12,91.66
2022,GT v RR,Ravichandran Ashwin,6,9,66.66
2022,GT v RR,Riyan Parag,15,15,100
2022,GT v RR,Trent Boult,11,7,157.14
2022,GT v RR,Obed McCoy,8,5,160
2022,GT v RR,Prasidh Krishna,0,0,0
2022,GT v RR,Wriddhiman Saha,5,7,71.42
2022,GT v RR,Shubman Gill,45,43,104.65
2022,GT v RR,Matthew Wade,8,10,80
2022,GT v RR,Hardik Pandya,34,30,113.33
2022,GT v RR,David Miller,32,19,168.42
