season,match_name,fullName,runs,ballsFaced,strikeRate
2023,GT v CSK,Devon Conway,1,6,16.66
2023,GT v CSK,Ruturaj Gaikwad,92,50,184
2023,GT v CSK,Moeen Ali,23,17,135.29
2023,GT v CSK,Ben Stokes,7,6,116.66
2023,GT v CSK,Ambati Rayudu,12,12,100
2023,GT v CSK,Shivam Dube,19,18,105.55
2023,GT v CSK,Ravindra Jadeja,1,2,50
2023,GT v CSK,MS Dhoni,14,7,200
2023,GT v CSK,Mitchell Santner,1,3,33.33
2023,GT v CSK,Wriddhiman Saha,25,16,156.25
2023,GT v CSK,Shubman Gill,63,36,175
2023,GT v CSK,Sai Sudharsan,22,17,129.41
2023,GT v CSK,Hardik Pandya,8,11,72.72
2023,GT v CSK,Vijay Shankar,27,21,128.57
2023,GT v CSK,Rahul Tewatia,15,14,107.14
2023,GT v CSK,Rashid Khan,10,3,333.33
2023,PBKS v KKR,Prabhsimran Singh,23,12,191.66
2023,PBKS v KKR,Shikhar Dhawan,40,29,137.93
2023,PBKS v KKR,Bhanuka Rajapaksa,50,32,156.25
2023,PBKS v KKR,Jitesh Sharma,21,11,190.9
2023,PBKS v KKR,Sikandar Raza,16,13,123.07
2023,PBKS v KKR,Sam Curran,26,17,152.94
2023,PBKS v KKR,M Shahrukh Khan,11,7,157.14
2023,PBKS v KKR,Mandeep Singh,2,4,50
2023,PBKS v KKR,Rahmanullah Gurbaz,22,16,137.5
2023,PBKS v KKR,Anukul Roy,4,5,80
2023,PBKS v KKR,Venkatesh Iyer,34,28,121.42
2023,PBKS v KKR,Nitish Rana,24,17,141.17
2023,PBKS v KKR,Rinku Singh,4,4,100
2023,PBKS v KKR,Andre Russell,35,19,184.21
2023,PBKS v KKR,Shardul Thakur,8,3,266.66
2023,PBKS v KKR,Sunil Narine,7,2,350
2023,LSG v DC,KL Rahul,8,12,66.66
2023,LSG v DC,Kyle Mayers,73,38,192.1
2023,LSG v DC,Deepak Hooda,17,18,94.44
2023,LSG v DC,Krunal Pandya,15,13,115.38
2023,LSG v DC,Marcus Stoinis,12,10,120
2023,LSG v DC,Nicholas Pooran,36,21,171.42
2023,LSG v DC,Ayush Badoni,18,7,257.14
2023,LSG v DC,Krishnappa Gowtham,6,1,600
2023,LSG v DC,Prithvi Shaw,12,9,133.33
2023,LSG v DC,David Warner,56,48,116.66
2023,LSG v DC,Mitchell Marsh,0,1,0
2023,LSG v DC,Sarfaraz Khan,4,9,44.44
2023,LSG v DC,Rilee Rossouw,30,20,150
2023,LSG v DC,Rovman Powell,1,3,33.33
2023,LSG v DC,Aman Hakim Khan,4,5,80
2023,LSG v DC,Axar Patel,16,11,145.45
2023,LSG v DC,Kuldeep Yadav,6,10,60
2023,LSG v DC,Chetan Sakariya,4,4,100
2023,LSG v DC,Mukesh Kumar,0,1,0
2023,SRH v RR,Yashasvi Jaiswal,54,37,145.94
2023,SRH v RR,Jos Buttler,54,22,245.45
2023,SRH v RR,Sanju Samson,55,32,171.87
2023,SRH v RR,Devdutt Padikkal,2,5,40
2023,SRH v RR,Riyan Parag,7,6,116.66
2023,SRH v RR,Shimron Hetmyer,22,16,137.5
2023,SRH v RR,Ravichandran Ashwin,1,2,50
2023,SRH v RR,Abhishek Sharma,0,3,0
2023,SRH v RR,Mayank Agarwal,27,23,117.39
2023,SRH v RR,Rahul Tripathi,0,2,0
2023,SRH v RR,Harry Brook,13,21,61.9
2023,SRH v RR,Washington Sundar,1,5,20
2023,SRH v RR,Glenn Phillips,8,6,133.33
2023,SRH v RR,Abdul Samad,32,32,100
2023,SRH v RR,Adil Rashid,18,13,138.46
2023,SRH v RR,Bhuvneshwar Kumar,6,10,60
2023,SRH v RR,Umran Malik,19,8,237.5
2023,RCB v MI,Rohit Sharma,1,10,10
2023,RCB v MI,Ishan Kishan,10,13,76.92
2023,RCB v MI,Cameron Green,5,4,125
2023,RCB v MI,Suryakumar Yadav,15,16,93.75
2023,RCB v MI,Tilak Varma,84,46,182.6
2023,RCB v MI,Nehal Wadhera,21,13,161.53
2023,RCB v MI,Tim David,4,7,57.14
2023,RCB v MI,Hrithik Shokeen,5,3,166.66
2023,RCB v MI,Arshad Khan,15,9,166.66
2023,RCB v MI,Virat Kohli,82,49,167.34
2023,RCB v MI,Faf du Plessis,73,43,169.76
2023,RCB v MI,Dinesh Karthik,0,3,0
2023,RCB v MI,Glenn Maxwell,12,3,400
2023,CSK v LSG,Ruturaj Gaikwad,57,31,183.87
2023,CSK v LSG,Devon Conway,47,29,162.06
2023,CSK v LSG,Shivam Dube,27,16,168.75
2023,CSK v LSG,Moeen Ali,19,13,146.15
2023,CSK v LSG,Ben Stokes,8,8,100
2023,CSK v LSG,Ambati Rayudu,27,14,192.85
2023,CSK v LSG,Ravindra Jadeja,3,6,50
2023,CSK v LSG,MS Dhoni,12,3,400
2023,CSK v LSG,Mitchell Santner,1,1,100
2023,CSK v LSG,KL Rahul,20,18,111.11
2023,CSK v LSG,Kyle Mayers,53,22,240.9
2023,CSK v LSG,Deepak Hooda,2,6,33.33
2023,CSK v LSG,Krunal Pandya,9,9,100
2023,CSK v LSG,Marcus Stoinis,21,18,116.66
2023,CSK v LSG,Nicholas Pooran,32,18,177.77
2023,CSK v LSG,Ayush Badoni,23,18,127.77
2023,CSK v LSG,Krishnappa Gowtham,17,11,154.54
2023,CSK v LSG,Mark Wood,10,3,333.33
2023,DC v GT,David Warner,37,32,115.62
2023,DC v GT,Prithvi Shaw,7,5,140
2023,DC v GT,Mitchell Marsh,4,4,100
2023,DC v GT,Sarfaraz Khan,30,34,88.23
2023,DC v GT,Rilee Rossouw,0,1,0
2023,DC v GT,Abishek Porel,20,11,181.81
2023,DC v GT,Axar Patel,36,22,163.63
2023,DC v GT,Aman Hakim Khan,8,8,100
2023,DC v GT,Kuldeep Yadav,1,1,100
2023,DC v GT,Anrich Nortje,4,2,200
2023,DC v GT,Wriddhiman Saha,14,7,200
2023,DC v GT,Shubman Gill,14,13,107.69
2023,DC v GT,Sai Sudharsan,62,48,129.16
2023,DC v GT,Hardik Pandya,5,4,125
2023,DC v GT,Vijay Shankar,29,23,126.08
2023,DC v GT,David Miller,31,16,193.75
2023,RR v PBKS,Prabhsimran Singh,60,34,176.47
2023,RR v PBKS,Shikhar Dhawan,86,56,153.57
2023,RR v PBKS,Bhanuka Rajapaksa,1,1,100
2023,RR v PBKS,Jitesh Sharma,27,16,168.75
2023,RR v PBKS,Sikandar Raza,1,2,50
2023,RR v PBKS,M Shahrukh Khan,11,10,110
2023,RR v PBKS,Sam Curran,1,2,50
2023,RR v PBKS,Yashasvi Jaiswal,11,8,137.5
2023,RR v PBKS,Ravichandran Ashwin,0,4,0
2023,RR v PBKS,Jos Buttler,19,11,172.72
2023,RR v PBKS,Sanju Samson,42,25,168
2023,RR v PBKS,Devdutt Padikkal,21,26,80.76
2023,RR v PBKS,Riyan Parag,20,12,166.66
2023,RR v PBKS,Shimron Hetmyer,36,18,200
2023,RR v PBKS,Dhruv Jurel,32,15,213.33
2023,RR v PBKS,Jason Holder,1,1,100
2023,KKR v RCB,Rahmanullah Gurbaz,57,44,129.54
2023,KKR v RCB,Venkatesh Iyer,3,7,42.85
2023,KKR v RCB,Mandeep Singh,0,1,0
2023,KKR v RCB,Nitish Rana,1,5,20
2023,KKR v RCB,Rinku Singh,46,33,139.39
2023,KKR v RCB,Andre Russell,0,1,0
2023,KKR v RCB,Shardul Thakur,68,29,234.48
2023,KKR v RCB,Sunil Narine,0,1,0
2023,KKR v RCB,Umesh Yadav,6,2,300
2023,KKR v RCB,Virat Kohli,21,18,116.66
2023,KKR v RCB,Faf du Plessis,23,12,191.66
2023,KKR v RCB,Michael Bracewell,19,18,105.55
2023,KKR v RCB,Glenn Maxwell,5,7,71.42
2023,KKR v RCB,Harshal Patel,0,2,0
2023,KKR v RCB,Shahbaz Ahmed,1,5,20
2023,KKR v RCB,Dinesh Karthik,9,8,112.5
2023,KKR v RCB,Anuj Rawat,1,5,20
2023,KKR v RCB,David Willey,20,20,100
2023,KKR v RCB,Karn Sharma,1,3,33.33
2023,KKR v RCB,Akash Deep,17,8,212.5
2023,LSG v SRH,Anmolpreet Singh,31,26,119.23
2023,LSG v SRH,Mayank Agarwal,8,7,114.28
2023,LSG v SRH,Rahul Tripathi,34,41,82.92
2023,LSG v SRH,Aiden Markram,0,1,0
2023,LSG v SRH,Harry Brook,3,4,75
2023,LSG v SRH,Washington Sundar,16,28,57.14
2023,LSG v SRH,Abdul Samad,21,10,210
2023,LSG v SRH,Adil Rashid,4,3,133.33
2023,LSG v SRH,Umran Malik,0,0,0
2023,LSG v SRH,Bhuvneshwar Kumar,0,0,0
2023,LSG v SRH,Kyle Mayers,13,14,92.85
2023,LSG v SRH,KL Rahul,35,31,112.9
2023,LSG v SRH,Deepak Hooda,7,8,87.5
2023,LSG v SRH,Krunal Pandya,34,23,147.82
2023,LSG v SRH,Marcus Stoinis,10,13,76.92
2023,LSG v SRH,Romario Shepherd,0,1,0
2023,LSG v SRH,Nicholas Pooran,11,6,183.33
2023,RR v DC,Yashasvi Jaiswal,60,31,193.54
2023,RR v DC,Jos Buttler,79,51,154.9
2023,RR v DC,Sanju Samson,0,4,0
2023,RR v DC,Riyan Parag,7,11,63.63
2023,RR v DC,Shimron Hetmyer,39,21,185.71
2023,RR v DC,Dhruv Jurel,8,3,266.66
2023,RR v DC,Prithvi Shaw,0,3,0
2023,RR v DC,David Warner,65,55,118.18
2023,RR v DC,Manish Pandey,0,1,0
2023,RR v DC,Rilee Rossouw,14,12,116.66
2023,RR v DC,Lalit Yadav,38,24,158.33
2023,RR v DC,Axar Patel,2,6,33.33
2023,RR v DC,Rovman Powell,2,2,100
2023,RR v DC,Abishek Porel,7,9,77.77
2023,RR v DC,Kuldeep Yadav,3,7,42.85
2023,RR v DC,Anrich Nortje,0,1,0
2023,RR v DC,Mukesh Kumar,1,1,100
2023,MI v CSK,Rohit Sharma,21,13,161.53
2023,MI v CSK,Ishan Kishan,32,21,152.38
2023,MI v CSK,Cameron Green,12,11,109.09
2023,MI v CSK,Suryakumar Yadav,1,2,50
2023,MI v CSK,Tilak Varma,22,18,122.22
2023,MI v CSK,Arshad Khan,2,4,50
2023,MI v CSK,Tim David,31,22,140.9
2023,MI v CSK,Tristan Stubbs,5,10,50
2023,MI v CSK,Hrithik Shokeen,18,13,138.46
2023,MI v CSK,Piyush Chawla,5,6,83.33
2023,MI v CSK,Devon Conway,0,4,0
2023,MI v CSK,Ruturaj Gaikwad,40,36,111.11
2023,MI v CSK,Ajinkya Rahane,61,27,225.92
2023,MI v CSK,Shivam Dube,28,26,107.69
2023,MI v CSK,Ambati Rayudu,20,16,125
2023,GT v KKR,Wriddhiman Saha,17,17,100
2023,GT v KKR,Shubman Gill,39,31,125.8
2023,GT v KKR,Sai Sudharsan,53,38,139.47
2023,GT v KKR,Abhinav Manohar,14,8,175
2023,GT v KKR,Vijay Shankar,63,24,262.5
2023,GT v KKR,David Miller,2,3,66.66
2023,GT v KKR,Rahmanullah Gurbaz,15,12,125
2023,GT v KKR,Narayan Jagadeesan,6,8,75
2023,GT v KKR,Venkatesh Iyer,83,40,207.5
2023,GT v KKR,Nitish Rana,45,29,155.17
2023,GT v KKR,Rinku Singh,48,21,228.57
2023,GT v KKR,Andre Russell,1,2,50
2023,GT v KKR,Sunil Narine,0,1,0
2023,GT v KKR,Shardul Thakur,0,1,0
2023,GT v KKR,Umesh Yadav,5,6,83.33
2023,SRH v PBKS,Prabhsimran Singh,0,1,0
2023,SRH v PBKS,Shikhar Dhawan,99,66,150
2023,SRH v PBKS,Matthew Short,1,3,33.33
2023,SRH v PBKS,Jitesh Sharma,4,9,44.44
2023,SRH v PBKS,Sam Curran,22,15,146.66
2023,SRH v PBKS,Sikandar Raza,5,6,83.33
2023,SRH v PBKS,M Shahrukh Khan,4,3,133.33
2023,SRH v PBKS,Harpreet Brar,1,2,50
2023,SRH v PBKS,Rahul Chahar,0,8,0
2023,SRH v PBKS,Nathan Ellis,0,5,0
2023,SRH v PBKS,Mohit Rathee,1,2,50
2023,SRH v PBKS,Harry Brook,13,14,92.85
2023,SRH v PBKS,Mayank Agarwal,21,20,105
2023,SRH v PBKS,Rahul Tripathi,74,48,154.16
2023,SRH v PBKS,Aiden Markram,37,21,176.19
2023,RCB v LSG,Virat Kohli,61,44,138.63
2023,RCB v LSG,Faf du Plessis,79,46,171.73
2023,RCB v LSG,Glenn Maxwell,59,29,203.44
2023,RCB v LSG,Dinesh Karthik,1,1,100
2023,RCB v LSG,Kyle Mayers,0,3,0
2023,RCB v LSG,KL Rahul,18,20,90
2023,RCB v LSG,Deepak Hooda,9,10,90
2023,RCB v LSG,Krunal Pandya,0,2,0
2023,RCB v LSG,Marcus Stoinis,65,30,216.66
2023,RCB v LSG,Nicholas Pooran,62,19,326.31
2023,RCB v LSG,Ayush Badoni,30,24,125
2023,RCB v LSG,Jaydev Unadkat,9,7,128.57
2023,RCB v LSG,Mark Wood,1,2,50
2023,RCB v LSG,Ravi Bishnoi,3,2,150
2023,RCB v LSG,Avesh Khan,0,1,0
2023,DC v MI,David Warner,51,47,108.51
2023,DC v MI,Prithvi Shaw,15,10,150
2023,DC v MI,Manish Pandey,26,18,144.44
2023,DC v MI,Yash Dhull,2,4,50
2023,DC v MI,Rovman Powell,4,4,100
2023,DC v MI,Lalit Yadav,2,4,50
2023,DC v MI,Axar Patel,54,25,216
2023,DC v MI,Abishek Porel,1,3,33.33
2023,DC v MI,Kuldeep Yadav,0,1,0
2023,DC v MI,Anrich Nortje,5,3,166.66
2023,DC v MI,Mustafizur Rahman,1,1,100
2023,DC v MI,Rohit Sharma,65,45,144.44
2023,DC v MI,Ishan Kishan,31,26,119.23
2023,DC v MI,Tilak Varma,41,29,141.37
2023,DC v MI,Suryakumar Yadav,0,1,0
2023,DC v MI,Tim David,13,11,118.18
2023,DC v MI,Cameron Green,17,8,212.5
2023,CSK v RR,Yashasvi Jaiswal,10,8,125
2023,CSK v RR,Jos Buttler,52,36,144.44
2023,CSK v RR,Devdutt Padikkal,38,26,146.15
2023,CSK v RR,Sanju Samson,0,2,0
2023,CSK v RR,Ravichandran Ashwin,30,22,136.36
2023,CSK v RR,Shimron Hetmyer,30,18,166.66
2023,CSK v RR,Dhruv Jurel,4,6,66.66
2023,CSK v RR,Jason Holder,0,1,0
2023,CSK v RR,Adam Zampa,1,1,100
2023,CSK v RR,Ruturaj Gaikwad,8,10,80
2023,CSK v RR,Devon Conway,50,38,131.57
2023,CSK v RR,Ajinkya Rahane,31,19,163.15
2023,CSK v RR,Shivam Dube,8,9,88.88
2023,CSK v RR,Moeen Ali,7,10,70
2023,CSK v RR,Ambati Rayudu,1,2,50
2023,CSK v RR,Ravindra Jadeja,25,15,166.66
2023,CSK v RR,MS Dhoni,32,17,188.23
2023,PBKS v GT,Prabhsimran Singh,0,2,0
2023,PBKS v GT,Shikhar Dhawan,8,8,100
2023,PBKS v GT,Matthew Short,36,24,150
2023,PBKS v GT,Bhanuka Rajapaksa,20,26,76.92
2023,PBKS v GT,Jitesh Sharma,25,23,108.69
2023,PBKS v GT,Sam Curran,22,22,100
2023,PBKS v GT,M Shahrukh Khan,22,9,244.44
2023,PBKS v GT,Harpreet Brar,8,5,160
2023,PBKS v GT,Rishi Dhawan,1,1,100
2023,PBKS v GT,Wriddhiman Saha,30,19,157.89
2023,PBKS v GT,Shubman Gill,67,49,136.73
2023,PBKS v GT,Sai Sudharsan,19,20,95
2023,PBKS v GT,Hardik Pandya,8,11,72.72
2023,PBKS v GT,David Miller,17,18,94.44
2023,PBKS v GT,Rahul Tewatia,5,2,250
2023,KKR v SRH,Harry Brook,100,55,181.81
2023,KKR v SRH,Mayank Agarwal,9,13,69.23
2023,KKR v SRH,Rahul Tripathi,9,4,225
2023,KKR v SRH,Aiden Markram,50,26,192.3
2023,KKR v SRH,Abhishek Sharma,32,17,188.23
2023,KKR v SRH,Heinrich Klaasen,16,6,266.66
2023,KKR v SRH,Rahmanullah Gurbaz,0,3,0
2023,KKR v SRH,Narayan Jagadeesan,36,21,171.42
2023,KKR v SRH,Venkatesh Iyer,10,11,90.9
2023,KKR v SRH,Sunil Narine,0,1,0
2023,KKR v SRH,Nitish Rana,75,41,182.92
2023,KKR v SRH,Andre Russell,3,6,50
2023,KKR v SRH,Rinku Singh,58,31,187.09
2023,KKR v SRH,Shardul Thakur,12,7,171.42
2023,KKR v SRH,Umesh Yadav,1,1,100
2023,RCB v DC,Virat Kohli,50,34,147.05
2023,RCB v DC,Faf du Plessis,22,16,137.5
2023,RCB v DC,Mahipal Lomror,26,18,144.44
2023,RCB v DC,Glenn Maxwell,24,14,171.42
2023,RCB v DC,Harshal Patel,6,4,150
2023,RCB v DC,Shahbaz Ahmed,20,12,166.66
2023,RCB v DC,Dinesh Karthik,0,1,0
2023,RCB v DC,Anuj Rawat,15,22,68.18
2023,RCB v DC,David Warner,19,13,146.15
2023,RCB v DC,Prithvi Shaw,0,2,0
2023,RCB v DC,Mitchell Marsh,0,4,0
2023,RCB v DC,Yash Dhull,1,4,25
2023,RCB v DC,Manish Pandey,50,38,131.57
2023,RCB v DC,Abishek Porel,5,8,62.5
2023,RCB v DC,Axar Patel,21,14,150
2023,RCB v DC,Aman Hakim Khan,18,10,180
2023,RCB v DC,Lalit Yadav,4,7,57.14
2023,RCB v DC,Anrich Nortje,23,14,164.28
2023,RCB v DC,Kuldeep Yadav,7,6,116.66
2023,LSG v PBKS,KL Rahul,74,56,132.14
2023,LSG v PBKS,Kyle Mayers,29,23,126.08
2023,LSG v PBKS,Deepak Hooda,2,3,66.66
2023,LSG v PBKS,Krunal Pandya,18,17,105.88
2023,LSG v PBKS,Nicholas Pooran,0,1,0
2023,LSG v PBKS,Marcus Stoinis,15,11,136.36
2023,LSG v PBKS,Ayush Badoni,5,6,83.33
2023,LSG v PBKS,Krishnappa Gowtham,1,2,50
2023,LSG v PBKS,Yudhvir Singh,0,1,0
2023,LSG v PBKS,Ravi Bishnoi,3,1,300
2023,LSG v PBKS,Atharva Taide,0,3,0
2023,LSG v PBKS,Prabhsimran Singh,4,4,100
2023,LSG v PBKS,Matthew Short,34,22,154.54
2023,LSG v PBKS,Harpreet Singh,22,22,100
2023,LSG v PBKS,Sikandar Raza,57,41,139.02
2023,LSG v PBKS,Sam Curran,6,6,100
2023,LSG v PBKS,Jitesh Sharma,2,4,50
2023,LSG v PBKS,M Shahrukh Khan,23,10,230
2023,LSG v PBKS,Harpreet Brar,6,4,150
2023,LSG v PBKS,Kagiso Rabada,0,1,0
,MI v KKR,Rahmanullah Gurbaz,8,12,66.66
,MI v KKR,Narayan Jagadeesan,0,5,0
,MI v KKR,Venkatesh Iyer,104,51,203.92
,MI v KKR,Nitish Rana,5,10,50
,MI v KKR,Shardul Thakur,13,11,118.18
,MI v KKR,Rinku Singh,18,18,100
,MI v KKR,Andre Russell,21,11,190.9
,MI v KKR,Sunil Narine,2,2,100
,MI v KKR,Rohit Sharma,20,13,153.84
,MI v KKR,Ishan Kishan,58,25,232
,MI v KKR,Suryakumar Yadav,43,25,172
,MI v KKR,Tilak Varma,30,25,120
,MI v KKR,Tim David,24,13,184.61
,MI v KKR,Nehal Wadhera,6,4,150
,MI v KKR,Cameron Green,1,1,100
2023,GT v RR,Wriddhiman Saha,4,3,133.33
2023,GT v RR,Shubman Gill,45,34,132.35
2023,GT v RR,Sai Sudharsan,20,19,105.26
2023,GT v RR,Hardik Pandya,28,19,147.36
2023,GT v RR,David Miller,46,30,153.33
2023,GT v RR,Abhinav Manohar,27,13,207.69
2023,GT v RR,Rahul Tewatia,1,1,100
2023,GT v RR,Rashid Khan,1,1,100
2023,GT v RR,Alzarri Joseph,0,0,0
2023,GT v RR,Yashasvi Jaiswal,1,7,14.28
2023,GT v RR,Jos Buttler,0,5,0
2023,GT v RR,Devdutt Padikkal,26,25,104
2023,GT v RR,Sanju Samson,60,32,187.5
2023,GT v RR,Riyan Parag,5,7,71.42
2023,GT v RR,Shimron Hetmyer,56,26,215.38
2023,GT v RR,Dhruv Jurel,18,10,180
2023,GT v RR,Ravichandran Ashwin,10,3,333.33
2023,GT v RR,Trent Boult,0,1,0
2023,RCB v CSK,Ruturaj Gaikwad,3,6,50
2023,RCB v CSK,Devon Conway,83,45,184.44
2023,RCB v CSK,Ajinkya Rahane,37,20,185
2023,RCB v CSK,Shivam Dube,52,27,192.59
2023,RCB v CSK,Ambati Rayudu,14,6,233.33
2023,RCB v CSK,Moeen Ali,19,9,211.11
2023,RCB v CSK,Ravindra Jadeja,10,8,125
2023,RCB v CSK,MS Dhoni,1,1,100
2023,RCB v CSK,Virat Kohli,6,4,150
2023,RCB v CSK,Faf du Plessis,62,33,187.87
2023,RCB v CSK,Mahipal Lomror,0,5,0
2023,RCB v CSK,Glenn Maxwell,76,36,211.11
2023,RCB v CSK,Shahbaz Ahmed,12,10,120
2023,RCB v CSK,Dinesh Karthik,28,14,200
2023,RCB v CSK,Suyash Prabhudessai,19,11,172.72
2023,RCB v CSK,Wayne Parnell,2,5,40
2023,RCB v CSK,Wanindu Hasaranga,2,2,100
2023,SRH v MI,Rohit Sharma,28,18,155.55
2023,SRH v MI,Ishan Kishan,38,31,122.58
2023,SRH v MI,Cameron Green,64,40,160
2023,SRH v MI,Suryakumar Yadav,7,3,233.33
2023,SRH v MI,Tilak Varma,37,17,217.64
2023,SRH v MI,Tim David,16,11,145.45
2023,SRH v MI,Harry Brook,9,7,128.57
2023,SRH v MI,Mayank Agarwal,48,41,117.07
2023,SRH v MI,Rahul Tripathi,7,5,140
2023,SRH v MI,Aiden Markram,22,17,129.41
2023,SRH v MI,Abhishek Sharma,1,2,50
2023,SRH v MI,Heinrich Klaasen,36,16,225
2023,SRH v MI,Abdul Samad,9,12,75
2023,SRH v MI,Marco Jansen,13,6,216.66
2023,SRH v MI,Washington Sundar,10,6,166.66
2023,SRH v MI,Bhuvneshwar Kumar,2,5,40
2023,SRH v MI,Mayank Markande,2,2,100
2023,RR v LSG,KL Rahul,39,32,121.87
2023,RR v LSG,Kyle Mayers,51,42,121.42
2023,RR v LSG,Ayush Badoni,1,4,25
2023,RR v LSG,Deepak Hooda,2,4,50
2023,RR v LSG,Marcus Stoinis,21,16,131.25
2023,RR v LSG,Nicholas Pooran,29,20,145
2023,RR v LSG,Krunal Pandya,4,2,200
2023,RR v LSG,Yudhvir Singh,1,1,100
2023,RR v LSG,Yashasvi Jaiswal,44,35,125.71
2023,RR v LSG,Jos Buttler,40,41,97.56
2023,RR v LSG,Sanju Samson,2,4,50
2023,RR v LSG,Devdutt Padikkal,26,21,123.8
2023,RR v LSG,Shimron Hetmyer,2,5,40
2023,RR v LSG,Riyan Parag,15,12,125
2023,RR v LSG,Dhruv Jurel,0,1,0
2023,RR v LSG,Ravichandran Ashwin,3,2,150
2023,PBKS v RCB,Virat Kohli,59,47,125.53
2023,PBKS v RCB,Faf du Plessis,84,56,150
2023,PBKS v RCB,Glenn Maxwell,0,1,0
2023,PBKS v RCB,Dinesh Karthik,7,5,140
2023,PBKS v RCB,Mahipal Lomror,7,9,77.77
2023,PBKS v RCB,Shahbaz Ahmed,5,3,166.66
2023,PBKS v RCB,Atharva Taide,4,2,200
2023,PBKS v RCB,Prabhsimran Singh,46,30,153.33
2023,PBKS v RCB,Matthew Short,8,7,114.28
2023,PBKS v RCB,Liam Livingstone,2,4,50
2023,PBKS v RCB,Harpreet Singh,13,9,144.44
2023,PBKS v RCB,Sam Curran,10,12,83.33
2023,PBKS v RCB,Jitesh Sharma,41,27,151.85
2023,PBKS v RCB,M Shahrukh Khan,7,5,140
2023,PBKS v RCB,Harpreet Brar,13,13,100
2023,PBKS v RCB,Nathan Ellis,1,2,50
2023,PBKS v RCB,Arshdeep Singh,0,0,0
2023,DC v KKR,Jason Roy,43,39,110.25
2023,DC v KKR,Litton Das,4,4,100
2023,DC v KKR,Venkatesh Iyer,0,2,0
2023,DC v KKR,Nitish Rana,4,7,57.14
2023,DC v KKR,Mandeep Singh,12,11,109.09
2023,DC v KKR,Rinku Singh,6,8,75
2023,DC v KKR,Sunil Narine,4,6,66.66
2023,DC v KKR,Andre Russell,38,31,122.58
2023,DC v KKR,Anukul Roy,0,1,0
2023,DC v KKR,Umesh Yadav,3,5,60
2023,DC v KKR,Varun Chakravarthy,1,6,16.66
2023,DC v KKR,David Warner,57,41,139.02
2023,DC v KKR,Prithvi Shaw,13,11,118.18
2023,DC v KKR,Mitchell Marsh,2,9,22.22
2023,DC v KKR,Phil Salt,5,3,166.66
2023,DC v KKR,Manish Pandey,21,23,91.3
2023,DC v KKR,Axar Patel,19,22,86.36
2023,DC v KKR,Aman Hakim Khan,0,2,0
2023,DC v KKR,Lalit Yadav,4,7,57.14
2023,CSK v SRH,Harry Brook,18,13,138.46
2023,CSK v SRH,Abhishek Sharma,34,26,130.76
2023,CSK v SRH,Rahul Tripathi,21,21,100
2023,CSK v SRH,Aiden Markram,12,12,100
2023,CSK v SRH,Heinrich Klaasen,17,16,106.25
2023,CSK v SRH,Mayank Agarwal,2,4,50
2023,CSK v SRH,Marco Jansen,17,22,77.27
2023,CSK v SRH,Washington Sundar,9,6,150
2023,CSK v SRH,Ruturaj Gaikwad,35,30,116.66
2023,CSK v SRH,Devon Conway,77,57,135.08
2023,CSK v SRH,Ajinkya Rahane,9,10,90
2023,CSK v SRH,Ambati Rayudu,9,9,100
2023,CSK v SRH,Moeen Ali,6,6,100
2023,LSG v GT,Wriddhiman Saha,47,37,127.02
2023,LSG v GT,Shubman Gill,0,2,0
2023,LSG v GT,Hardik Pandya,66,50,132
2023,LSG v GT,Abhinav Manohar,3,5,60
2023,LSG v GT,Vijay Shankar,10,12,83.33
2023,LSG v GT,David Miller,6,12,50
2023,LSG v GT,Rahul Tewatia,2,2,100
2023,LSG v GT,KL Rahul,68,61,111.47
2023,LSG v GT,Kyle Mayers,24,19,126.31
2023,LSG v GT,Krunal Pandya,23,23,100
2023,LSG v GT,Nicholas Pooran,1,7,14.28
2023,LSG v GT,Ayush Badoni,8,6,133.33
2023,LSG v GT,Marcus Stoinis,0,1,0
2023,LSG v GT,Deepak Hooda,2,2,100
2023,LSG v GT,Prerak Mankad,0,0,0
2023,LSG v GT,Ravi Bishnoi,0,1,0
2023,MI v PBKS,Matthew Short,11,10,110
2023,MI v PBKS,Prabhsimran Singh,26,17,152.94
2023,MI v PBKS,Atharva Taide,29,17,170.58
2023,MI v PBKS,Liam Livingstone,10,12,83.33
2023,MI v PBKS,Harpreet Singh,41,28,146.42
2023,MI v PBKS,Sam Curran,55,29,189.65
2023,MI v PBKS,Jitesh Sharma,25,7,357.14
2023,MI v PBKS,M Shahrukh Khan,0,0,0
2023,MI v PBKS,Harpreet Brar,5,2,250
2023,MI v PBKS,Rohit Sharma,44,27,162.96
2023,MI v PBKS,Ishan Kishan,1,4,25
2023,MI v PBKS,Cameron Green,67,43,155.81
2023,MI v PBKS,Suryakumar Yadav,57,26,219.23
2023,MI v PBKS,Tim David,25,13,192.3
2023,MI v PBKS,Tilak Varma,3,4,75
2023,MI v PBKS,Nehal Wadhera,0,1,0
2023,MI v PBKS,Jofra Archer,1,2,50
2023,RCB v RR,Virat Kohli,0,1,0
2023,RCB v RR,Faf du Plessis,62,39,158.97
2023,RCB v RR,Shahbaz Ahmed,2,4,50
2023,RCB v RR,Glenn Maxwell,77,44,175
2023,RCB v RR,Mahipal Lomror,8,6,133.33
2023,RCB v RR,Dinesh Karthik,16,13,123.07
2023,RCB v RR,Suyash Prabhudessai,0,2,0
2023,RCB v RR,Wanindu Hasaranga,6,7,85.71
2023,RCB v RR,David Willey,4,2,200
2023,RCB v RR,Vijaykumar Vyshak,0,1,0
2023,RCB v RR,Mohammed Siraj,1,1,100
2023,RCB v RR,Yashasvi Jaiswal,47,37,127.02
2023,RCB v RR,Jos Buttler,0,2,0
2023,RCB v RR,Devdutt Padikkal,52,34,152.94
2023,RCB v RR,Sanju Samson,22,15,146.66
2023,RCB v RR,Shimron Hetmyer,3,9,33.33
2023,RCB v RR,Dhruv Jurel,34,16,212.5
2023,RCB v RR,Ravichandran Ashwin,12,6,200
2023,RCB v RR,Abdul Basith,1,1,100
2023,KKR v CSK,Ruturaj Gaikwad,35,20,175
2023,KKR v CSK,Devon Conway,56,40,140
2023,KKR v CSK,Ajinkya Rahane,71,29,244.82
2023,KKR v CSK,Shivam Dube,50,21,238.09
2023,KKR v CSK,Ravindra Jadeja,18,8,225
2023,KKR v CSK,MS Dhoni,2,3,66.66
2023,KKR v CSK,Narayan Jagadeesan,1,3,33.33
2023,KKR v CSK,Sunil Narine,0,3,0
2023,KKR v CSK,Venkatesh Iyer,20,20,100
2023,KKR v CSK,Nitish Rana,27,20,135
2023,KKR v CSK,Jason Roy,61,26,234.61
2023,KKR v CSK,Rinku Singh,53,33,160.6
2023,KKR v CSK,Andre Russell,9,6,150
2023,KKR v CSK,David Wiese,1,2,50
2023,KKR v CSK,Umesh Yadav,4,4,100
2023,KKR v CSK,Varun Chakravarthy,0,3,0
2023,SRH v DC,David Warner,21,20,105
2023,SRH v DC,Phil Salt,0,1,0
2023,SRH v DC,Mitchell Marsh,25,15,166.66
2023,SRH v DC,Sarfaraz Khan,10,9,111.11
2023,SRH v DC,Manish Pandey,34,27,125.92
2023,SRH v DC,Aman Hakim Khan,4,2,200
2023,SRH v DC,Axar Patel,34,34,100
2023,SRH v DC,Ripal Patel,5,6,83.33
2023,SRH v DC,Anrich Nortje,2,2,100
2023,SRH v DC,Kuldeep Yadav,4,3,133.33
2023,SRH v DC,Ishant Sharma,1,1,100
2023,SRH v DC,Harry Brook,7,14,50
2023,SRH v DC,Mayank Agarwal,49,39,125.64
2023,SRH v DC,Rahul Tripathi,15,21,71.42
2023,SRH v DC,Abhishek Sharma,5,5,100
2023,SRH v DC,Aiden Markram,3,5,60
2023,SRH v DC,Heinrich Klaasen,31,19,163.15
2023,SRH v DC,Washington Sundar,24,15,160
2023,SRH v DC,Marco Jansen,2,3,66.66
2023,GT v MI,Wriddhiman Saha,4,7,57.14
2023,GT v MI,Shubman Gill,56,34,164.7
2023,GT v MI,Hardik Pandya,13,14,92.85
2023,GT v MI,Vijay Shankar,19,16,118.75
2023,GT v MI,David Miller,46,22,209.09
2023,GT v MI,Abhinav Manohar,42,21,200
2023,GT v MI,Rahul Tewatia,20,5,400
2023,GT v MI,Rashid Khan,2,1,200
2023,GT v MI,Rohit Sharma,2,8,25
2023,GT v MI,Ishan Kishan,13,21,61.9
2023,GT v MI,Cameron Green,33,26,126.92
2023,GT v MI,Tilak Varma,2,3,66.66
2023,GT v MI,Suryakumar Yadav,23,12,191.66
2023,GT v MI,Tim David,0,2,0
2023,GT v MI,Nehal Wadhera,40,21,190.47
2023,GT v MI,Piyush Chawla,18,12,150
2023,GT v MI,Arjun Tendulkar,13,9,144.44
2023,GT v MI,Jason Behrendorff,3,4,75
2023,GT v MI,Riley Meredith,0,2,0
2023,RCB v KKR,Jason Roy,56,29,193.1
2023,RCB v KKR,Narayan Jagadeesan,27,29,93.1
2023,RCB v KKR,Venkatesh Iyer,31,26,119.23
2023,RCB v KKR,Nitish Rana,48,21,228.57
2023,RCB v KKR,Andre Russell,1,2,50
2023,RCB v KKR,Rinku Singh,18,10,180
2023,RCB v KKR,David Wiese,12,3,400
2023,RCB v KKR,Virat Kohli,54,37,145.94
2023,RCB v KKR,Faf du Plessis,17,7,242.85
2023,RCB v KKR,Shahbaz Ahmed,2,5,40
2023,RCB v KKR,Glenn Maxwell,5,4,125
2023,RCB v KKR,Mahipal Lomror,34,18,188.88
2023,RCB v KKR,Dinesh Karthik,22,18,122.22
2023,RCB v KKR,Suyash Prabhudessai,10,9,111.11
2023,RCB v KKR,Wanindu Hasaranga,5,4,125
2023,RCB v KKR,David Willey,11,10,110
2023,RCB v KKR,Vijaykumar Vyshak,13,8,162.5
2023,RR v CSK,Yashasvi Jaiswal,77,43,179.06
2023,RR v CSK,Jos Buttler,27,21,128.57
2023,RR v CSK,Sanju Samson,17,17,100
2023,RR v CSK,Shimron Hetmyer,8,10,80
2023,RR v CSK,Dhruv Jurel,34,15,226.66
2023,RR v CSK,Devdutt Padikkal,27,13,207.69
2023,RR v CSK,Ravichandran Ashwin,1,1,100
2023,RR v CSK,Ruturaj Gaikwad,47,29,162.06
2023,RR v CSK,Devon Conway,8,16,50
2023,RR v CSK,Ajinkya Rahane,15,13,115.38
2023,RR v CSK,Shivam Dube,52,33,157.57
2023,RR v CSK,Ambati Rayudu,0,2,0
2023,RR v CSK,Moeen Ali,23,12,191.66
2023,RR v CSK,Ravindra Jadeja,23,15,153.33
2023,PBKS v LSG,KL Rahul,12,9,133.33
2023,PBKS v LSG,Kyle Mayers,54,24,225
2023,PBKS v LSG,Ayush Badoni,43,24,179.16
2023,PBKS v LSG,Marcus Stoinis,72,40,180
2023,PBKS v LSG,Nicholas Pooran,45,19,236.84
2023,PBKS v LSG,Deepak Hooda,11,6,183.33
2023,PBKS v LSG,Krunal Pandya,5,2,250
2023,PBKS v LSG,Prabhsimran Singh,9,13,69.23
2023,PBKS v LSG,Shikhar Dhawan,1,2,50
2023,PBKS v LSG,Atharva Taide,66,36,183.33
2023,PBKS v LSG,Sikandar Raza,36,22,163.63
2023,PBKS v LSG,Liam Livingstone,23,14,164.28
2023,PBKS v LSG,Sam Curran,21,11,190.9
2023,PBKS v LSG,Jitesh Sharma,24,10,240
2023,PBKS v LSG,M Shahrukh Khan,6,9,66.66
2023,PBKS v LSG,Rahul Chahar,0,1,0
2023,PBKS v LSG,Kagiso Rabada,0,1,0
2023,PBKS v LSG,Arshdeep Singh,2,2,100
2023,KKR v GT,Narayan Jagadeesan,19,15,126.66
2023,KKR v GT,Rahmanullah Gurbaz,81,39,207.69
2023,KKR v GT,Shardul Thakur,0,4,0
2023,KKR v GT,Venkatesh Iyer,11,14,78.57
2023,KKR v GT,Nitish Rana,4,3,133.33
2023,KKR v GT,Rinku Singh,19,20,95
2023,KKR v GT,Andre Russell,34,19,178.94
2023,KKR v GT,David Wiese,8,6,133.33
2023,KKR v GT,Wriddhiman Saha,10,10,100
2023,KKR v GT,Shubman Gill,49,35,140
2023,KKR v GT,Hardik Pandya,26,20,130
2023,KKR v GT,Vijay Shankar,51,24,212.5
2023,KKR v GT,David Miller,32,18,177.77
2023,DC v SRH,Abhishek Sharma,67,36,186.11
2023,DC v SRH,Mayank Agarwal,5,6,83.33
2023,DC v SRH,Rahul Tripathi,10,6,166.66
2023,DC v SRH,Aiden Markram,8,13,61.53
2023,DC v SRH,Harry Brook,0,2,0
2023,DC v SRH,Heinrich Klaasen,53,27,196.29
2023,DC v SRH,Abdul Samad,28,21,133.33
2023,DC v SRH,Akeal Hosein,16,10,160
2023,DC v SRH,David Warner,0,2,0
2023,DC v SRH,Phil Salt,59,35,168.57
2023,DC v SRH,Mitchell Marsh,63,39,161.53
2023,DC v SRH,Manish Pandey,1,3,33.33
2023,DC v SRH,Priyam Garg,12,9,133.33
2023,DC v SRH,Sarfaraz Khan,9,10,90
2023,DC v SRH,Axar Patel,29,14,207.14
2023,DC v SRH,Ripal Patel,11,8,137.5
2023,CSK v PBKS,Ruturaj Gaikwad,37,31,119.35
2023,CSK v PBKS,Devon Conway,92,52,176.92
2023,CSK v PBKS,Shivam Dube,28,17,164.7
2023,CSK v PBKS,Moeen Ali,10,6,166.66
2023,CSK v PBKS,Ravindra Jadeja,12,10,120
2023,CSK v PBKS,MS Dhoni,13,4,325
2023,CSK v PBKS,Prabhsimran Singh,42,24,175
2023,CSK v PBKS,Shikhar Dhawan,28,15,186.66
2023,CSK v PBKS,Atharva Taide,13,17,76.47
2023,CSK v PBKS,Liam Livingstone,40,24,166.66
2023,CSK v PBKS,Sam Curran,29,20,145
2023,CSK v PBKS,Jitesh Sharma,21,10,210
2023,CSK v PBKS,M Shahrukh Khan,2,3,66.66
2023,CSK v PBKS,Sikandar Raza,13,7,185.71
2023,MI v RR,Yashasvi Jaiswal,124,62,200
2023,MI v RR,Jos Buttler,18,19,94.73
2023,MI v RR,Sanju Samson,14,10,140
2023,MI v RR,Devdutt Padikkal,2,4,50
2023,MI v RR,Jason Holder,11,9,122.22
2023,MI v RR,Shimron Hetmyer,8,9,88.88
2023,MI v RR,Dhruv Jurel,2,3,66.66
2023,MI v RR,Ravichandran Ashwin,8,5,160
2023,MI v RR,Trent Boult,0,0,0
2023,MI v RR,Rohit Sharma,3,5,60
2023,MI v RR,Ishan Kishan,28,23,121.73
2023,MI v RR,Cameron Green,44,26,169.23
2023,MI v RR,Suryakumar Yadav,55,29,189.65
2023,MI v RR,Tilak Varma,29,21,138.09
2023,MI v RR,Tim David,45,14,321.42
2023,LSG v RCB,Virat Kohli,31,30,103.33
2023,LSG v RCB,Faf du Plessis,44,40,110
2023,LSG v RCB,Anuj Rawat,9,11,81.81
2023,LSG v RCB,Glenn Maxwell,4,5,80
2023,LSG v RCB,Suyash Prabhudessai,6,7,85.71
2023,LSG v RCB,Dinesh Karthik,16,11,145.45
2023,LSG v RCB,Mahipal Lomror,3,4,75
2023,LSG v RCB,Wanindu Hasaranga,8,7,114.28
2023,LSG v RCB,Karn Sharma,2,2,100
2023,LSG v RCB,Mohammed Siraj,0,1,0
2023,LSG v RCB,Josh Hazlewood,1,2,50
2023,LSG v RCB,Kyle Mayers,0,2,0
2023,LSG v RCB,Ayush Badoni,4,11,36.36
2023,LSG v RCB,Krunal Pandya,14,11,127.27
2023,LSG v RCB,Deepak Hooda,1,2,50
2023,LSG v RCB,Marcus Stoinis,13,19,68.42
2023,LSG v RCB,Nicholas Pooran,9,7,128.57
2023,LSG v RCB,Krishnappa Gowtham,23,13,176.92
2023,LSG v RCB,Ravi Bishnoi,5,10,50
2023,LSG v RCB,Amit Mishra,19,30,63.33
2023,LSG v RCB,Naveen0ul0Haq,13,13,100
2023,LSG v RCB,KL Rahul,0,3,0
2023,GT v DC,Phil Salt,0,1,0
2023,GT v DC,David Warner,2,2,100
2023,GT v DC,Priyam Garg,10,14,71.42
2023,GT v DC,Rilee Rossouw,8,6,133.33
2023,GT v DC,Manish Pandey,1,4,25
2023,GT v DC,Axar Patel,27,30,90
2023,GT v DC,Aman Hakim Khan,51,44,115.9
2023,GT v DC,Ripal Patel,23,13,176.92
2023,GT v DC,Anrich Nortje,3,6,50
2023,GT v DC,Kuldeep Yadav,0,1,0
2023,GT v DC,Wriddhiman Saha,0,6,0
2023,GT v DC,Shubman Gill,6,7,85.71
2023,GT v DC,Hardik Pandya,59,53,111.32
2023,GT v DC,Vijay Shankar,6,9,66.66
2023,GT v DC,David Miller,0,3,0
2023,GT v DC,Abhinav Manohar,26,33,78.78
2023,GT v DC,Rahul Tewatia,20,7,285.71
2023,GT v DC,Rashid Khan,3,2,150
,LSG v CSK,Manan Vohra,10,11,90.9
,LSG v CSK,Kyle Mayers,14,17,82.35
,LSG v CSK,Karan Sharma,9,16,56.25
,LSG v CSK,Krunal Pandya,0,1,0
,LSG v CSK,Marcus Stoinis,6,4,150
,LSG v CSK,Nicholas Pooran,20,31,64.51
,LSG v CSK,Ayush Badoni,59,33,178.78
,LSG v CSK,Krishnappa Gowtham,1,3,33.33
2023,PBKS v MI,Prabhsimran Singh,9,7,128.57
2023,PBKS v MI,Shikhar Dhawan,30,20,150
2023,PBKS v MI,Matthew Short,27,26,103.84
2023,PBKS v MI,Liam Livingstone,82,42,195.23
2023,PBKS v MI,Jitesh Sharma,49,27,181.48
2023,PBKS v MI,Rohit Sharma,0,3,0
2023,PBKS v MI,Ishan Kishan,75,41,182.92
2023,PBKS v MI,Cameron Green,23,18,127.77
2023,PBKS v MI,Suryakumar Yadav,66,31,212.9
2023,PBKS v MI,Tim David,19,10,190
2023,PBKS v MI,Tilak Varma,26,10,260
2023,SRH v KKR,Jason Roy,20,19,105.26
2023,SRH v KKR,Rahmanullah Gurbaz,0,1,0
2023,SRH v KKR,Venkatesh Iyer,7,4,175
2023,SRH v KKR,Nitish Rana,42,31,135.48
2023,SRH v KKR,Rinku Singh,46,35,131.42
2023,SRH v KKR,Andre Russell,24,15,160
2023,SRH v KKR,Sunil Narine,1,2,50
2023,SRH v KKR,Shardul Thakur,8,6,133.33
2023,SRH v KKR,Anukul Roy,13,7,185.71
2023,SRH v KKR,Harshit Rana,0,1,0
2023,SRH v KKR,Vaibhav Arora,2,1,200
2023,SRH v KKR,Abhishek Sharma,9,10,90
2023,SRH v KKR,Mayank Agarwal,18,11,163.63
2023,SRH v KKR,Rahul Tripathi,20,9,222.22
2023,SRH v KKR,Aiden Markram,41,40,102.5
2023,SRH v KKR,Harry Brook,0,4,0
2023,SRH v KKR,Heinrich Klaasen,36,20,180
2023,SRH v KKR,Abdul Samad,21,18,116.66
2023,SRH v KKR,Marco Jansen,1,4,25
2023,SRH v KKR,Bhuvneshwar Kumar,5,5,100
2023,SRH v KKR,Mayank Markande,1,2,50
2023,RR v GT,Yashasvi Jaiswal,14,11,127.27
2023,RR v GT,Jos Buttler,8,6,133.33
2023,RR v GT,Sanju Samson,30,20,150
2023,RR v GT,Devdutt Padikkal,12,12,100
2023,RR v GT,Ravichandran Ashwin,2,6,33.33
2023,RR v GT,Riyan Parag,4,6,66.66
2023,RR v GT,Shimron Hetmyer,7,13,53.84
2023,RR v GT,Dhruv Jurel,9,8,112.5
2023,RR v GT,Trent Boult,15,11,136.36
2023,RR v GT,Adam Zampa,7,9,77.77
2023,RR v GT,Sandeep Sharma,2,5,40
2023,RR v GT,Wriddhiman Saha,41,34,120.58
2023,RR v GT,Shubman Gill,36,35,102.85
2023,RR v GT,Hardik Pandya,39,15,260
2023,CSK v MI,Cameron Green,6,4,150
2023,CSK v MI,Ishan Kishan,7,9,77.77
2023,CSK v MI,Rohit Sharma,0,3,0
2023,CSK v MI,Nehal Wadhera,64,51,125.49
2023,CSK v MI,Suryakumar Yadav,26,22,118.18
2023,CSK v MI,Tristan Stubbs,20,21,95.23
2023,CSK v MI,Tim David,2,4,50
2023,CSK v MI,Arshad Khan,1,2,50
2023,CSK v MI,Jofra Archer,3,2,150
2023,CSK v MI,Piyush Chawla,2,2,100
2023,CSK v MI,Ruturaj Gaikwad,30,16,187.5
2023,CSK v MI,Devon Conway,44,42,104.76
2023,CSK v MI,Ajinkya Rahane,21,17,123.52
2023,CSK v MI,Ambati Rayudu,12,11,109.09
2023,CSK v MI,Shivam Dube,26,18,144.44
2023,CSK v MI,MS Dhoni,2,3,66.66
2023,DC v RCB,Virat Kohli,55,46,119.56
2023,DC v RCB,Faf du Plessis,45,32,140.62
2023,DC v RCB,Glenn Maxwell,0,1,0
2023,DC v RCB,Mahipal Lomror,54,29,186.2
2023,DC v RCB,Dinesh Karthik,11,9,122.22
2023,DC v RCB,Anuj Rawat,8,3,266.66
2023,DC v RCB,David Warner,22,14,157.14
2023,DC v RCB,Phil Salt,87,45,193.33
2023,DC v RCB,Mitchell Marsh,26,17,152.94
2023,DC v RCB,Rilee Rossouw,35,22,159.09
2023,DC v RCB,Axar Patel,8,3,266.66
2023,GT v LSG,Wriddhiman Saha,81,43,188.37
2023,GT v LSG,Shubman Gill,94,51,184.31
2023,GT v LSG,Hardik Pandya,25,15,166.66
2023,GT v LSG,David Miller,21,12,175
2023,GT v LSG,Kyle Mayers,48,32,150
2023,GT v LSG,Quinton de Kock,70,41,170.73
2023,GT v LSG,Deepak Hooda,11,11,100
2023,GT v LSG,Marcus Stoinis,4,9,44.44
2023,GT v LSG,Nicholas Pooran,3,6,50
2023,GT v LSG,Ayush Badoni,21,11,190.9
2023,GT v LSG,Swapnil Singh,2,4,50
2023,GT v LSG,Krunal Pandya,0,1,0
2023,GT v LSG,Ravi Bishnoi,4,5,80
2023,RR v SRH,Yashasvi Jaiswal,35,18,194.44
2023,RR v SRH,Jos Buttler,95,59,161.01
2023,RR v SRH,Sanju Samson,66,38,173.68
2023,RR v SRH,Shimron Hetmyer,7,5,140
2023,RR v SRH,Anmolpreet Singh,33,25,132
2023,RR v SRH,Abhishek Sharma,55,34,161.76
2023,RR v SRH,Rahul Tripathi,47,29,162.06
2023,RR v SRH,Heinrich Klaasen,26,12,216.66
2023,RR v SRH,Aiden Markram,6,5,120
2023,RR v SRH,Glenn Phillips,25,7,357.14
2023,RR v SRH,Abdul Samad,17,7,242.85
2023,RR v SRH,Marco Jansen,3,2,150
2023,KKR v PBKS,Prabhsimran Singh,12,8,150
2023,KKR v PBKS,Shikhar Dhawan,57,47,121.27
2023,KKR v PBKS,Bhanuka Rajapaksa,0,3,0
2023,KKR v PBKS,Liam Livingstone,15,9,166.66
2023,KKR v PBKS,Jitesh Sharma,21,18,116.66
2023,KKR v PBKS,Sam Curran,4,9,44.44
2023,KKR v PBKS,Rishi Dhawan,19,11,172.72
2023,KKR v PBKS,M Shahrukh Khan,21,8,262.5
2023,KKR v PBKS,Harpreet Brar,17,9,188.88
2023,KKR v PBKS,Jason Roy,38,24,158.33
2023,KKR v PBKS,Rahmanullah Gurbaz,15,12,125
2023,KKR v PBKS,Nitish Rana,51,38,134.21
2023,KKR v PBKS,Venkatesh Iyer,11,13,84.61
2023,KKR v PBKS,Andre Russell,42,23,182.6
2023,KKR v PBKS,Rinku Singh,21,10,210
2023,KKR v PBKS,Shardul Thakur,0,0,0
2023,MI v RCB,Virat Kohli,1,4,25
2023,MI v RCB,Faf du Plessis,65,41,158.53
2023,MI v RCB,Anuj Rawat,6,4,150
2023,MI v RCB,Glenn Maxwell,68,33,206.06
2023,MI v RCB,Mahipal Lomror,1,3,33.33
2023,MI v RCB,Dinesh Karthik,30,18,166.66
2023,MI v RCB,Kedar Jadhav,12,10,120
2023,MI v RCB,Wanindu Hasaranga,12,8,150
2023,MI v RCB,Ishan Kishan,42,21,200
2023,MI v RCB,Rohit Sharma,7,8,87.5
2023,MI v RCB,Suryakumar Yadav,83,35,237.14
2023,MI v RCB,Nehal Wadhera,52,34,152.94
2023,MI v RCB,Tim David,0,1,0
2023,MI v RCB,Cameron Green,2,2,100
2023,CSK v DC,Ruturaj Gaikwad,24,18,133.33
2023,CSK v DC,Devon Conway,10,13,76.92
2023,CSK v DC,Ajinkya Rahane,21,20,105
2023,CSK v DC,Moeen Ali,7,12,58.33
2023,CSK v DC,Shivam Dube,25,12,208.33
2023,CSK v DC,Ambati Rayudu,23,17,135.29
2023,CSK v DC,Ravindra Jadeja,21,16,131.25
2023,CSK v DC,MS Dhoni,20,9,222.22
2023,CSK v DC,Deepak Chahar,1,2,50
2023,CSK v DC,Tushar Deshpande,0,1,0
2023,CSK v DC,David Warner,0,2,0
2023,CSK v DC,Phil Salt,17,11,154.54
2023,CSK v DC,Mitchell Marsh,5,4,125
2023,CSK v DC,Manish Pandey,27,29,93.1
2023,CSK v DC,Rilee Rossouw,35,37,94.59
2023,CSK v DC,Ripal Patel,10,16,62.5
2023,CSK v DC,Axar Patel,21,12,175
2023,CSK v DC,Aman Hakim Khan,2,3,66.66
2023,CSK v DC,Lalit Yadav,12,5,240
2023,CSK v DC,Kuldeep Yadav,0,1,0
2023,KKR v RR,Jason Roy,10,8,125
2023,KKR v RR,Rahmanullah Gurbaz,18,12,150
2023,KKR v RR,Venkatesh Iyer,57,42,135.71
2023,KKR v RR,Nitish Rana,22,17,129.41
2023,KKR v RR,Andre Russell,10,10,100
2023,KKR v RR,Rinku Singh,16,18,88.88
2023,KKR v RR,Shardul Thakur,1,2,50
2023,KKR v RR,Anukul Roy,6,6,100
2023,KKR v RR,Sunil Narine,6,5,120
2023,KKR v RR,Yashasvi Jaiswal,98,47,208.51
2023,KKR v RR,Jos Buttler,0,3,0
2023,KKR v RR,Sanju Samson,48,29,165.51
2023,MI v GT,Ishan Kishan,31,20,155
2023,MI v GT,Rohit Sharma,29,18,161.11
2023,MI v GT,Suryakumar Yadav,103,49,210.2
2023,MI v GT,Nehal Wadhera,15,7,214.28
2023,MI v GT,Vishnu Vinod,30,20,150
2023,MI v GT,Tim David,5,3,166.66
2023,MI v GT,Cameron Green,3,3,100
2023,MI v GT,Wriddhiman Saha,2,5,40
2023,MI v GT,Shubman Gill,6,9,66.66
2023,MI v GT,Hardik Pandya,4,3,133.33
2023,MI v GT,Vijay Shankar,29,14,207.14
2023,MI v GT,David Miller,41,26,157.69
2023,MI v GT,Abhinav Manohar,2,3,66.66
2023,MI v GT,Rahul Tewatia,14,13,107.69
2023,MI v GT,Rashid Khan,79,32,246.87
2023,MI v GT,Noor Ahmad,1,3,33.33
2023,MI v GT,Alzarri Joseph,7,12,58.33
2023,SRH v LSG,Anmolpreet Singh,36,27,133.33
2023,SRH v LSG,Abhishek Sharma,7,5,140
2023,SRH v LSG,Rahul Tripathi,20,13,153.84
2023,SRH v LSG,Aiden Markram,28,20,140
2023,SRH v LSG,Heinrich Klaasen,47,29,162.06
2023,SRH v LSG,Glenn Phillips,0,1,0
2023,SRH v LSG,Abdul Samad,37,25,148
2023,SRH v LSG,Bhuvneshwar Kumar,2,1,200
2023,SRH v LSG,Kyle Mayers,2,14,14.28
2023,SRH v LSG,Quinton de Kock,29,19,152.63
2023,SRH v LSG,Prerak Mankad,64,45,142.22
2023,SRH v LSG,Marcus Stoinis,40,25,160
2023,SRH v LSG,Nicholas Pooran,44,13,338.46
2023,DC v PBKS,Prabhsimran Singh,103,65,158.46
2023,DC v PBKS,Shikhar Dhawan,7,5,140
2023,DC v PBKS,Liam Livingstone,4,5,80
2023,DC v PBKS,Jitesh Sharma,5,5,100
2023,DC v PBKS,Sam Curran,20,24,83.33
2023,DC v PBKS,Harpreet Brar,2,5,40
2023,DC v PBKS,M Shahrukh Khan,2,4,50
2023,DC v PBKS,Sikandar Raza,11,7,157.14
2023,DC v PBKS,Rishi Dhawan,0,0,0
2023,DC v PBKS,David Warner,54,27,200
2023,DC v PBKS,Phil Salt,21,17,123.52
2023,DC v PBKS,Mitchell Marsh,3,4,75
2023,DC v PBKS,Rilee Rossouw,5,5,100
2023,DC v PBKS,Axar Patel,1,2,50
2023,DC v PBKS,Manish Pandey,0,3,0
2023,DC v PBKS,Aman Hakim Khan,16,18,88.88
2023,DC v PBKS,Praveen Dubey,16,20,80
2023,DC v PBKS,Kuldeep Yadav,10,17,58.82
2023,DC v PBKS,Mukesh Kumar,6,7,85.71
2023,RR v RCB,Virat Kohli,18,19,94.73
2023,RR v RCB,Faf du Plessis,55,44,125
2023,RR v RCB,Glenn Maxwell,54,33,163.63
2023,RR v RCB,Mahipal Lomror,1,2,50
2023,RR v RCB,Dinesh Karthik,0,2,0
2023,RR v RCB,Michael Bracewell,9,9,100
2023,RR v RCB,Anuj Rawat,29,11,263.63
2023,RR v RCB,Yashasvi Jaiswal,0,2,0
2023,RR v RCB,Jos Buttler,0,2,0
2023,RR v RCB,Sanju Samson,4,5,80
2023,RR v RCB,Joe Root,10,15,66.66
2023,RR v RCB,Devdutt Padikkal,4,4,100
2023,RR v RCB,Shimron Hetmyer,35,19,184.21
2023,RR v RCB,Dhruv Jurel,1,7,14.28
2023,RR v RCB,Ravichandran Ashwin,0,0,0
2023,RR v RCB,Adam Zampa,2,6,33.33
2023,RR v RCB,Sandeep Sharma,0,1,0
2023,RR v RCB,KM Asif,0,2,0
2023,CSK v KKR,Ruturaj Gaikwad,17,13,130.76
2023,CSK v KKR,Devon Conway,30,28,107.14
2023,CSK v KKR,Ajinkya Rahane,16,11,145.45
2023,CSK v KKR,Ambati Rayudu,4,7,57.14
2023,CSK v KKR,Shivam Dube,48,34,141.17
2023,CSK v KKR,Moeen Ali,1,2,50
2023,CSK v KKR,Ravindra Jadeja,20,24,83.33
2023,CSK v KKR,MS Dhoni,2,3,66.66
2023,CSK v KKR,Jason Roy,12,15,80
2023,CSK v KKR,Rahmanullah Gurbaz,1,4,25
2023,CSK v KKR,Venkatesh Iyer,9,4,225
2023,CSK v KKR,Nitish Rana,57,44,129.54
2023,CSK v KKR,Rinku Singh,54,43,125.58
2023,CSK v KKR,Andre Russell,2,2,100
2023,GT v SRH,Wriddhiman Saha,0,3,0
2023,GT v SRH,Shubman Gill,101,58,174.13
2023,GT v SRH,Sai Sudharsan,47,36,130.55
2023,GT v SRH,Hardik Pandya,8,6,133.33
2023,GT v SRH,David Miller,7,5,140
2023,GT v SRH,Rahul Tewatia,3,3,100
2023,GT v SRH,Dasun Shanaka,9,7,128.57
2023,GT v SRH,Rashid Khan,0,1,0
2023,GT v SRH,Noor Ahmad,0,1,0
2023,GT v SRH,Mohammed Shami,0,1,0
2023,GT v SRH,Mohit Sharma,0,1,0
2023,GT v SRH,Anmolpreet Singh,5,4,125
2023,GT v SRH,Abhishek Sharma,5,5,100
2023,GT v SRH,Aiden Markram,10,10,100
2023,GT v SRH,Rahul Tripathi,1,2,50
2023,GT v SRH,Heinrich Klaasen,64,44,145.45
2023,GT v SRH,Sanvir Singh,7,6,116.66
2023,GT v SRH,Abdul Samad,4,3,133.33
2023,GT v SRH,Marco Jansen,3,6,50
2023,GT v SRH,Bhuvneshwar Kumar,27,26,103.84
2023,GT v SRH,Mayank Markande,18,9,200
2023,GT v SRH,Fazalhaq Farooqi,1,5,20
2023,LSG v MI,Deepak Hooda,5,7,71.42
2023,LSG v MI,Quinton de Kock,16,15,106.66
2023,LSG v MI,Prerak Mankad,0,1,0
2023,LSG v MI,Krunal Pandya,49,42,116.66
2023,LSG v MI,Marcus Stoinis,89,47,189.36
2023,LSG v MI,Nicholas Pooran,8,8,100
2023,LSG v MI,Ishan Kishan,59,39,151.28
2023,LSG v MI,Rohit Sharma,37,25,148
2023,LSG v MI,Suryakumar Yadav,7,9,77.77
2023,LSG v MI,Nehal Wadhera,16,20,80
2023,LSG v MI,Tim David,32,19,168.42
2023,LSG v MI,Vishnu Vinod,2,4,50
2023,LSG v MI,Cameron Green,4,6,66.66
,PBKS v DC,David Warner,46,31,148.38
,PBKS v DC,Prithvi Shaw,54,38,142.1
,PBKS v DC,Rilee Rossouw,82,37,221.62
,PBKS v DC,Phil Salt,26,14,185.71
,PBKS v DC,Prabhsimran Singh,22,19,115.78
,PBKS v DC,Shikhar Dhawan,0,1,0
,PBKS v DC,Atharva Taide,55,42,130.95
,PBKS v DC,Liam Livingstone,94,48,195.83
,PBKS v DC,Jitesh Sharma,0,3,0
,PBKS v DC,M Shahrukh Khan,6,3,200
,PBKS v DC,Sam Curran,11,5,220
,PBKS v DC,Harpreet Brar,0,1,0
,PBKS v DC,Rahul Chahar,0,0,0
2023,SRH v RCB,Abhishek Sharma,11,14,78.57
2023,SRH v RCB,Rahul Tripathi,15,12,125
2023,SRH v RCB,Aiden Markram,18,20,90
2023,SRH v RCB,Heinrich Klaasen,104,51,203.92
2023,SRH v RCB,Harry Brook,27,19,142.1
2023,SRH v RCB,Glenn Phillips,5,4,125
2023,SRH v RCB,Virat Kohli,100,63,158.73
2023,SRH v RCB,Faf du Plessis,71,47,151.06
2023,SRH v RCB,Glenn Maxwell,5,3,166.66
2023,SRH v RCB,Michael Bracewell,4,4,100
2023,PBKS v RR,Prabhsimran Singh,2,2,100
2023,PBKS v RR,Shikhar Dhawan,17,12,141.66
2023,PBKS v RR,Atharva Taide,19,12,158.33
2023,PBKS v RR,Liam Livingstone,9,13,69.23
2023,PBKS v RR,Sam Curran,49,31,158.06
2023,PBKS v RR,Jitesh Sharma,44,28,157.14
2023,PBKS v RR,M Shahrukh Khan,41,23,178.26
2023,PBKS v RR,Yashasvi Jaiswal,50,36,138.88
2023,PBKS v RR,Jos Buttler,0,4,0
2023,PBKS v RR,Devdutt Padikkal,51,30,170
2023,PBKS v RR,Sanju Samson,2,3,66.66
2023,PBKS v RR,Shimron Hetmyer,46,28,164.28
2023,PBKS v RR,Riyan Parag,20,12,166.66
2023,PBKS v RR,Dhruv Jurel,10,4,250
2023,PBKS v RR,Trent Boult,1,2,50
2023,DC v CSK,Ruturaj Gaikwad,79,50,158
2023,DC v CSK,Devon Conway,87,52,167.3
2023,DC v CSK,Shivam Dube,22,9,244.44
2023,DC v CSK,MS Dhoni,5,4,125
2023,DC v CSK,Ravindra Jadeja,20,7,285.71
2023,DC v CSK,Prithvi Shaw,5,7,71.42
2023,DC v CSK,David Warner,86,58,148.27
2023,DC v CSK,Phil Salt,3,6,50
2023,DC v CSK,Rilee Rossouw,0,1,0
2023,DC v CSK,Yash Dhull,13,15,86.66
2023,DC v CSK,Axar Patel,15,8,187.5
2023,DC v CSK,Aman Hakim Khan,7,9,77.77
2023,DC v CSK,Lalit Yadav,6,12,50
2023,DC v CSK,Anrich Nortje,0,1,0
2023,DC v CSK,Kuldeep Yadav,0,1,0
2023,DC v CSK,Chetan Sakariya,0,2,0
2023,KKR v LSG,Karan Sharma,3,5,60
2023,KKR v LSG,Quinton de Kock,28,27,103.7
2023,KKR v LSG,Prerak Mankad,26,20,130
2023,KKR v LSG,Marcus Stoinis,0,2,0
2023,KKR v LSG,Krunal Pandya,9,8,112.5
2023,KKR v LSG,Ayush Badoni,25,21,119.04
2023,KKR v LSG,Nicholas Pooran,58,30,193.33
2023,KKR v LSG,Krishnappa Gowtham,11,4,275
2023,KKR v LSG,Ravi Bishnoi,2,2,100
2023,KKR v LSG,Naveen0ul0Haq,2,3,66.66
2023,KKR v LSG,Jason Roy,45,28,160.71
2023,KKR v LSG,Venkatesh Iyer,24,15,160
2023,KKR v LSG,Nitish Rana,8,10,80
2023,KKR v LSG,Rahmanullah Gurbaz,10,15,66.66
2023,KKR v LSG,Rinku Singh,67,33,203.03
2023,KKR v LSG,Andre Russell,7,9,77.77
2023,KKR v LSG,Shardul Thakur,3,7,42.85
2023,KKR v LSG,Sunil Narine,1,2,50
2023,KKR v LSG,Vaibhav Arora,1,1,100
2023,MI v SRH,Vivrant Sharma,69,47,146.8
2023,MI v SRH,Mayank Agarwal,83,46,180.43
2023,MI v SRH,Heinrich Klaasen,18,13,138.46
2023,MI v SRH,Glenn Phillips,1,4,25
2023,MI v SRH,Aiden Markram,13,7,185.71
2023,MI v SRH,Harry Brook,0,1,0
2023,MI v SRH,Sanvir Singh,4,3,133.33
2023,MI v SRH,Ishan Kishan,14,12,116.66
2023,MI v SRH,Rohit Sharma,56,37,151.35
2023,MI v SRH,Cameron Green,100,47,212.76
2023,MI v SRH,Suryakumar Yadav,25,16,156.25
2023,RCB v GT,Virat Kohli,101,61,165.57
2023,RCB v GT,Faf du Plessis,28,19,147.36
2023,RCB v GT,Glenn Maxwell,11,5,220
2023,RCB v GT,Mahipal Lomror,1,3,33.33
2023,RCB v GT,Michael Bracewell,26,16,162.5
2023,RCB v GT,Dinesh Karthik,0,1,0
2023,RCB v GT,Anuj Rawat,23,15,153.33
2023,RCB v GT,Wriddhiman Saha,12,14,85.71
2023,RCB v GT,Shubman Gill,104,52,200
2023,RCB v GT,Vijay Shankar,53,35,151.42
2023,RCB v GT,Dasun Shanaka,0,3,0
2023,RCB v GT,David Miller,6,7,85.71
2023,RCB v GT,Rahul Tewatia,4,5,80
2023,CSK v GT,Ruturaj Gaikwad,60,44,136.36
2023,CSK v GT,Devon Conway,40,34,117.64
2023,CSK v GT,Shivam Dube,1,3,33.33
2023,CSK v GT,Ajinkya Rahane,17,10,170
2023,CSK v GT,Ambati Rayudu,17,9,188.88
2023,CSK v GT,Ravindra Jadeja,22,16,137.5
2023,CSK v GT,MS Dhoni,1,2,50
2023,CSK v GT,Moeen Ali,9,4,225
2023,CSK v GT,Wriddhiman Saha,12,11,109.09
2023,CSK v GT,Shubman Gill,42,38,110.52
2023,CSK v GT,Hardik Pandya,8,7,114.28
2023,CSK v GT,Dasun Shanaka,17,16,106.25
2023,CSK v GT,David Miller,4,6,66.66
2023,CSK v GT,Vijay Shankar,14,10,140
2023,CSK v GT,Rahul Tewatia,3,5,60
2023,CSK v GT,Rashid Khan,30,16,187.5
2023,CSK v GT,Darshan Nalkande,0,1,0
2023,CSK v GT,Noor Ahmad,7,5,140
2023,CSK v GT,Mohammed Shami,5,5,100
2023,LSG v MI,Ishan Kishan,15,12,125
2023,LSG v MI,Rohit Sharma,11,10,110
2023,LSG v MI,Cameron Green,41,23,178.26
2023,LSG v MI,Suryakumar Yadav,33,20,165
2023,LSG v MI,Tilak Varma,26,22,118.18
2023,LSG v MI,Tim David,13,13,100
2023,LSG v MI,Nehal Wadhera,23,12,191.66
2023,LSG v MI,Chris Jordan,4,7,57.14
2023,LSG v MI,Hrithik Shokeen,0,1,0
2023,LSG v MI,Kyle Mayers,18,13,138.46
2023,LSG v MI,Prerak Mankad,3,6,50
2023,LSG v MI,Krunal Pandya,8,11,72.72
2023,LSG v MI,Marcus Stoinis,40,27,148.14
2023,LSG v MI,Ayush Badoni,1,7,14.28
2023,LSG v MI,Nicholas Pooran,0,1,0
2023,LSG v MI,Deepak Hooda,15,13,115.38
2023,LSG v MI,Krishnappa Gowtham,2,3,66.66
2023,LSG v MI,Ravi Bishnoi,3,6,50
2023,LSG v MI,Naveen0ul0Haq,1,5,20
2023,LSG v MI,Mohsin Khan,0,7,0
2023,GT v MI,Wriddhiman Saha,18,16,112.5
2023,GT v MI,Shubman Gill,129,60,215
2023,GT v MI,Sai Sudharsan,43,31,138.7
2023,GT v MI,Hardik Pandya,28,13,215.38
2023,GT v MI,Rashid Khan,5,2,250
2023,GT v MI,Rohit Sharma,8,7,114.28
2023,GT v MI,Nehal Wadhera,4,3,133.33
2023,GT v MI,Cameron Green,30,20,150
2023,GT v MI,Suryakumar Yadav,61,38,160.52
2023,GT v MI,Tilak Varma,43,14,307.14
2023,GT v MI,Vishnu Vinod,5,7,71.42
2023,GT v MI,Tim David,2,3,66.66
2023,GT v MI,Chris Jordan,2,5,40
2023,GT v MI,Piyush Chawla,0,2,0
2023,GT v MI,Kumar Kartikeya,6,7,85.71
2023,GT v MI,Jason Behrendorff,3,5,60
2023,GT v CSK,Wriddhiman Saha,54,39,138.46
2023,GT v CSK,Shubman Gill,39,20,195
2023,GT v CSK,Sai Sudharsan,96,47,204.25
2023,GT v CSK,Hardik Pandya,21,12,175
2023,GT v CSK,Rashid Khan,0,2,0
2023,GT v CSK,Ruturaj Gaikwad,26,16,162.5
2023,GT v CSK,Devon Conway,47,25,188
2023,GT v CSK,Shivam Dube,32,21,152.38
2023,GT v CSK,Ajinkya Rahane,27,13,207.69
2023,GT v CSK,Ambati Rayudu,19,8,237.5
2023,GT v CSK,MS Dhoni,0,1,0
2023,GT v CSK,Ravindra Jadeja,15,6,250
